id,word,type,grammar,parent,meaning,note,factors,factor_meaning,status,confidence,strlen,source,language
1,amha,.pron:base.,,,我,,,,1,100,4,irregular,zh-hans
2,arahant,.n:base.,,arahati,阿拉漢,,,,1,100,7,irregular,zh-hans
3,ta,.pron:base.,,,其,,,,1,100,2,irregular,zh-hans
4,ya,.pron:base.,,,凡…者$任何$任何人$任何事,,,,1,100,2,irregular,zh-hans
5,amha,.pron:base.,,,I,,,,1,100,4,irregular,cm
6,arahant,.n:base.,,arahati,arahant,,,,1,100,7,irregular,cm
7,ta,.pron:base.,,,that,,,,1,100,2,irregular,cm
8,ya,.pron:base.,,,which$who$that,,,,1,100,2,irregular,cm
9,ahaṃ,.pron.,.1p.$.sg.$.nom.,amha,,,,,1,100,4,irregular,cm
10,amhākaṃ,.pron.,.1p.$.pl.$.acc.,amha,,,,,1,100,7,irregular,cm
11,amhākaṃ,.pron.,.1p.$.pl.$.dat.,amha,,,,,1,100,7,irregular,cm
12,amhākaṃ,.pron.,.1p.$.pl.$.gen.,amha,,,,,1,100,7,irregular,cm
13,amhaṃ,.pron.,.1p.$.pl.$.dat.,amha,,,,,1,100,5,irregular,cm
14,amhaṃ,.pron.,.1p.$.pl.$.gen.,amha,,,,,1,100,5,irregular,cm
15,amhe,.pron.,.1p.$.pl.$.acc.,amha,,,,,1,100,4,irregular,cm
16,amhe,.pron.,.1p.$.pl.$.nom.,amha,,,,,1,100,4,irregular,cm
17,amhebhi,.pron.,.1p.$.pl.$.abl.,amha,,,,,1,100,7,irregular,cm
18,amhebhi,.pron.,.1p.$.pl.$.inst.,amha,,,,,1,100,7,irregular,cm
19,amhehi,.pron.,.1p.$.pl.$.abl.,amha,,,,,1,100,6,irregular,cm
20,amhehi,.pron.,.1p.$.pl.$.inst.,amha,,,,,1,100,6,irregular,cm
21,amhesu,.pron.,.1p.$.pl.$.loc.,amha,,,,,1,100,6,irregular,cm
22,asmākaṃ,.pron.,.1p.$.pl.$.dat.,amha,,,,,1,100,7,irregular,cm
23,asmākaṃ,.pron.,.1p.$.pl.$.gen.,amha,,,,,1,100,7,irregular,cm
24,asmāsu,.pron.,.1p.$.pl.$.loc.,amha,,,,,1,100,6,irregular,cm
25,asme,.pron.,.1p.$.pl.$.acc.,amha,,,,,1,100,4,irregular,cm
26,maṃ,.pron.,.1p.$.sg.$.acc.,amha,,,,,1,100,3,irregular,cm
27,mama,.pron.,.1p.$.sg.$.dat.,amha,,,,,1,100,4,irregular,cm
28,mama,.pron.,.1p.$.sg.$.gen.,amha,,,,,1,100,4,irregular,cm
29,mamaṃ,.pron.,.1p.$.sg.$.acc.,amha,,,,,1,100,5,irregular,cm
30,mamaṃ,.pron.,.1p.$.sg.$.dat.,amha,,,,,1,100,5,irregular,cm
31,mamaṃ,.pron.,.1p.$.sg.$.gen.,amha,,,,,1,100,5,irregular,cm
32,mayā,.pron.,.1p.$.sg.$.abl.,amha,,,,,1,100,4,irregular,cm
33,mayā,.pron.,.1p.$.sg.$.inst.,amha,,,,,1,100,4,irregular,cm
34,mayaṃ,.pron.,.1p.$.pl.$.nom.,amha,,,,,1,100,5,irregular,cm
35,mayhaṃ,.pron.,.1p.$.sg.$.dat.,amha,,,,,1,100,6,irregular,cm
36,mayhaṃ,.pron.,.1p.$.sg.$.gen.,amha,,,,,1,100,6,irregular,cm
37,mayi,.pron.,.1p.$.sg.$.loc.,amha,,,,,1,100,4,irregular,cm
38,me,.pron.,.1p.$.sg.$.dat.,amha,,,,,1,100,2,irregular,cm
39,me,.pron.,.1p.$.sg.$.gen.,amha,,,,,1,100,2,irregular,cm
40,me,.pron.,.1p.$.sg.$.inst.,amha,,,,,1,100,2,irregular,cm
41,arahā,.n.,.m.$.sg.$.nom.,arahant,,,,,1,100,5,irregular,cm
42,arahaṃ,.n.,.m.$.sg.$.nom.,arahant,,,,,1,100,6,irregular,cm
43,arahantaṃ,.n.,.m.$.sg.$.acc.,arahant,,,,,1,100,9,irregular,cm
44,arahantamhi,.n.,.m.$.sg.$.loc.,arahant,,,,,1,100,11,irregular,cm
45,arahantānaṃ.,.n.,.m.$.pl.$.gen.,arahant,,,,,1,100,12,irregular,cm
46,arahantī,.n.,.f.$.sg.$.nom.,arahant,婀拉嫨,,arahanta+[ī],,1,100,8,irregular,zh-hans
47,arahanto,.n.,.m.$.pl.$.nom.,arahant,,,,,1,100,8,irregular,cm
48,arahatā,.n.,.m.$.sg.$.inst.,arahant,,,,,1,100,7,irregular,cm
49,arahatā,.n.,.m.$.sg.$.abl.,arahant,,,,,1,100,7,irregular,cm
50,arahataṃ,.n.,.m.$.pl.$.gen.,arahant,,,,,1,100,8,irregular,cm
51,arahati,.n.,.m.$.sg.$.loc.,arahant,,,,,1,100,7,irregular,cm
52,arahati,.n.,.f.$.sg.$.nom.,arahant,婀拉嫨,,arahanta+[i],,1,100,7,irregular,zh-hans
53,arahato,.n.,.m.$.sg.$.dat.,arahant,,,,,1,100,7,irregular,cm
54,arahato,.n.,.m.$.sg.$.gen.,arahant,,,,,1,100,7,irregular,cm
55,asu,.pron:base.,,,某某$那样,,,,1,100,3,Kosalla_China,zh-hans
56,asu,.pron:base.,,,such and such,,,,1,100,3,Kosalla_China,cm
57,amu,.pron:base.,,,某某$那样,,,,1,100,3,Kosalla_China,zh-hans
58,amu,.pron:base.,,,such and such,,,,1,100,3,Kosalla_China,cm
59,aduṃ,.pron.,.nt.$.sg.$.acc.,asu,,,,,1,100,4,irregular,cm
60,aduṃ,.pron.,.nt.$.sg.$.nom.,asu,,,,,1,100,4,irregular,cm
61,adussa,.pron.,.m.$.sg.$.dat.,asu,,,,,1,100,6,irregular,cm
62,adussa,.pron.,.nt.$.sg.$.dat.,asu,,,,,1,100,6,irregular,cm
63,adussa,.pron.,.m.$.sg.$.gen.,asu,,,,,1,100,6,irregular,cm
64,adussa,.pron.,.nt.$.sg.$.gen.,asu,,,,,1,100,6,irregular,cm
65,amu,.pron.,.m.$.sg.$.nom.,asu,,,,,1,100,3,irregular,cm
66,amū,.pron.,.f.$.pl.$.acc.,asu,,,,,1,100,3,irregular,cm
67,amū,.pron.,.m.$.pl.$.acc.,asu,,,,,1,100,3,irregular,cm
68,amū,.pron.,.nt.$.pl.$.acc.,asu,,,,,1,100,3,irregular,cm
69,amū,.pron.,.f.$.pl.$.nom.,asu,,,,,1,100,3,irregular,cm
70,amū,.pron.,.m.$.pl.$.nom.,asu,,,,,1,100,3,irregular,cm
71,amū,.pron.,.nt.$.pl.$.nom.,asu,,,,,1,100,3,irregular,cm
72,amūbhi,.pron.,.f.$.pl.$.abl.,asu,,,,,1,100,6,irregular,cm
73,amūbhi,.pron.,.m.$.pl.$.abl.,asu,,,,,1,100,6,irregular,cm
74,amūbhi,.pron.,.nt.$.pl.$.abl.,asu,,,,,1,100,6,irregular,cm
75,amūbhi,.pron.,.f.$.pl.$.inst.,asu,,,,,1,100,6,irregular,cm
76,amūbhi,.pron.,.m.$.pl.$.inst.,asu,,,,,1,100,6,irregular,cm
77,amūbhi,.pron.,.nt.$.pl.$.inst.,asu,,,,,1,100,6,irregular,cm
78,amūhi,.pron.,.f.$.pl.$.abl.,asu,,,,,1,100,5,irregular,cm
79,amūhi,.pron.,.m.$.pl.$.abl.,asu,,,,,1,100,5,irregular,cm
80,amūhi,.pron.,.nt.$.pl.$.abl.,asu,,,,,1,100,5,irregular,cm
81,amūhi,.pron.,.f.$.pl.$.inst.,asu,,,,,1,100,5,irregular,cm
82,amūhi,.pron.,.m.$.pl.$.inst.,asu,,,,,1,100,5,irregular,cm
83,amūhi,.pron.,.nt.$.pl.$.inst.,asu,,,,,1,100,5,irregular,cm
84,amuṃ,.pron.,.f.$.sg.$.acc.,asu,,,,,1,100,4,irregular,cm
85,amuṃ,.pron.,.m.$.sg.$.acc.,asu,,,,,1,100,4,irregular,cm
86,amuṃ,.pron.,.nt.$.sg.$.acc.,asu,,,,,1,100,4,irregular,cm
87,amumhā,.pron.,.m.$.sg.$.abl.,asu,,,,,1,100,6,irregular,cm
88,amumhā,.pron.,.nt.$.sg.$.abl.,asu,,,,,1,100,6,irregular,cm
89,amumhi,.pron.,.m.$.sg.$.loc.,asu,,,,,1,100,6,irregular,cm
90,amumhi,.pron.,.nt.$.sg.$.loc.,asu,,,,,1,100,6,irregular,cm
91,amunā,.pron.,.m.$.sg.$.inst.,asu,,,,,1,100,5,irregular,cm
92,amunā,.pron.,.nt.$.sg.$.inst.,asu,,,,,1,100,5,irregular,cm
93,amūni,.pron.,.nt.$.pl.$.acc.,asu,,,,,1,100,5,irregular,cm
94,amūni,.pron.,.nt.$.pl.$.nom.,asu,,,,,1,100,5,irregular,cm
95,amūsaṃ,.pron.,.f.$.pl.$.dat.,asu,,,,,1,100,6,irregular,cm
96,amūsaṃ,.pron.,.m.$.pl.$.dat.,asu,,,,,1,100,6,irregular,cm
97,amūsaṃ,.pron.,.nt.$.pl.$.dat.,asu,,,,,1,100,6,irregular,cm
98,amūsaṃ,.pron.,.f.$.pl.$.gen.,asu,,,,,1,100,6,irregular,cm
99,amūsaṃ,.pron.,.m.$.pl.$.gen.,asu,,,,,1,100,6,irregular,cm
100,amūsaṃ,.pron.,.nt.$.pl.$.gen.,asu,,,,,1,100,6,irregular,cm
101,amūsānaṃ,.pron.,.f.$.pl.$.dat.,asu,,,,,1,100,8,irregular,cm
102,amūsānaṃ,.pron.,.m.$.pl.$.dat.,asu,,,,,1,100,8,irregular,cm
103,amūsānaṃ,.pron.,.nt.$.pl.$.dat.,asu,,,,,1,100,8,irregular,cm
104,amūsānaṃ,.pron.,.f.$.pl.$.gen.,asu,,,,,1,100,8,irregular,cm
105,amūsānaṃ,.pron.,.m.$.pl.$.gen.,asu,,,,,1,100,8,irregular,cm
106,amūsānaṃ,.pron.,.nt.$.pl.$.gen.,asu,,,,,1,100,8,irregular,cm
107,amusmā,.pron.,.m.$.sg.$.abl.,asu,,,,,1,100,6,irregular,cm
108,amusmā,.pron.,.nt.$.sg.$.abl.,asu,,,,,1,100,6,irregular,cm
109,amusmiṃ,.pron.,.m.$.sg.$.loc.,asu,,,,,1,100,7,irregular,cm
110,amusmiṃ,.pron.,.nt.$.sg.$.loc.,asu,,,,,1,100,7,irregular,cm
111,amussa,.pron.,.m.$.sg.$.dat.,asu,,,,,1,100,6,irregular,cm
112,amussa,.pron.,.nt.$.sg.$.dat.,asu,,,,,1,100,6,irregular,cm
113,amussa,.pron.,.m.$.sg.$.gen.,asu,,,,,1,100,6,irregular,cm
114,amussa,.pron.,.nt.$.sg.$.gen.,asu,,,,,1,100,6,irregular,cm
115,amussā,.pron.,.f.$.sg.$.dat.,asu,,,,,1,100,6,irregular,cm
116,amussā,.pron.,.f.$.sg.$.gen.,asu,,,,,1,100,6,irregular,cm
117,amussaṃ,.pron.,.f.$.sg.$.loc.,asu,,,,,1,100,7,irregular,cm
118,amūsu,.pron.,.f.$.pl.$.loc.,asu,,,,,1,100,5,irregular,cm
119,amūsu,.pron.,.m.$.pl.$.loc.,asu,,,,,1,100,5,irregular,cm
120,amūsu,.pron.,.nt.$.pl.$.loc.,asu,,,,,1,100,5,irregular,cm
121,amuyā,.pron.,.f.$.sg.$.abl.,asu,,,,,1,100,5,irregular,cm
122,amuyā,.pron.,.f.$.sg.$.dat.,asu,,,,,1,100,5,irregular,cm
123,amuyā,.pron.,.f.$.sg.$.gen.,asu,,,,,1,100,5,irregular,cm
124,amuyā,.pron.,.f.$.sg.$.inst.,asu,,,,,1,100,5,irregular,cm
125,amuyaṃ,.pron.,.f.$.sg.$.loc.,asu,,,,,1,100,6,irregular,cm
126,amuyo,.pron.,.f.$.pl.$.acc.,asu,,,,,1,100,5,irregular,cm
127,amuyo,.pron.,.m.$.pl.$.acc.,asu,,,,,1,100,5,irregular,cm
128,amuyo,.pron.,.f.$.pl.$.nom.,asu,,,,,1,100,5,irregular,cm
129,amuyo,.pron.,.m.$.pl.$.nom.,asu,,,,,1,100,5,irregular,cm
130,asu,.pron.,.f.$.sg.$.nom.,asu,,,,,1,100,3,irregular,cm
131,asu,.pron.,.m.$.sg.$.nom.,asu,,,,,1,100,3,irregular,cm
132,aduṃ,.pron.,.nt.$.sg.$.acc.,amu,,,,,1,100,4,irregular,cm
133,aduṃ,.pron.,.nt.$.sg.$.nom.,amu,,,,,1,100,4,irregular,cm
134,adussa,.pron.,.m.$.sg.$.dat.,amu,,,,,1,100,6,irregular,cm
135,adussa,.pron.,.nt.$.sg.$.dat.,amu,,,,,1,100,6,irregular,cm
136,adussa,.pron.,.m.$.sg.$.gen.,amu,,,,,1,100,6,irregular,cm
137,adussa,.pron.,.nt.$.sg.$.gen.,amu,,,,,1,100,6,irregular,cm
138,amu,.pron.,.m.$.sg.$.nom.,amu,,,,,1,100,3,irregular,cm
139,amū,.pron.,.f.$.pl.$.acc.,amu,,,,,1,100,3,irregular,cm
140,amū,.pron.,.m.$.pl.$.acc.,amu,,,,,1,100,3,irregular,cm
141,amū,.pron.,.nt.$.pl.$.acc.,amu,,,,,1,100,3,irregular,cm
142,amū,.pron.,.f.$.pl.$.nom.,amu,,,,,1,100,3,irregular,cm
143,amū,.pron.,.m.$.pl.$.nom.,amu,,,,,1,100,3,irregular,cm
144,amū,.pron.,.nt.$.pl.$.nom.,amu,,,,,1,100,3,irregular,cm
145,amūbhi,.pron.,.f.$.pl.$.abl.,amu,,,,,1,100,6,irregular,cm
146,amūbhi,.pron.,.m.$.pl.$.abl.,amu,,,,,1,100,6,irregular,cm
147,amūbhi,.pron.,.nt.$.pl.$.abl.,amu,,,,,1,100,6,irregular,cm
148,amūbhi,.pron.,.f.$.pl.$.inst.,amu,,,,,1,100,6,irregular,cm
149,amūbhi,.pron.,.m.$.pl.$.inst.,amu,,,,,1,100,6,irregular,cm
150,amūbhi,.pron.,.nt.$.pl.$.inst.,amu,,,,,1,100,6,irregular,cm
151,amūhi,.pron.,.f.$.pl.$.abl.,amu,,,,,1,100,5,irregular,cm
152,amūhi,.pron.,.m.$.pl.$.abl.,amu,,,,,1,100,5,irregular,cm
153,amūhi,.pron.,.nt.$.pl.$.abl.,amu,,,,,1,100,5,irregular,cm
154,amūhi,.pron.,.f.$.pl.$.inst.,amu,,,,,1,100,5,irregular,cm
155,amūhi,.pron.,.m.$.pl.$.inst.,amu,,,,,1,100,5,irregular,cm
156,amūhi,.pron.,.nt.$.pl.$.inst.,amu,,,,,1,100,5,irregular,cm
157,amuṃ,.pron.,.f.$.sg.$.acc.,amu,,,,,1,100,4,irregular,cm
158,amuṃ,.pron.,.m.$.sg.$.acc.,amu,,,,,1,100,4,irregular,cm
159,amuṃ,.pron.,.nt.$.sg.$.acc.,amu,,,,,1,100,4,irregular,cm
160,amumhā,.pron.,.m.$.sg.$.abl.,amu,,,,,1,100,6,irregular,cm
161,amumhā,.pron.,.nt.$.sg.$.abl.,amu,,,,,1,100,6,irregular,cm
162,amumhi,.pron.,.m.$.sg.$.loc.,amu,,,,,1,100,6,irregular,cm
163,amumhi,.pron.,.nt.$.sg.$.loc.,amu,,,,,1,100,6,irregular,cm
164,amunā,.pron.,.m.$.sg.$.inst.,amu,,,,,1,100,5,irregular,cm
165,amunā,.pron.,.nt.$.sg.$.inst.,amu,,,,,1,100,5,irregular,cm
166,amūni,.pron.,.nt.$.pl.$.acc.,amu,,,,,1,100,5,irregular,cm
167,amūni,.pron.,.nt.$.pl.$.nom.,amu,,,,,1,100,5,irregular,cm
168,amūsaṃ,.pron.,.f.$.pl.$.dat.,amu,,,,,1,100,6,irregular,cm
169,amūsaṃ,.pron.,.m.$.pl.$.dat.,amu,,,,,1,100,6,irregular,cm
170,amūsaṃ,.pron.,.nt.$.pl.$.dat.,amu,,,,,1,100,6,irregular,cm
171,amūsaṃ,.pron.,.f.$.pl.$.gen.,amu,,,,,1,100,6,irregular,cm
172,amūsaṃ,.pron.,.m.$.pl.$.gen.,amu,,,,,1,100,6,irregular,cm
173,amūsaṃ,.pron.,.nt.$.pl.$.gen.,amu,,,,,1,100,6,irregular,cm
174,amūsānaṃ,.pron.,.f.$.pl.$.dat.,amu,,,,,1,100,8,irregular,cm
175,amūsānaṃ,.pron.,.m.$.pl.$.dat.,amu,,,,,1,100,8,irregular,cm
176,amūsānaṃ,.pron.,.nt.$.pl.$.dat.,amu,,,,,1,100,8,irregular,cm
177,amūsānaṃ,.pron.,.f.$.pl.$.gen.,amu,,,,,1,100,8,irregular,cm
178,amūsānaṃ,.pron.,.m.$.pl.$.gen.,amu,,,,,1,100,8,irregular,cm
179,amūsānaṃ,.pron.,.nt.$.pl.$.gen.,amu,,,,,1,100,8,irregular,cm
180,amusmā,.pron.,.m.$.sg.$.abl.,amu,,,,,1,100,6,irregular,cm
181,amusmā,.pron.,.nt.$.sg.$.abl.,amu,,,,,1,100,6,irregular,cm
182,amusmiṃ,.pron.,.m.$.sg.$.loc.,amu,,,,,1,100,7,irregular,cm
183,amusmiṃ,.pron.,.nt.$.sg.$.loc.,amu,,,,,1,100,7,irregular,cm
184,amussa,.pron.,.m.$.sg.$.dat.,amu,,,,,1,100,6,irregular,cm
185,amussa,.pron.,.nt.$.sg.$.dat.,amu,,,,,1,100,6,irregular,cm
186,amussa,.pron.,.m.$.sg.$.gen.,amu,,,,,1,100,6,irregular,cm
187,amussa,.pron.,.nt.$.sg.$.gen.,amu,,,,,1,100,6,irregular,cm
188,amussā,.pron.,.f.$.sg.$.dat.,amu,,,,,1,100,6,irregular,cm
189,amussā,.pron.,.f.$.sg.$.gen.,amu,,,,,1,100,6,irregular,cm
190,amussaṃ,.pron.,.f.$.sg.$.loc.,amu,,,,,1,100,7,irregular,cm
191,amūsu,.pron.,.f.$.pl.$.loc.,amu,,,,,1,100,5,irregular,cm
192,amūsu,.pron.,.m.$.pl.$.loc.,amu,,,,,1,100,5,irregular,cm
193,amūsu,.pron.,.nt.$.pl.$.loc.,amu,,,,,1,100,5,irregular,cm
194,amuyā,.pron.,.f.$.sg.$.abl.,amu,,,,,1,100,5,irregular,cm
195,amuyā,.pron.,.f.$.sg.$.dat.,amu,,,,,1,100,5,irregular,cm
196,amuyā,.pron.,.f.$.sg.$.gen.,amu,,,,,1,100,5,irregular,cm
197,amuyā,.pron.,.f.$.sg.$.inst.,amu,,,,,1,100,5,irregular,cm
198,amuyaṃ,.pron.,.f.$.sg.$.loc.,amu,,,,,1,100,6,irregular,cm
199,amuyo,.pron.,.f.$.pl.$.acc.,amu,,,,,1,100,5,irregular,cm
200,amuyo,.pron.,.m.$.pl.$.acc.,amu,,,,,1,100,5,irregular,cm
201,amuyo,.pron.,.f.$.pl.$.nom.,amu,,,,,1,100,5,irregular,cm
202,amuyo,.pron.,.m.$.pl.$.nom.,amu,,,,,1,100,5,irregular,cm
203,asu,.pron.,.f.$.sg.$.nom.,amu,,,,,1,100,3,irregular,cm
204,asu,.pron.,.m.$.sg.$.nom.,amu,,,,,1,100,3,irregular,cm
205,ima,.pron:base.,,,此$这,,,,1,100,3,Kosalla_China,zh-hans
206,ima,.pron:base.,,,this,,,,1,100,3,Kosalla_China,cm
207,aminā,.pron.,.nt.$.sg.$.inst.,ima,,,,,1,100,5,irregular,cm
208,anena,.pron.,.m.$.sg.$.inst.,ima,,,,,1,100,5,irregular,cm
209,anena,.pron.,.nt.$.sg.$.inst.,ima,,,,,1,100,5,irregular,cm
210,āsaṃ,.pron.,.f.$.pl.$.dat.,ima,,,,,1,100,4,irregular,cm
211,āsaṃ,.pron.,.f.$.pl.$.gen.,ima,,,,,1,100,4,irregular,cm
212,asmā,.pron.,.m.$.sg.$.abl.,ima,,,,,1,100,4,irregular,cm
213,asmā,.pron.,.nt.$.sg.$.abl.,ima,,,,,1,100,4,irregular,cm
214,asmiṃ,.pron.,.m.$.sg.$.loc.,ima,,,,,1,100,5,irregular,cm
215,asmiṃ,.pron.,.nt.$.sg.$.loc.,ima,,,,,1,100,5,irregular,cm
216,assa,.pron.,.m.$.sg.$.dat.,ima,,,,,1,100,4,irregular,cm
217,assa,.pron.,.nt.$.sg.$.dat.,ima,,,,,1,100,4,irregular,cm
218,assa,.pron.,.m.$.sg.$.gen.,ima,,,,,1,100,4,irregular,cm
219,assa,.pron.,.nt.$.sg.$.gen.,ima,,,,,1,100,4,irregular,cm
220,assā,.pron.,.f.$.sg.$.dat.,ima,,,,,1,100,4,irregular,cm
221,assā,.pron.,.f.$.sg.$.gen.,ima,,,,,1,100,4,irregular,cm
222,assaṃ,.pron.,.f.$.sg.$.loc.,ima,,,,,1,100,5,irregular,cm
223,assāya,.pron.,.f.$.sg.$.dat.,ima,,,,,1,100,6,irregular,cm
224,assāya,.pron.,.f.$.sg.$.gen.,ima,,,,,1,100,6,irregular,cm
225,ayaṃ,.pron.,.f.$.sg.$.nom.,ima,,,,,1,100,4,irregular,cm
226,ayaṃ,.pron.,.m.$.sg.$.nom.,ima,,,,,1,100,4,irregular,cm
227,ebhi,.pron.,.m.$.pl.$.abl.,ima,,,,,1,100,4,irregular,cm
228,ebhi,.pron.,.nt.$.pl.$.abl.,ima,,,,,1,100,4,irregular,cm
229,ebhi,.pron.,.m.$.pl.$.inst.,ima,,,,,1,100,4,irregular,cm
230,ebhi,.pron.,.nt.$.pl.$.inst.,ima,,,,,1,100,4,irregular,cm
231,ehi,.pron.,.m.$.pl.$.abl.,ima,,,,,1,100,3,irregular,cm
232,ehi,.pron.,.nt.$.pl.$.abl.,ima,,,,,1,100,3,irregular,cm
233,ehi,.pron.,.m.$.pl.$.inst.,ima,,,,,1,100,3,irregular,cm
234,ehi,.pron.,.nt.$.pl.$.inst.,ima,,,,,1,100,3,irregular,cm
235,esaṃ,.pron.,.m.$.pl.$.dat.,ima,,,,,1,100,4,irregular,cm
236,esaṃ,.pron.,.nt.$.pl.$.dat.,ima,,,,,1,100,4,irregular,cm
237,esaṃ,.pron.,.m.$.pl.$.gen.,ima,,,,,1,100,4,irregular,cm
238,esaṃ,.pron.,.nt.$.pl.$.gen.,ima,,,,,1,100,4,irregular,cm
239,esānaṃ,.pron.,.m.$.pl.$.dat.,ima,,,,,1,100,6,irregular,cm
240,esānaṃ,.pron.,.nt.$.pl.$.dat.,ima,,,,,1,100,6,irregular,cm
241,esānaṃ,.pron.,.m.$.pl.$.gen.,ima,,,,,1,100,6,irregular,cm
242,esānaṃ,.pron.,.nt.$.pl.$.gen.,ima,,,,,1,100,6,irregular,cm
243,esu,.pron.,.m.$.pl.$.loc.,ima,,,,,1,100,3,irregular,cm
244,esu,.pron.,.nt.$.pl.$.loc.,ima,,,,,1,100,3,irregular,cm
245,idaṃ,.pron.,.nt.$.sg.$.acc.,ima,,,,,1,100,4,irregular,cm
246,idaṃ,.pron.,.nt.$.sg.$.nom.,ima,,,,,1,100,4,irregular,cm
247,imā,.pron.,.f.$.pl.$.acc.,ima,,,,,1,100,3,irregular,cm
248,imā,.pron.,.f.$.pl.$.nom.,ima,,,,,1,100,3,irregular,cm
249,imābhi,.pron.,.f.$.pl.$.abl.,ima,,,,,1,100,6,irregular,cm
250,imābhi,.pron.,.f.$.pl.$.inst.,ima,,,,,1,100,6,irregular,cm
251,imāhi,.pron.,.f.$.pl.$.abl.,ima,,,,,1,100,5,irregular,cm
252,imāhi,.pron.,.f.$.pl.$.inst.,ima,,,,,1,100,5,irregular,cm
253,imaṃ,.pron.,.f.$.sg.$.acc.,ima,,,,,1,100,4,irregular,cm
254,imaṃ,.pron.,.m.$.sg.$.acc.,ima,,,,,1,100,4,irregular,cm
255,imaṃ,.pron.,.nt.$.sg.$.acc.,ima,,,,,1,100,4,irregular,cm
256,imaṃ,.pron.,.nt.$.sg.$.nom.,ima,,,,,1,100,4,irregular,cm
257,imamhā,.pron.,.m.$.sg.$.abl.,ima,,,,,1,100,6,irregular,cm
258,imamhā,.pron.,.nt.$.sg.$.abl.,ima,,,,,1,100,6,irregular,cm
259,imamhi,.pron.,.m.$.sg.$.loc.,ima,,,,,1,100,6,irregular,cm
260,imamhi,.pron.,.nt.$.sg.$.loc.,ima,,,,,1,100,6,irregular,cm
261,imāni,.pron.,.nt.$.pl.$.acc.,ima,,,,,1,100,5,irregular,cm
262,imāni,.pron.,.nt.$.pl.$.nom.,ima,,,,,1,100,5,irregular,cm
263,imāsaṃ,.pron.,.f.$.pl.$.dat.,ima,,,,,1,100,6,irregular,cm
264,imāsaṃ,.pron.,.f.$.pl.$.gen.,ima,,,,,1,100,6,irregular,cm
265,imāsaṃ,.pron.,.f.$.sg.$.loc.,ima,,,,,1,100,6,irregular,cm
266,imāsānaṃ,.pron.,.f.$.pl.$.dat.,ima,,,,,1,100,8,irregular,cm
267,imāsānaṃ,.pron.,.f.$.pl.$.gen.,ima,,,,,1,100,8,irregular,cm
268,imasmā,.pron.,.m.$.sg.$.abl.,ima,,,,,1,100,6,irregular,cm
269,imasmā,.pron.,.nt.$.sg.$.abl.,ima,,,,,1,100,6,irregular,cm
270,imasmiṃ,.pron.,.m.$.sg.$.loc.,ima,,,,,1,100,7,irregular,cm
271,imasmiṃ,.pron.,.nt.$.sg.$.loc.,ima,,,,,1,100,7,irregular,cm
272,imassa,.pron.,.m.$.sg.$.dat.,ima,,,,,1,100,6,irregular,cm
273,imassa,.pron.,.nt.$.sg.$.dat.,ima,,,,,1,100,6,irregular,cm
274,imassa,.pron.,.m.$.sg.$.gen.,ima,,,,,1,100,6,irregular,cm
275,imassa,.pron.,.nt.$.sg.$.gen.,ima,,,,,1,100,6,irregular,cm
276,imassā,.pron.,.f.$.sg.$.dat.,ima,,,,,1,100,6,irregular,cm
277,imāsu,.pron.,.f.$.pl.$.loc.,ima,,,,,1,100,5,irregular,cm
278,imāya,.pron.,.f.$.sg.$.abl.,ima,,,,,1,100,5,irregular,cm
279,imāya,.pron.,.f.$.sg.$.dat.,ima,,,,,1,100,5,irregular,cm
280,imāya,.pron.,.f.$.sg.$.gen.,ima,,,,,1,100,5,irregular,cm
281,imāya,.pron.,.f.$.sg.$.inst.,ima,,,,,1,100,5,irregular,cm
282,imāyaṃ,.pron.,.f.$.sg.$.loc.,ima,,,,,1,100,6,irregular,cm
283,imāyo,.pron.,.f.$.pl.$.acc.,ima,,,,,1,100,5,irregular,cm
284,imāyo,.pron.,.f.$.pl.$.nom.,ima,,,,,1,100,5,irregular,cm
285,ime,.pron.,.m.$.pl.$.acc.,ima,,,,,1,100,3,irregular,cm
286,ime,.pron.,.m.$.pl.$.nom.,ima,,,,,1,100,3,irregular,cm
287,imebhi,.pron.,.m.$.pl.$.abl.,ima,,,,,1,100,6,irregular,cm
288,imebhi,.pron.,.nt.$.pl.$.abl.,ima,,,,,1,100,6,irregular,cm
289,imebhi,.pron.,.m.$.pl.$.inst.,ima,,,,,1,100,6,irregular,cm
290,imebhi,.pron.,.nt.$.pl.$.inst.,ima,,,,,1,100,6,irregular,cm
291,imehi,.pron.,.m.$.pl.$.abl.,ima,,,,,1,100,5,irregular,cm
292,imehi,.pron.,.nt.$.pl.$.abl.,ima,,,,,1,100,5,irregular,cm
293,imehi,.pron.,.m.$.pl.$.inst.,ima,,,,,1,100,5,irregular,cm
294,imehi,.pron.,.nt.$.pl.$.inst.,ima,,,,,1,100,5,irregular,cm
295,imesaṃ,.pron.,.m.$.pl.$.dat.,ima,,,,,1,100,6,irregular,cm
296,imesaṃ,.pron.,.nt.$.pl.$.dat.,ima,,,,,1,100,6,irregular,cm
297,imesaṃ,.pron.,.m.$.pl.$.gen.,ima,,,,,1,100,6,irregular,cm
298,imesaṃ,.pron.,.nt.$.pl.$.gen.,ima,,,,,1,100,6,irregular,cm
299,imesānaṃ,.pron.,.m.$.pl.$.dat.,ima,,,,,1,100,8,irregular,cm
300,imesānaṃ,.pron.,.nt.$.pl.$.dat.,ima,,,,,1,100,8,irregular,cm
301,imesānaṃ,.pron.,.m.$.pl.$.gen.,ima,,,,,1,100,8,irregular,cm
302,imesānaṃ,.pron.,.nt.$.pl.$.gen.,ima,,,,,1,100,8,irregular,cm
303,imesu,.pron.,.m.$.pl.$.loc.,ima,,,,,1,100,5,irregular,cm
304,imesu,.pron.,.nt.$.pl.$.loc.,ima,,,,,1,100,5,irregular,cm
305,iminā,.pron.,.m.$.sg.$.inst.,ima,,,,,1,100,5,irregular,cm
306,iminā,.pron.,.nt.$.sg.$.inst.,ima,,,,,1,100,5,irregular,cm
307,imissa,.pron.,.m.$.sg.$.dat.,ima,,,,,1,100,6,irregular,cm
308,imissa,.pron.,.m.$.sg.$.gen.,ima,,,,,1,100,6,irregular,cm
309,imissā,.pron.,.f.$.sg.$.gen.,ima,,,,,1,100,6,irregular,cm
310,imissā,.pron.,.f.$.sg.$.loc.,ima,,,,,1,100,6,irregular,cm
311,imissaṃ,.pron.,.f.$.sg.$.loc.,ima,,,,,1,100,7,irregular,cm
312,imissāya,.pron.,.f.$.sg.$.dat.,ima,,,,,1,100,8,irregular,cm
313,imissāya,.pron.,.f.$.sg.$.gen.,ima,,,,,1,100,8,irregular,cm
314,bhagava,.n.,.m.$.sg.$.voc.,bhagavant,,,,,1,100,7,irregular,cm
315,bhagavā,.n.,.m.$.sg.$.nom.,bhagavant,,,,,1,100,7,irregular,cm
316,bhagavaṃ,.n.,.m.$.sg.$.acc.,bhagavant,,,,,1,100,8,irregular,cm
317,bhagavantaṃ,.n.,.m.$.sg.$.acc.,bhagavant,,,,,1,100,11,irregular,cm
318,bhagavatā,.n.,.m.$.sg.$.inst.,bhagavant,,,,,1,100,9,irregular,cm
319,bhagavatā,.n.,.m.$.sg.$.abl.,bhagavant,,,,,1,100,9,irregular,cm
320,bhagavataṃ,.n.,.m.$.pl.$.gen.,bhagavant,,,,,1,100,10,irregular,cm
321,bhagavati,.n.,.m.$.sg.$.loc.,bhagavant,,,,,1,100,9,irregular,cm
322,bhagavato,.n.,.m.$.sg.$.dat.,bhagavant,,,,,1,100,9,irregular,cm
323,bhagavato,.n.,.m.$.sg.$.gen.,bhagavant,,,,,1,100,9,irregular,cm
324,bhavaṃ,.pron.,.m.$.sg.$.nom.,bhavant,,,,,1,100,6,irregular,cm
325,bhavaṃ,.pron.,.m.$.sg.$.voc.,bhavant,,,,,1,100,6,irregular,cm
326,bhavantaṃ,.pron.,.m.$.sg.$.acc.,bhavant,,,,,1,100,9,irregular,cm
327,bhavante,.pron.,.m.$.pl.$.acc.,bhavant,,,,,1,100,8,irregular,cm
328,bhavantehi,.pron.,.m.$.pl.$.inst.,bhavant,,,,,1,100,10,irregular,cm
329,bhavantī,.pron.,.f.$.sg.$.nom.,bhavant,,,,,1,100,8,irregular,cm
330,bhavanto,.pron.,.m.$.pl.$.nom.,bhavant,,,,,1,100,8,irregular,cm
331,bhavanto,.pron.,.m.$.pl.$.voc.,bhavant,,,,,1,100,8,irregular,cm
332,bhavataṃ,.pron.,.m.$.pl.$.gen.,bhavant,,,,,1,100,8,irregular,cm
333,bhavatī,.pron.,.f.$.sg.$.nom.,bhavant,,,,,1,100,7,irregular,cm
334,bho,.pron.,.m.$.sg.$.voc.,bhavant,,,,,1,100,3,irregular,cm
335,bhonto,.pron.,.m.$.pl.$.nom.,bhavant,,,,,1,100,6,irregular,cm
336,bhonto,.pron.,.m.$.pl.$.voc.,bhavant,,,,,1,100,6,irregular,cm
337,bhotā,.pron.,.m.$.sg.$.inst.,bhavant,,,,,1,100,5,irregular,cm
338,bhoti,.pron.,.f.$.sg.$.voc.,bhavant,,,,,1,100,5,irregular,cm
339,bhotī,.pron.,.f.$.sg.$.nom.,bhavant,,,,,1,100,5,irregular,cm
340,bhotiṃ,.pron.,.f.$.sg.$.acc.,bhavant,,,,,1,100,6,irregular,cm
341,bhotiyā,.pron.,.f.$.sg.$.loc.,bhavant,,,,,1,100,7,irregular,cm
342,bhotiyo,.pron.,.f.$.pl.$.nom.,bhavant,,,,,1,100,7,irregular,cm
343,bhotiyo,.pron.,.f.$.pl.$.voc.,bhavant,,,,,1,100,7,irregular,cm
344,bhoto,.pron.,.m.$.sg.$.gen.,bhavant,,,,,1,100,5,irregular,cm
345,bhikkhave,.n.,.m.$.pl.$.voc.,bhikkhu,,,,,1,100,9,irregular,cm
346,bhikkhavo,.n.,.m.$.pl.$.nom.,bhikkhu,,,,,1,100,9,irregular,cm
347,bhikkhavo,.n.,.m.$.pl.$.voc.,bhikkhu,,,,,1,100,9,irregular,cm
348,bhikkhu,.n.,.m.$.sg.$.nom.,bhikkhu,,,,,1,100,7,irregular,cm
349,bhikkhu,.n.,.m.$.sg.$.voc.,bhikkhu,,,,,1,100,7,irregular,cm
350,bhikkhū,.n.,.m.$.pl.$.nom.,bhikkhu,,,,,1,100,7,irregular,cm
351,bhikkhūhi,.n.,.m.$.pl.$.inst.,bhikkhu,,,,,1,100,9,irregular,cm
352,bhikkhuṃ,.n.,.m.$.sg.$.acc.,bhikkhu,,,,,1,100,8,irregular,cm
353,bhikkhunā,.n.,.m.$.sg.$.inst.,bhikkhu,,,,,1,100,9,irregular,cm
354,bhikkhunaṃ,.n.,.m.$.sg.$.acc.,bhikkhu,,,,,1,100,10,irregular,cm
355,bhikkhunaṃ,.n.,.m.$.pl.$.dat.,bhikkhu,,,,,1,100,10,irregular,cm
356,bhikkhunaṃ,.n.,.m.$.pl.$.gen.,bhikkhu,,,,,1,100,10,irregular,cm
357,bhikkhūnaṃ,.n.,.m.$.pl.$.dat.,bhikkhu,,,,,1,100,10,irregular,cm
358,bhikkhūnaṃ,.n.,.m.$.pl.$.gen.,bhikkhu,,,,,1,100,10,irregular,cm
359,bhikkhuno,.n.,.m.$.sg.$.dat.,bhikkhu,,,,,1,100,9,irregular,cm
360,bhikkhuno,.n.,.m.$.sg.$.gen.,bhikkhu,,,,,1,100,9,irregular,cm
361,bhikkhussa,.n.,.m.$.sg.$.dat.,bhikkhu,,,,,1,100,10,irregular,cm
362,bhikkhussa,.n.,.m.$.sg.$.dat.,bhikkhu,,,,,1,100,10,irregular,cm
363,bhikkhussa,.n.,.m.$.sg.$.gen.,bhikkhu,,,,,1,100,10,irregular,cm
364,bhikkhusu,.n.,.m.$.pl.$.loc.,bhikkhu,,,,,1,100,9,irregular,cm
365,bhikkhūsu,.n.,.m.$.pl.$.loc.,bhikkhu,,,,,1,100,9,irregular,cm
366,brahmā,.n.,.m.$.sg.$.nom.,brahma,,,,,1,100,6,irregular,cm
367,brahmā,.n.,.m.$.pl.$.nom.,brahma,,,,,1,100,6,irregular,cm
368,brahmaṃ,.n.,.m.$.sg.$.nom.,brahma,,,,,1,100,7,irregular,cm
369,brahmaṃ,.n.,.m.$.sg.$.acc.,brahma,,,,,1,100,7,irregular,cm
370,brahmanā,.n.,.m.$.sg.$.inst.,brahma,,,,,1,100,8,irregular,cm
371,brahmanā,.n.,.m.$.sg.$.abl.,brahma,,,,,1,100,8,irregular,cm
372,brahmāna,.n.,.m.$.pl.$.nom.,brahma,,,,,1,100,8,irregular,cm
373,brahmānaṃ,.n.,.m.$.sg.$.acc.,brahma,,,,,1,100,9,irregular,cm
374,brahmānaṃ,.n.,.m.$.pl.$.gen.,brahma,,,,,1,100,9,irregular,cm
375,brahmāse,.n.,.m.$.pl.$.nom.,brahma,,,,,1,100,8,irregular,cm
376,brahme,.n.,.m.$.sg.$.voc.,brahma,,,,,1,100,6,irregular,cm
377,brahmunā,.n.,.m.$.sg.$.inst.,brahma,,,,,1,100,8,irregular,cm
378,brahmunā,.n.,.m.$.sg.$.abl.,brahma,,,,,1,100,8,irregular,cm
379,brahmuno,.n.,.m.$.sg.$.dat.,brahma,,,,,1,100,8,irregular,cm
380,brahmuno,.n.,.m.$.sg.$.gen.,brahma,,,,,1,100,8,irregular,cm
381,catassannaṃ,.num.,.dat.,catu,,,,,1,100,11,irregular,cm
382,catassannaṃ,.num.,.f.$.dat.,catu,,,,,1,100,11,irregular,cm
383,catassannaṃ,.num.,.gen.,catu,,,,,1,100,11,irregular,cm
384,catassannaṃ,.num.,.f.$.gen.,catu,,,,,1,100,11,irregular,cm
385,catasso,.num.,.f.$.nom.,catu,,,,,1,100,7,irregular,cm
386,catasso,.num.,.f.$.acc.,catu,,,,,1,100,7,irregular,cm
387,cattāri,.num.,.nom.,catu,,,,,1,100,7,irregular,cm
388,cattāri,.num.,.acc.,catu,,,,,1,100,7,irregular,cm
389,cattāro,.num.,.m.$.nom.,catu,,,,,1,100,7,irregular,cm
390,cattāro,.num.,.m.$.acc.,catu,,,,,1,100,7,irregular,cm
391,catūbhi,.num.,.m.$.inst.,catu,,,,,1,100,7,irregular,cm
392,catūbhi,.num.,.inst.,catu,,,,,1,100,7,irregular,cm
393,catūbhi,.num.,.f.$.inst.,catu,,,,,1,100,7,irregular,cm
394,catūbhi,.num.,.m.$.abl.,catu,,,,,1,100,7,irregular,cm
395,catūbhi,.num.,.abl.,catu,,,,,1,100,7,irregular,cm
396,catūbhi,.num.,.f.$.abl.,catu,,,,,1,100,7,irregular,cm
397,catuhi,.num.,.m.$.inst.,catu,,,,,1,100,6,irregular,cm
398,catuhi,.num.,.inst.,catu,,,,,1,100,6,irregular,cm
399,catuhi,.num.,.f.$.inst.,catu,,,,,1,100,6,irregular,cm
400,catuhi,.num.,.m.$.abl.,catu,,,,,1,100,6,irregular,cm
401,catuhi,.num.,.abl.,catu,,,,,1,100,6,irregular,cm
402,catuhi,.num.,.f.$.abl.,catu,,,,,1,100,6,irregular,cm
403,catūhi,.num.,.m.$.inst.,catu,,,,,1,100,6,irregular,cm
404,catūhi,.num.,.inst.,catu,,,,,1,100,6,irregular,cm
405,catūhi,.num.,.f.$.inst.,catu,,,,,1,100,6,irregular,cm
406,catūhi,.num.,.m.$.abl.,catu,,,,,1,100,6,irregular,cm
407,catūhi,.num.,.abl.,catu,,,,,1,100,6,irregular,cm
408,catūhi,.num.,.f.$.abl.,catu,,,,,1,100,6,irregular,cm
409,catunnaṃ,.num.,.m.$.dat.,catu,,,,,1,100,8,irregular,cm
410,catunnaṃ,.num.,.m.$.gen.,catu,,,,,1,100,8,irregular,cm
411,caturo,.num.,.m.$.nom.,catu,,,,,1,100,6,irregular,cm
412,caturo,.num.,.m.$.acc.,catu,,,,,1,100,6,irregular,cm
413,catusu,.num.,.m.$.loc.,catu,,,,,1,100,6,irregular,cm
414,catusu,.num.,.loc.,catu,,,,,1,100,6,irregular,cm
415,catusu,.num.,.f.$.loc.,catu,,,,,1,100,6,irregular,cm
416,catūsu,.num.,.m.$.loc.,catu,,,,,1,100,6,irregular,cm
417,catūsu,.num.,.loc.,catu,,,,,1,100,6,irregular,cm
418,catūsu,.num.,.f.$.loc.,catu,,,,,1,100,6,irregular,cm
419,eta,.pron:base.,,,其$他$她$它,,,,1,100,3,Kosalla_China,zh-hans
420,eta,.pron:base.,,,the one$he$she$it,,,,1,100,3,Kosalla_China,cm
421,enaṃ,.pron.,.m.$.sg.$.acc.,eta,,,,,1,100,4,irregular,cm
422,esa,.pron.,.m.$.sg.$.nom.,eta,,,,,1,100,3,irregular,cm
423,esā,.pron.,.f.$.sg.$.nom.,eta,,,,,1,100,3,irregular,cm
424,eso,.pron.,.m.$.sg.$.nom.,eta,,,,,1,100,3,irregular,cm
425,etā,.pron.,.f.$.pl.$.acc.,eta,,,,,1,100,3,irregular,cm
426,etā,.pron.,.f.$.pl.$.acc.,eta,,,,,1,100,3,irregular,cm
427,etā,.pron.,.f.$.pl.$.nom.,eta,,,,,1,100,3,irregular,cm
428,etābhi,.pron.,.f.$.pl.$.abl.,eta,,,,,1,100,6,irregular,cm
429,etābhi,.pron.,.f.$.pl.$.inst.,eta,,,,,1,100,6,irregular,cm
430,etad,.pron.,.nt.$.sg.$.acc.,eta,,,,,1,100,4,irregular,cm
431,etad,.pron.,.nt.$.sg.$.nom.,eta,,,,,1,100,4,irregular,cm
432,etāhi,.pron.,.f.$.pl.$.abl.,eta,,,,,1,100,5,irregular,cm
433,etāhi,.pron.,.f.$.pl.$.inst.,eta,,,,,1,100,5,irregular,cm
434,etaṃ,.pron.,.f.$.sg.$.acc.,eta,,,,,1,100,4,irregular,cm
435,etaṃ,.pron.,.m.$.sg.$.acc.,eta,,,,,1,100,4,irregular,cm
436,etaṃ,.pron.,.nt.$.sg.$.acc.,eta,,,,,1,100,4,irregular,cm
437,etaṃ,.pron.,.nt.$.sg.$.nom.,eta,,,,,1,100,4,irregular,cm
438,etamhā,.pron.,.m.$.sg.$.abl.,eta,,,,,1,100,6,irregular,cm
439,etamhā,.pron.,.nt.$.sg.$.abl.,eta,,,,,1,100,6,irregular,cm
440,etamhi,.pron.,.m.$.sg.$.loc.,eta,,,,,1,100,6,irregular,cm
441,etamhi,.pron.,.nt.$.sg.$.loc.,eta,,,,,1,100,6,irregular,cm
442,etāni,.pron.,.nt.$.pl.$.acc.,eta,,,,,1,100,5,irregular,cm
443,etāni,.pron.,.nt.$.pl.$.nom.,eta,,,,,1,100,5,irregular,cm
444,etāsaṃ,.pron.,.f.$.sg.$.loc.,eta,,,,,1,100,6,irregular,cm
445,etasmā,.pron.,.m.$.sg.$.abl.,eta,,,,,1,100,6,irregular,cm
446,etasmā,.pron.,.nt.$.sg.$.abl.,eta,,,,,1,100,6,irregular,cm
447,etasmiṃ,.pron.,.m.$.sg.$.loc.,eta,,,,,1,100,7,irregular,cm
448,etasmiṃ,.pron.,.nt.$.sg.$.loc.,eta,,,,,1,100,7,irregular,cm
449,etassa,.pron.,.m.$.sg.$.dat.,eta,,,,,1,100,6,irregular,cm
450,etassa,.pron.,.nt.$.sg.$.dat.,eta,,,,,1,100,6,irregular,cm
451,etassa,.pron.,.m.$.sg.$.gen.,eta,,,,,1,100,6,irregular,cm
452,etassa,.pron.,.nt.$.sg.$.gen.,eta,,,,,1,100,6,irregular,cm
453,etassaṃ,.pron.,.f.$.sg.$.loc.,eta,,,,,1,100,7,irregular,cm
454,etassāya,.pron.,.f.$.sg.$.dat.,eta,,,,,1,100,8,irregular,cm
455,etassāya,.pron.,.f.$.sg.$.gen.,eta,,,,,1,100,8,irregular,cm
456,etāsu,.pron.,.f.$.pl.$.loc.,eta,,,,,1,100,5,irregular,cm
457,etāya,.pron.,.f.$.sg.$.abl.,eta,,,,,1,100,5,irregular,cm
458,etāya,.pron.,.f.$.sg.$.inst.,eta,,,,,1,100,5,irregular,cm
459,etāya,.pron.,.f.$.sg.$.loc.,eta,,,,,1,100,5,irregular,cm
460,etāyaṃ,.pron.,.f.$.sg.$.loc.,eta,,,,,1,100,6,irregular,cm
461,etāyo,.pron.,.f.$.pl.$.acc.,eta,,,,,1,100,5,irregular,cm
462,etāyo,.pron.,.f.$.pl.$.nom.,eta,,,,,1,100,5,irregular,cm
463,ete,.pron.,.m.$.pl.$.acc.,eta,,,,,1,100,3,irregular,cm
464,ete,.pron.,.m.$.pl.$.nom.,eta,,,,,1,100,3,irregular,cm
465,etebhi,.pron.,.m.$.pl.$.abl.,eta,,,,,1,100,6,irregular,cm
466,etebhi,.pron.,.nt.$.pl.$.abl.,eta,,,,,1,100,6,irregular,cm
467,etebhi,.pron.,.m.$.pl.$.inst.,eta,,,,,1,100,6,irregular,cm
468,etebhi,.pron.,.nt.$.pl.$.inst.,eta,,,,,1,100,6,irregular,cm
469,etehi,.pron.,.m.$.pl.$.abl.,eta,,,,,1,100,5,irregular,cm
470,etehi,.pron.,.nt.$.pl.$.abl.,eta,,,,,1,100,5,irregular,cm
471,etehi,.pron.,.m.$.pl.$.inst.,eta,,,,,1,100,5,irregular,cm
472,etehi,.pron.,.nt.$.pl.$.inst.,eta,,,,,1,100,5,irregular,cm
473,etena,.pron.,.m.$.sg.$.inst.,eta,,,,,1,100,5,irregular,cm
474,etena,.pron.,.nt.$.sg.$.inst.,eta,,,,,1,100,5,irregular,cm
475,etesaṃ,.pron.,.m.$.pl.$.dat.,eta,,,,,1,100,6,irregular,cm
476,etesaṃ,.pron.,.nt.$.pl.$.dat.,eta,,,,,1,100,6,irregular,cm
477,etesaṃ,.pron.,.m.$.pl.$.gen.,eta,,,,,1,100,6,irregular,cm
478,etesaṃ,.pron.,.nt.$.pl.$.gen.,eta,,,,,1,100,6,irregular,cm
479,etesānaṃ,.pron.,.m.$.pl.$.dat.,eta,,,,,1,100,8,irregular,cm
480,etesānaṃ,.pron.,.nt.$.pl.$.dat.,eta,,,,,1,100,8,irregular,cm
481,etesānaṃ,.pron.,.m.$.pl.$.gen.,eta,,,,,1,100,8,irregular,cm
482,etesānaṃ,.pron.,.nt.$.pl.$.gen.,eta,,,,,1,100,8,irregular,cm
483,etesu,.pron.,.m.$.pl.$.loc.,eta,,,,,1,100,5,irregular,cm
484,etesu,.pron.,.nt.$.pl.$.loc.,eta,,,,,1,100,5,irregular,cm
485,etissā,.pron.,.f.$.sg.$.dat.,eta,,,,,1,100,6,irregular,cm
486,etissā,.pron.,.f.$.sg.$.dat.,eta,,,,,1,100,6,irregular,cm
487,etissā,.pron.,.f.$.sg.$.gen.,eta,,,,,1,100,6,irregular,cm
488,etissā,.pron.,.f.$.sg.$.gen.,eta,,,,,1,100,6,irregular,cm
489,etissaṃ,.pron.,.f.$.sg.$.loc.,eta,,,,,1,100,7,irregular,cm
490,go,.n:base.,,,牛,,,,1,100,2,Kosalla_China,zh-hans
491,go,.n:base.,,,bull$cow,,,,1,100,2,Kosalla_China,cm
492,gavā,.n.,.m.$.sg.$.abl.,go,,,,,1,100,4,irregular,cm
493,gavaṃ,.n.,.m.$.sg.$.acc.,go,,,,,1,100,5,irregular,cm
494,gavaṃ,.n.,.m.$.pl.$.gen.,go,,,,,1,100,5,irregular,cm
495,gāvaṃ,.n.,.m.$.sg.$.acc.,go,,,,,1,100,5,irregular,cm
496,gavamhā,.n.,.m.$.sg.$.abl.,go,,,,,1,100,7,irregular,cm
497,gavamhi,.n.,.m.$.sg.$.loc.,go,,,,,1,100,7,irregular,cm
498,gāvamhi,.n.,.m.$.sg.$.loc.,go,,,,,1,100,7,irregular,cm
499,gavassa,.n.,.m.$.sg.$.gen.,go,,,,,1,100,7,irregular,cm
500,gave,.n.,.m.$.sg.$.loc.,go,,,,,1,100,4,irregular,cm
501,gavena,.n.,.m.$.sg.$.inst.,go,,,,,1,100,6,irregular,cm
502,gāvena,.n.,.m.$.sg.$.inst.,go,,,,,1,100,6,irregular,cm
503,gavesu,.n.,.m.$.pl.$.loc.,go,,,,,1,100,6,irregular,cm
504,gāvesu,.n.,.m.$.pl.$.loc.,go,,,,,1,100,6,irregular,cm
505,gāvo,.n.,.m.$.pl.$.nom.,go,,,,,1,100,4,irregular,cm
506,gāvo,.n.,.m.$.pl.$.acc.,go,,,,,1,100,4,irregular,cm
507,go,.n.,.m.$.sg.$.nom.,go,,,,,1,100,2,irregular,cm
508,gohi,.n.,.m.$.pl.$.inst.,go,,,,,1,100,4,irregular,cm
509,gohi,.n.,.m.$.pl.$.abl.,go,,,,,1,100,4,irregular,cm
510,gonaṃ,.n.,.m.$.pl.$.gen.,go,,,,,1,100,5,irregular,cm
511,gosu,.n.,.m.$.pl.$.loc.,go,,,,,1,100,4,irregular,cm
512,gunnaṃ,.n.,.m.$.pl.$.gen.,go,,,,,1,100,6,irregular,cm
513,ka,.pron:base.,,,什么$何$谁$怎么$孰$啥,,,,1,100,2,Kosalla_China,zh-hans
514,ka,.pron:base.,,,what$who$how,,,,1,100,2,Kosalla_China,cm
515,kā,.pron.,.f.$.pl.$.acc.,ka,,,,,1,100,2,irregular,cm
516,kā,.pron.,.f.$.sg.$.nom.,ka,,,,,1,100,2,irregular,cm
517,kā,.pron.,.f.$.pl.$.nom.,ka,,,,,1,100,2,irregular,cm
518,kābhi,.pron.,.f.$.pl.$.abl.,ka,,,,,1,100,5,irregular,cm
519,kābhi,.pron.,.f.$.pl.$.inst.,ka,,,,,1,100,5,irregular,cm
520,kāhi,.pron.,.f.$.pl.$.abl.,ka,,,,,1,100,4,irregular,cm
521,kāhi,.pron.,.f.$.pl.$.inst.,ka,,,,,1,100,4,irregular,cm
522,kaṃ,.pron.,.f.$.sg.$.acc.,ka,,,,,1,100,3,irregular,cm
523,kaṃ,.pron.,.m.$.sg.$.acc.,ka,,,,,1,100,3,irregular,cm
524,kamhā,.pron.,.m.$.sg.$.abl.,ka,,,,,1,100,5,irregular,cm
525,kamhā,.pron.,.nt.$.sg.$.abl.,ka,,,,,1,100,5,irregular,cm
526,kamhi,.pron.,.m.$.sg.$.loc.,ka,,,,,1,100,5,irregular,cm
527,kamhi,.pron.,.nt.$.sg.$.loc.,ka,,,,,1,100,5,irregular,cm
528,kāni,.pron.,.nt.$.pl.$.acc.,ka,,,,,1,100,4,irregular,cm
529,kāni,.pron.,.nt.$.pl.$.nom.,ka,,,,,1,100,4,irregular,cm
530,kāsaṃ,.pron.,.f.$.pl.$.dat.,ka,,,,,1,100,5,irregular,cm
531,kāsaṃ,.pron.,.f.$.pl.$.gen.,ka,,,,,1,100,5,irregular,cm
532,kāsānaṃ,.pron.,.f.$.pl.$.dat.,ka,,,,,1,100,7,irregular,cm
533,kāsānaṃ,.pron.,.f.$.pl.$.gen.,ka,,,,,1,100,7,irregular,cm
534,kasmā,.pron.,.m.$.sg.$.abl.,ka,,,,,1,100,5,irregular,cm
535,kasmā,.pron.,.nt.$.sg.$.abl.,ka,,,,,1,100,5,irregular,cm
536,kasmiṃ,.pron.,.m.$.sg.$.loc.,ka,,,,,1,100,6,irregular,cm
537,kasmiṃ,.pron.,.nt.$.sg.$.loc.,ka,,,,,1,100,6,irregular,cm
538,kassa,.pron.,.m.$.sg.$.dat.,ka,,,,,1,100,5,irregular,cm
539,kassa,.pron.,.nt.$.sg.$.dat.,ka,,,,,1,100,5,irregular,cm
540,kassa,.pron.,.m.$.sg.$.gen.,ka,,,,,1,100,5,irregular,cm
541,kassa,.pron.,.nt.$.sg.$.gen.,ka,,,,,1,100,5,irregular,cm
542,kassā,.pron.,.f.$.sg.$.abl.,ka,,,,,1,100,5,irregular,cm
543,kassā,.pron.,.f.$.sg.$.dat.,ka,,,,,1,100,5,irregular,cm
544,kassā,.pron.,.f.$.sg.$.gen.,ka,,,,,1,100,5,irregular,cm
545,kassā,.pron.,.f.$.sg.$.loc.,ka,,,,,1,100,5,irregular,cm
546,kassaṃ,.pron.,.f.$.sg.$.loc.,ka,,,,,1,100,6,irregular,cm
547,kāsu,.pron.,.f.$.pl.$.loc.,ka,,,,,1,100,4,irregular,cm
548,katama,.pron.,.f.$.pl.$.loc.,ka,,,,,1,100,6,irregular,cm
549,kāya,.pron.,.f.$.sg.$.abl.,ka,,,,,1,100,4,irregular,cm
550,kāya,.pron.,.f.$.sg.$.dat.,ka,,,,,1,100,4,irregular,cm
551,kāya,.pron.,.f.$.sg.$.gen.,ka,,,,,1,100,4,irregular,cm
552,kāya,.pron.,.f.$.sg.$.inst.,ka,,,,,1,100,4,irregular,cm
553,kāyaṃ,.pron.,.f.$.sg.$.loc.,ka,,,,,1,100,5,irregular,cm
554,kāyo,.pron.,.f.$.pl.$.acc.,ka,,,,,1,100,4,irregular,cm
555,kāyo,.pron.,.f.$.pl.$.nom.,ka,,,,,1,100,4,irregular,cm
556,ke,.pron.,.m.$.pl.$.acc.,ka,,,,,1,100,2,irregular,cm
557,ke,.pron.,.m.$.sg.$.nom.,ka,,,,,1,100,2,irregular,cm
558,ke,.pron.,.m.$.pl.$.nom.,ka,,,,,1,100,2,irregular,cm
559,kebhi,.pron.,.m.$.pl.$.abl.,ka,,,,,1,100,5,irregular,cm
560,kebhi,.pron.,.nt.$.pl.$.abl.,ka,,,,,1,100,5,irregular,cm
561,kebhi,.pron.,.m.$.pl.$.inst.,ka,,,,,1,100,5,irregular,cm
562,kebhi,.pron.,.nt.$.pl.$.inst.,ka,,,,,1,100,5,irregular,cm
563,kehi,.pron.,.m.$.pl.$.abl.,ka,,,,,1,100,4,irregular,cm
564,kehi,.pron.,.nt.$.pl.$.abl.,ka,,,,,1,100,4,irregular,cm
565,kehi,.pron.,.m.$.pl.$.inst.,ka,,,,,1,100,4,irregular,cm
566,kehi,.pron.,.nt.$.pl.$.inst.,ka,,,,,1,100,4,irregular,cm
567,kena,.pron.,.m.$.sg.$.inst.,ka,,,,,1,100,4,irregular,cm
568,kena,.pron.,.nt.$.sg.$.inst.,ka,,,,,1,100,4,irregular,cm
569,kesaṃ,.pron.,.m.$.pl.$.dat.,ka,,,,,1,100,5,irregular,cm
570,kesaṃ,.pron.,.nt.$.pl.$.dat.,ka,,,,,1,100,5,irregular,cm
571,kesaṃ,.pron.,.m.$.pl.$.gen.,ka,,,,,1,100,5,irregular,cm
572,kesaṃ,.pron.,.nt.$.pl.$.gen.,ka,,,,,1,100,5,irregular,cm
573,kesānaṃ,.pron.,.m.$.pl.$.dat.,ka,,,,,1,100,7,irregular,cm
574,kesānaṃ,.pron.,.nt.$.pl.$.dat.,ka,,,,,1,100,7,irregular,cm
575,kesānaṃ,.pron.,.m.$.pl.$.gen.,ka,,,,,1,100,7,irregular,cm
576,kesānaṃ,.pron.,.nt.$.pl.$.gen.,ka,,,,,1,100,7,irregular,cm
577,kesu,.pron.,.m.$.pl.$.loc.,ka,,,,,1,100,4,irregular,cm
578,kesu,.pron.,.nt.$.pl.$.loc.,ka,,,,,1,100,4,irregular,cm
579,kiṃ,.pron.,.nt.$.sg.$.acc.,ka,,,,,1,100,3,irregular,cm
580,kiṃ,.pron.,.nt.$.sg.$.nom.,ka,,,,,1,100,3,irregular,cm
581,kissa,.pron.,.m.$.sg.$.dat.,ka,,,,,1,100,5,irregular,cm
582,kissa,.pron.,.nt.$.sg.$.dat.,ka,,,,,1,100,5,irregular,cm
583,kissa,.pron.,.m.$.sg.$.gen.,ka,,,,,1,100,5,irregular,cm
584,kissa,.pron.,.nt.$.sg.$.gen.,ka,,,,,1,100,5,irregular,cm
585,ko,.pron.,.m.$.sg.$.nom.,ka,,,,,1,100,2,irregular,cm
586,pitu,.n:base.,.m.,,父$父亲$爸爸$老爸$老豆,,,,1,100,4,Kosalla_China,zh-hans
587,pitu,.n:base.,.m.,,father$dad,,,,1,100,4,Kosalla_China,cm
588,petyā,.n.,.m.$.sg.$.inst.,pitu,,,,,1,100,5,irregular,cm
589,pita,.n.,.m.$.sg.$.voc.,pitu,,,,,1,100,4,irregular,cm
590,pitā,.n.,.m.$.sg.$.nom.,pitu,,,,,1,100,4,irregular,cm
591,pitā,.n.,.m.$.sg.$.voc.,pitu,,,,,1,100,4,irregular,cm
592,pitānaṁ,.n.,.m.$.pl.$.dat.,pitu,,,,,1,100,7,irregular,cm
593,pitānaṁ,.n.,.m.$.pl.$.gen.,pitu,,,,,1,100,7,irregular,cm
594,pitarā,.n.,.m.$.sg.$.abl.,pitu,,,,,1,100,6,irregular,cm
595,pitarā,.n.,.m.$.sg.$.inst.,pitu,,,,,1,100,6,irregular,cm
596,pitaraṃ,.n.,.m.$.sg.$.acc.,pitu,,,,,1,100,7,irregular,cm
597,pitarānaṁ,.n.,.m.$.pl.$.gen.,pitu,,,,,1,100,9,irregular,cm
598,pitare,.n.,.m.$.pl.$.acc.,pitu,,,,,1,100,6,irregular,cm
599,pitarebhi,.n.,.m.$.pl.$.abl.,pitu,,,,,1,100,9,irregular,cm
600,pitarebhi,.n.,.m.$.pl.$.inst.,pitu,,,,,1,100,9,irregular,cm
601,pitarehi,.n.,.m.$.pl.$.abl.,pitu,,,,,1,100,8,irregular,cm
602,pitarehi,.n.,.m.$.pl.$.inst.,pitu,,,,,1,100,8,irregular,cm
603,pitaresu,.n.,.m.$.pl.$.loc.,pitu,,,,,1,100,8,irregular,cm
604,pitari,.n.,.m.$.sg.$.loc.,pitu,,,,,1,100,6,irregular,cm
605,pitaro,.n.,.m.$.pl.$.acc.,pitu,,,,,1,100,6,irregular,cm
606,pitaro,.n.,.m.$.pl.$.nom.,pitu,,,,,1,100,6,irregular,cm
607,pitaro,.n.,.m.$.pl.$.voc.,pitu,,,,,1,100,6,irregular,cm
608,pitito,.n.,.m.$.sg.$.abl.,pitu,,,,,1,100,6,irregular,cm
609,pitu,.n.,.m.$.sg.$.dat.,pitu,,,,,1,100,4,irregular,cm
610,pitu,.n.,.m.$.sg.$.gen.,pitu,,,,,1,100,4,irregular,cm
611,pitū,.n.,.m.$.pl.$.acc.,pitu,,,,,1,100,4,irregular,cm
612,pitūbhi,.n.,.m.$.pl.$.abl.,pitu,,,,,1,100,7,irregular,cm
613,pitūbhi,.n.,.m.$.pl.$.inst.,pitu,,,,,1,100,7,irregular,cm
614,pitūhi,.n.,.m.$.pl.$.abl.,pitu,,,,,1,100,6,irregular,cm
615,pitūhi,.n.,.m.$.pl.$.inst.,pitu,,,,,1,100,6,irregular,cm
616,pitunā,.n.,.m.$.sg.$.inst.,pitu,,,,,1,100,6,irregular,cm
617,pitūnaṃ,.n.,.m.$.pl.$.dat.,pitu,,,,,1,100,7,irregular,cm
618,pitūnaṃ,.n.,.m.$.pl.$.gen.,pitu,,,,,1,100,7,irregular,cm
619,pitunnaṃ,.n.,.m.$.pl.$.dat.,pitu,,,,,1,100,8,irregular,cm
620,pitunnaṃ,.n.,.m.$.pl.$.gen.,pitu,,,,,1,100,8,irregular,cm
621,pituno,.n.,.m.$.sg.$.dat.,pitu,,,,,1,100,6,irregular,cm
622,pituno,.n.,.m.$.sg.$.gen.,pitu,,,,,1,100,6,irregular,cm
623,pitussa,.n.,.m.$.sg.$.dat.,pitu,,,,,1,100,7,irregular,cm
624,pitussa,.n.,.m.$.sg.$.gen.,pitu,,,,,1,100,7,irregular,cm
625,pitusu,.n.,.m.$.pl.$.loc.,pitu,,,,,1,100,6,irregular,cm
626,pitūsu,.n.,.m.$.pl.$.loc.,pitu,,,,,1,100,6,irregular,cm
627,sabba,.ti:base.,,,一切$全部$所有的,,,,1,100,5,Kosalla_China,zh-hans
628,sabba,.ti:base.,,,all$whole,,,,1,100,5,Kosalla_China,cm
629,sabba,.ti.,.m.$.sg.$.voc.,sabba,,,,,1,100,5,irregular,cm
630,sabba,.ti.,.nt.$.sg.$.voc.,sabba,,,,,1,100,5,irregular,cm
631,sabbā,.ti.,.f.$.pl.$.acc.,sabba,,,,,1,100,5,irregular,cm
632,sabbā,.ti.,.f.$.sg.$.nom.,sabba,,,,,1,100,5,irregular,cm
633,sabbā,.ti.,.f.$.pl.$.nom.,sabba,,,,,1,100,5,irregular,cm
634,sabbā,.ti.,.m.$.sg.$.voc.,sabba,,,,,1,100,5,irregular,cm
635,sabbā,.ti.,.nt.$.sg.$.voc.,sabba,,,,,1,100,5,irregular,cm
636,sabbābhi,.ti.,.f.$.pl.$.abl.,sabba,,,,,1,100,8,irregular,cm
637,sabbābhi,.ti.,.f.$.pl.$.inst.,sabba,,,,,1,100,8,irregular,cm
638,sabbāhi,.ti.,.f.$.pl.$.abl.,sabba,,,,,1,100,7,irregular,cm
639,sabbāhi,.ti.,.f.$.pl.$.inst.,sabba,,,,,1,100,7,irregular,cm
640,sabbaṃ,.ti.,.f.$.sg.$.acc.,sabba,,,,,1,100,6,irregular,cm
641,sabbaṃ,.ti.,.m.$.sg.$.acc.,sabba,,,,,1,100,6,irregular,cm
642,sabbaṃ,.ti.,.nt.$.sg.$.acc.,sabba,,,,,1,100,6,irregular,cm
643,sabbaṃ,.ti.,.nt.$.sg.$.nom.,sabba,,,,,1,100,6,irregular,cm
644,sabbamhā,.ti.,.m.$.sg.$.abl.,sabba,,,,,1,100,8,irregular,cm
645,sabbamhā,.ti.,.nt.$.sg.$.abl.,sabba,,,,,1,100,8,irregular,cm
646,sabbamhi,.ti.,.m.$.sg.$.loc.,sabba,,,,,1,100,8,irregular,cm
647,sabbamhi,.ti.,.nt.$.sg.$.loc.,sabba,,,,,1,100,8,irregular,cm
648,sabbāni,.ti.,.nt.$.pl.$.acc.,sabba,,,,,1,100,7,irregular,cm
649,sabbāni,.ti.,.nt.$.pl.$.nom.,sabba,,,,,1,100,7,irregular,cm
650,sabbāni,.ti.,.nt.$.pl.$.voc.,sabba,,,,,1,100,7,irregular,cm
651,sabbāsaṃ,.ti.,.f.$.pl.$.dat.,sabba,,,,,1,100,8,irregular,cm
652,sabbāsaṃ,.ti.,.f.$.pl.$.gen.,sabba,,,,,1,100,8,irregular,cm
653,sabbāsānaṃ,.ti.,.f.$.pl.$.dat.,sabba,,,,,1,100,10,irregular,cm
654,sabbāsānaṃ,.ti.,.f.$.pl.$.gen.,sabba,,,,,1,100,10,irregular,cm
655,sabbasmā,.ti.,.m.$.sg.$.abl.,sabba,,,,,1,100,8,irregular,cm
656,sabbasmā,.ti.,.nt.$.sg.$.abl.,sabba,,,,,1,100,8,irregular,cm
657,sabbasmiṃ,.ti.,.m.$.sg.$.loc.,sabba,,,,,1,100,9,irregular,cm
658,sabbasmiṃ,.ti.,.nt.$.sg.$.loc.,sabba,,,,,1,100,9,irregular,cm
659,sabbassa,.ti.,.m.$.sg.$.dat.,sabba,,,,,1,100,8,irregular,cm
660,sabbassa,.ti.,.nt.$.sg.$.dat.,sabba,,,,,1,100,8,irregular,cm
661,sabbassa,.ti.,.m.$.sg.$.gen.,sabba,,,,,1,100,8,irregular,cm
662,sabbassa,.ti.,.nt.$.sg.$.gen.,sabba,,,,,1,100,8,irregular,cm
663,sabbassā,.ti.,.f.$.sg.$.dat.,sabba,,,,,1,100,8,irregular,cm
664,sabbassā,.ti.,.f.$.sg.$.gen.,sabba,,,,,1,100,8,irregular,cm
665,sabbassā,.ti.,.f.$.sg.$.loc.,sabba,,,,,1,100,8,irregular,cm
666,sabbassaṃ,.ti.,.f.$.sg.$.loc.,sabba,,,,,1,100,9,irregular,cm
667,sabbāsu,.ti.,.f.$.pl.$.loc.,sabba,,,,,1,100,7,irregular,cm
668,sabbāya,.ti.,.f.$.sg.$.abl.,sabba,,,,,1,100,7,irregular,cm
669,sabbāya,.ti.,.f.$.sg.$.dat.,sabba,,,,,1,100,7,irregular,cm
670,sabbāya,.ti.,.f.$.sg.$.gen.,sabba,,,,,1,100,7,irregular,cm
671,sabbāya,.ti.,.f.$.sg.$.inst.,sabba,,,,,1,100,7,irregular,cm
672,sabbāya,.ti.,.f.$.sg.$.loc.,sabba,,,,,1,100,7,irregular,cm
673,sabbāyaṃ,.ti.,.f.$.sg.$.loc.,sabba,,,,,1,100,8,irregular,cm
674,sabbāyo,.ti.,.f.$.pl.$.acc.,sabba,,,,,1,100,7,irregular,cm
675,sabbāyo,.ti.,.f.$.pl.$.nom.,sabba,,,,,1,100,7,irregular,cm
676,sabbāyo,.ti.,.f.$.pl.$.voc.,sabba,,,,,1,100,7,irregular,cm
677,sabbe,.ti.,.m.$.pl.$.acc.,sabba,,,,,1,100,5,irregular,cm
678,sabbe,.ti.,.m.$.pl.$.nom.,sabba,,,,,1,100,5,irregular,cm
679,sabbe,.ti.,.f.$.sg.$.voc.,sabba,,,,,1,100,5,irregular,cm
680,sabbe,.ti.,.m.$.pl.$.voc.,sabba,,,,,1,100,5,irregular,cm
681,sabbebhi,.ti.,.m.$.pl.$.abl.,sabba,,,,,1,100,8,irregular,cm
682,sabbebhi,.ti.,.nt.$.pl.$.abl.,sabba,,,,,1,100,8,irregular,cm
683,sabbebhi,.ti.,.m.$.pl.$.inst.,sabba,,,,,1,100,8,irregular,cm
684,sabbebhi,.ti.,.nt.$.pl.$.inst.,sabba,,,,,1,100,8,irregular,cm
685,sabbehi,.ti.,.m.$.pl.$.abl.,sabba,,,,,1,100,7,irregular,cm
686,sabbehi,.ti.,.nt.$.pl.$.abl.,sabba,,,,,1,100,7,irregular,cm
687,sabbehi,.ti.,.m.$.pl.$.inst.,sabba,,,,,1,100,7,irregular,cm
688,sabbehi,.ti.,.nt.$.pl.$.inst.,sabba,,,,,1,100,7,irregular,cm
689,sabbena,.ti.,.m.$.sg.$.inst.,sabba,,,,,1,100,7,irregular,cm
690,sabbena,.ti.,.nt.$.sg.$.inst.,sabba,,,,,1,100,7,irregular,cm
691,sabbesaṃ,.ti.,.m.$.pl.$.dat.,sabba,,,,,1,100,8,irregular,cm
692,sabbesaṃ,.ti.,.nt.$.pl.$.dat.,sabba,,,,,1,100,8,irregular,cm
693,sabbesaṃ,.ti.,.m.$.pl.$.gen.,sabba,,,,,1,100,8,irregular,cm
694,sabbesaṃ,.ti.,.nt.$.pl.$.gen.,sabba,,,,,1,100,8,irregular,cm
695,sabbesānaṃ,.ti.,.m.$.pl.$.dat.,sabba,,,,,1,100,10,irregular,cm
696,sabbesānaṃ,.ti.,.nt.$.pl.$.dat.,sabba,,,,,1,100,10,irregular,cm
697,sabbesānaṃ,.ti.,.m.$.pl.$.gen.,sabba,,,,,1,100,10,irregular,cm
698,sabbesānaṃ,.ti.,.nt.$.pl.$.gen.,sabba,,,,,1,100,10,irregular,cm
699,sabbesu,.ti.,.m.$.pl.$.loc.,sabba,,,,,1,100,7,irregular,cm
700,sabbesu,.ti.,.nt.$.pl.$.loc.,sabba,,,,,1,100,7,irregular,cm
701,sabbo,.ti.,.m.$.sg.$.nom.,sabba,,,,,1,100,5,irregular,cm
702,naṃ,.pron.,.f.$.sg.$.acc.,ta,,,,,1,100,3,irregular,cm
703,naṃ,.pron.,.m.$.sg.$.acc.,ta,,,,,1,100,3,irregular,cm
704,nesaṃ,.pron.,.m.$.pl.$.dat.,ta,,,,,1,100,5,irregular,cm
705,nesaṃ,.pron.,.nt.$.pl.$.dat.,ta,,,,,1,100,5,irregular,cm
706,nesaṃ,.pron.,.m.$.pl.$.gen.,ta,,,,,1,100,5,irregular,cm
707,nesaṃ,.pron.,.nt.$.pl.$.gen.,ta,,,,,1,100,5,irregular,cm
708,nesānaṃ,.pron.,.m.$.pl.$.dat.,ta,,,,,1,100,7,irregular,cm
709,nesānaṃ,.pron.,.nt.$.pl.$.dat.,ta,,,,,1,100,7,irregular,cm
710,nesānaṃ,.pron.,.m.$.pl.$.gen.,ta,,,,,1,100,7,irregular,cm
711,nesānaṃ,.pron.,.nt.$.pl.$.gen.,ta,,,,,1,100,7,irregular,cm
712,sa,.pron.,.m.$.sg.$.nom.,ta,,,,,1,100,2,irregular,cm
713,sā,.pron.,.f.$.sg.$.nom.,ta,,,,,1,100,2,irregular,cm
714,se,.pron.,.nt.$.sg.$.acc.,ta,,,,,1,100,2,irregular,cm
715,se,.pron.,.nt.$.sg.$.nom.,ta,,,,,1,100,2,irregular,cm
716,so,.pron.,.m.$.sg.$.nom.,ta,,,,,1,100,2,irregular,cm
717,tā,.pron.,.f.$.pl.$.acc.,ta,,,,,1,100,2,irregular,cm
718,tā,.pron.,.f.$.pl.$.nom.,ta,,,,,1,100,2,irregular,cm
719,tābhi,.pron.,.f.$.pl.$.abl.,ta,,,,,1,100,5,irregular,cm
720,tābhi,.pron.,.f.$.pl.$.inst.,ta,,,,,1,100,5,irregular,cm
721,tad,.pron.,.nt.$.sg.$.acc.,ta,,,,,1,100,3,irregular,cm
722,tad,.pron.,.nt.$.sg.$.nom.,ta,,,,,1,100,3,irregular,cm
723,tadaṃ,.pron.,.nt.$.sg.$.acc.,ta,,,,,1,100,5,irregular,cm
724,tadaṃ,.pron.,.nt.$.sg.$.nom.,ta,,,,,1,100,5,irregular,cm
725,tāhi,.pron.,.f.$.pl.$.abl.,ta,,,,,1,100,4,irregular,cm
726,tāhi,.pron.,.f.$.pl.$.inst.,ta,,,,,1,100,4,irregular,cm
727,taṃ,.pron.,.f.$.sg.$.acc.,ta,,,,,1,100,3,irregular,cm
728,taṃ,.pron.,.m.$.sg.$.acc.,ta,,,,,1,100,3,irregular,cm
729,taṃ,.pron.,.nt.$.sg.$.acc.,ta,,,,,1,100,3,irregular,cm
730,taṃ,.pron.,.nt.$.sg.$.nom.,ta,,,,,1,100,3,irregular,cm
731,tamhā,.pron.,.m.$.sg.$.abl.,ta,,,,,1,100,5,irregular,cm
732,tamhā,.pron.,.nt.$.sg.$.abl.,ta,,,,,1,100,5,irregular,cm
733,tamhi,.pron.,.m.$.sg.$.loc.,ta,,,,,1,100,5,irregular,cm
734,tamhi,.pron.,.nt.$.sg.$.loc.,ta,,,,,1,100,5,irregular,cm
735,tāni,.pron.,.nt.$.pl.$.acc.,ta,,,,,1,100,4,irregular,cm
736,tāni,.pron.,.nt.$.pl.$.nom.,ta,,,,,1,100,4,irregular,cm
737,tāsaṃ,.pron.,.f.$.pl.$.dat.,ta,,,,,1,100,5,irregular,cm
738,tāsaṃ,.pron.,.f.$.pl.$.gen.,ta,,,,,1,100,5,irregular,cm
739,tāsaṃ,.pron.,.f.$.sg.$.loc.,ta,,,,,1,100,5,irregular,cm
740,tāsānaṃ,.pron.,.f.$.pl.$.dat.,ta,,,,,1,100,7,irregular,cm
741,tāsānaṃ,.pron.,.f.$.pl.$.gen.,ta,,,,,1,100,7,irregular,cm
742,tasmā,.pron.,.m.$.sg.$.abl.,ta,,,,,1,100,5,irregular,cm
743,tasmā,.pron.,.nt.$.sg.$.abl.,ta,,,,,1,100,5,irregular,cm
744,tasmiṃ,.pron.,.m.$.sg.$.loc.,ta,,,,,1,100,6,irregular,cm
745,tasmiṃ,.pron.,.nt.$.sg.$.loc.,ta,,,,,1,100,6,irregular,cm
746,tassa,.pron.,.m.$.sg.$.dat.,ta,,,,,1,100,5,irregular,cm
747,tassa,.pron.,.nt.$.sg.$.dat.,ta,,,,,1,100,5,irregular,cm
748,tassa,.pron.,.m.$.sg.$.gen.,ta,,,,,1,100,5,irregular,cm
749,tassa,.pron.,.nt.$.sg.$.gen.,ta,,,,,1,100,5,irregular,cm
750,tassā,.pron.,.f.$.sg.$.dat.,ta,,,,,1,100,5,irregular,cm
751,tassā,.pron.,.f.$.sg.$.gen.,ta,,,,,1,100,5,irregular,cm
752,tassaṃ,.pron.,.f.$.sg.$.loc.,ta,,,,,1,100,6,irregular,cm
753,tassāya,.pron.,.f.$.sg.$.dat.,ta,,,,,1,100,7,irregular,cm
754,tassāya,.pron.,.f.$.sg.$.gen.,ta,,,,,1,100,7,irregular,cm
755,tāsu,.pron.,.f.$.pl.$.loc.,ta,,,,,1,100,4,irregular,cm
756,tato,.pron.,.m.$.sg.$.abl.,ta,,,,,1,100,4,irregular,cm
757,tato,.pron.,.nt.$.sg.$.abl.,ta,,,,,1,100,4,irregular,cm
758,tāya,.pron.,.f.$.sg.$.abl.,ta,,,,,1,100,4,irregular,cm
759,tāya,.pron.,.f.$.sg.$.inst.,ta,,,,,1,100,4,irregular,cm
760,tāyaṃ,.pron.,.f.$.sg.$.loc.,ta,,,,,1,100,5,irregular,cm
761,tāyo,.pron.,.f.$.pl.$.acc.,ta,,,,,1,100,4,irregular,cm
762,tāyo,.pron.,.f.$.pl.$.nom.,ta,,,,,1,100,4,irregular,cm
763,te,.pron.,.m.$.pl.$.acc.,ta,,,,,1,100,2,irregular,cm
764,te,.pron.,.nt.$.pl.$.acc.,ta,,,,,1,100,2,irregular,cm
765,te,.pron.,.m.$.pl.$.nom.,ta,,,,,1,100,2,irregular,cm
766,te,.pron.,.nt.$.pl.$.nom.,ta,,,,,1,100,2,irregular,cm
767,tebhi,.pron.,.m.$.pl.$.abl.,ta,,,,,1,100,5,irregular,cm
768,tebhi,.pron.,.nt.$.pl.$.abl.,ta,,,,,1,100,5,irregular,cm
769,tebhi,.pron.,.m.$.pl.$.inst.,ta,,,,,1,100,5,irregular,cm
770,tebhi,.pron.,.nt.$.pl.$.inst.,ta,,,,,1,100,5,irregular,cm
771,tehi,.pron.,.m.$.pl.$.abl.,ta,,,,,1,100,4,irregular,cm
772,tehi,.pron.,.nt.$.pl.$.abl.,ta,,,,,1,100,4,irregular,cm
773,tehi,.pron.,.m.$.pl.$.inst.,ta,,,,,1,100,4,irregular,cm
774,tehi,.pron.,.nt.$.pl.$.inst.,ta,,,,,1,100,4,irregular,cm
775,tena,.pron.,.m.$.sg.$.inst.,ta,,,,,1,100,4,irregular,cm
776,tena,.pron.,.nt.$.sg.$.inst.,ta,,,,,1,100,4,irregular,cm
777,tesaṃ,.pron.,.m.$.pl.$.dat.,ta,,,,,1,100,5,irregular,cm
778,tesaṃ,.pron.,.nt.$.pl.$.dat.,ta,,,,,1,100,5,irregular,cm
779,tesaṃ,.pron.,.m.$.pl.$.gen.,ta,,,,,1,100,5,irregular,cm
780,tesaṃ,.pron.,.nt.$.pl.$.gen.,ta,,,,,1,100,5,irregular,cm
781,tesānaṃ,.pron.,.m.$.pl.$.dat.,ta,,,,,1,100,7,irregular,cm
782,tesānaṃ,.pron.,.nt.$.pl.$.dat.,ta,,,,,1,100,7,irregular,cm
783,tesānaṃ,.pron.,.m.$.pl.$.gen.,ta,,,,,1,100,7,irregular,cm
784,tesānaṃ,.pron.,.nt.$.pl.$.gen.,ta,,,,,1,100,7,irregular,cm
785,tesu,.pron.,.m.$.pl.$.loc.,ta,,,,,1,100,4,irregular,cm
786,tesu,.pron.,.nt.$.pl.$.loc.,ta,,,,,1,100,4,irregular,cm
787,tissā,.pron.,.f.$.sg.$.dat.,ta,,,,,1,100,5,irregular,cm
788,tissā,.pron.,.f.$.sg.$.gen.,ta,,,,,1,100,5,irregular,cm
789,tissaṃ,.pron.,.f.$.sg.$.loc.,ta,,,,,1,100,6,irregular,cm
790,tissāya,.pron.,.f.$.sg.$.dat.,ta,,,,,1,100,7,irregular,cm
791,tissāya,.pron.,.f.$.sg.$.gen.,ta,,,,,1,100,7,irregular,cm
792,tumhākaṃ,.pron.,.2p.$.pl.$.acc.,tumha,,,,,1,100,8,irregular,cm
793,tumhākaṃ,.pron.,.2p.$.pl.$.dat.,tumha,,,,,1,100,8,irregular,cm
794,tumhākaṃ,.pron.,.2p.$.pl.$.gen.,tumha,,,,,1,100,8,irregular,cm
795,tumham,.pron.,.2p.$.pl.$.dat.,tumha,,,,,1,100,6,irregular,cm
796,tumham,.pron.,.2p.$.pl.$.gen.,tumha,,,,,1,100,6,irregular,cm
797,tumhaṃ,.pron.,.2p.$.sg.$.dat.,tumha,,,,,1,100,6,irregular,cm
798,tumhaṃ,.pron.,.2p.$.sg.$.gen.,tumha,,,,,1,100,6,irregular,cm
799,tumhe,.pron.,.2p.$.pl.$.acc.,tumha,,,,,1,100,5,irregular,cm
800,tumhe,.pron.,.2p.$.pl.$.nom.,tumha,,,,,1,100,5,irregular,cm
801,tumhebhi,.pron.,.2p.$.pl.$.abl.,tumha,,,,,1,100,8,irregular,cm
802,tumhebhi,.pron.,.2p.$.pl.$.inst.,tumha,,,,,1,100,8,irregular,cm
803,tumhehi,.pron.,.2p.$.pl.$.abl.,tumha,,,,,1,100,7,irregular,cm
804,tumhehi,.pron.,.2p.$.pl.$.inst.,tumha,,,,,1,100,7,irregular,cm
805,tumhesu,.pron.,.2p.$.pl.$.loc.,tumha,,,,,1,100,7,irregular,cm
806,tuvaṃ,.pron.,.2p.$.sg.$.acc.,tumha,,,,,1,100,5,irregular,cm
807,tuvaṃ,.pron.,.2p.$.sg.$.nom.,tumha,,,,,1,100,5,irregular,cm
808,tuyham,.pron.,.2p.$.sg.$.dat.,tumha,,,,,1,100,6,irregular,cm
809,tuyham,.pron.,.2p.$.sg.$.gen.,tumha,,,,,1,100,6,irregular,cm
810,tvam,.pron.,.2p.$.sg.$.acc.,tumha,,,,,1,100,4,irregular,cm
811,tvam,.pron.,.2p.$.sg.$.nom.,tumha,,,,,1,100,4,irregular,cm
812,tvayā,.pron.,.2p.$.sg.$.abl.,tumha,,,,,1,100,5,irregular,cm
813,tvayā,.pron.,.2p.$.sg.$.inst.,tumha,,,,,1,100,5,irregular,cm
814,tvayi,.pron.,.2p.$.sg.$.loc.,tumha,,,,,1,100,5,irregular,cm
815,vayaṃ,.pron.,.2p.$.pl.$.nom.,tumha,,,,,1,100,5,irregular,cm
816,vo,.pron.,.2p.$.pl.$.acc.,tumha,,,,,1,100,2,irregular,cm
817,vo,.pron.,.2p.$.pl.$.dat.,tumha,,,,,1,100,2,irregular,cm
818,vo,.pron.,.2p.$.pl.$.gen.,tumha,,,,,1,100,2,irregular,cm
819,yā,.pron.,.f.$.pl.$.acc.,ya,,,,,1,100,2,irregular,cm
820,yā,.pron.,.f.$.sg.$.nom.,ya,,,,,1,100,2,irregular,cm
821,yā,.pron.,.f.$.pl.$.nom.,ya,,,,,1,100,2,irregular,cm
822,yābhi,.pron.,.f.$.pl.$.abl.,ya,,,,,1,100,5,irregular,cm
823,yābhi,.pron.,.f.$.pl.$.inst.,ya,,,,,1,100,5,irregular,cm
824,yad,.pron.,.nt.$.sg.$.acc.,ya,,,,,1,100,3,irregular,cm
825,yad,.pron.,.nt.$.sg.$.nom.,ya,,,,,1,100,3,irregular,cm
826,yāhi,.pron.,.f.$.pl.$.abl.,ya,,,,,1,100,4,irregular,cm
827,yāhi,.pron.,.f.$.pl.$.inst.,ya,,,,,1,100,4,irregular,cm
828,yaṃ,.pron.,.f.$.sg.$.acc.,ya,,,,,1,100,3,irregular,cm
829,yaṃ,.pron.,.m.$.sg.$.acc.,ya,,,,,1,100,3,irregular,cm
830,yaṃ,.pron.,.nt.$.sg.$.acc.,ya,,,,,1,100,3,irregular,cm
831,yaṃ,.pron.,.nt.$.sg.$.nom.,ya,,,,,1,100,3,irregular,cm
832,yamhā,.pron.,.m.$.sg.$.abl.,ya,,,,,1,100,5,irregular,cm
833,yamhā,.pron.,.nt.$.sg.$.abl.,ya,,,,,1,100,5,irregular,cm
834,yamhi,.pron.,.m.$.sg.$.loc.,ya,,,,,1,100,5,irregular,cm
835,yamhi,.pron.,.nt.$.sg.$.loc.,ya,,,,,1,100,5,irregular,cm
836,yāni,.pron.,.nt.$.pl.$.acc.,ya,,,,,1,100,4,irregular,cm
837,yāni,.pron.,.nt.$.pl.$.nom.,ya,,,,,1,100,4,irregular,cm
838,yāsaṃ,.pron.,.f.$.pl.$.dat.,ya,,,,,1,100,5,irregular,cm
839,yāsaṃ,.pron.,.f.$.pl.$.gen.,ya,,,,,1,100,5,irregular,cm
840,yāsānaṃ,.pron.,.f.$.pl.$.dat.,ya,,,,,1,100,7,irregular,cm
841,yāsānaṃ,.pron.,.f.$.pl.$.gen.,ya,,,,,1,100,7,irregular,cm
842,yasmā,.pron.,.m.$.sg.$.abl.,ya,,,,,1,100,5,irregular,cm
843,yasmā,.pron.,.nt.$.sg.$.abl.,ya,,,,,1,100,5,irregular,cm
844,yasmiṃ,.pron.,.m.$.sg.$.loc.,ya,,,,,1,100,6,irregular,cm
845,yasmiṃ,.pron.,.nt.$.sg.$.loc.,ya,,,,,1,100,6,irregular,cm
846,yassa,.pron.,.m.$.sg.$.dat.,ya,,,,,1,100,5,irregular,cm
847,yassa,.pron.,.nt.$.sg.$.dat.,ya,,,,,1,100,5,irregular,cm
848,yassa,.pron.,.m.$.sg.$.gen.,ya,,,,,1,100,5,irregular,cm
849,yassa,.pron.,.nt.$.sg.$.gen.,ya,,,,,1,100,5,irregular,cm
850,yassā,.pron.,.f.$.sg.$.dat.,ya,,,,,1,100,5,irregular,cm
851,yassā,.pron.,.f.$.sg.$.gen.,ya,,,,,1,100,5,irregular,cm
852,yassaṃ,.pron.,.f.$.sg.$.loc.,ya,,,,,1,100,6,irregular,cm
853,yāsu,.pron.,.f.$.pl.$.loc.,ya,,,,,1,100,4,irregular,cm
854,yāya,.pron.,.f.$.sg.$.abl.,ya,,,,,1,100,4,irregular,cm
855,yāya,.pron.,.f.$.sg.$.dat.,ya,,,,,1,100,4,irregular,cm
856,yāya,.pron.,.f.$.sg.$.gen.,ya,,,,,1,100,4,irregular,cm
857,yāya,.pron.,.f.$.sg.$.inst.,ya,,,,,1,100,4,irregular,cm
858,yāya,.pron.,.f.$.sg.$.loc.,ya,,,,,1,100,4,irregular,cm
859,yāyaṃ,.pron.,.f.$.sg.$.loc.,ya,,,,,1,100,5,irregular,cm
860,yāyo,.pron.,.f.$.pl.$.acc.,ya,,,,,1,100,4,irregular,cm
861,yāyo,.pron.,.f.$.pl.$.nom.,ya,,,,,1,100,4,irregular,cm
862,ye,.pron.,.m.$.pl.$.acc.,ya,,,,,1,100,2,irregular,cm
863,ye,.pron.,.nt.$.sg.$.acc.,ya,,,,,1,100,2,irregular,cm
864,ye,.pron.,.nt.$.pl.$.acc.,ya,,,,,1,100,2,irregular,cm
865,ye,.pron.,.m.$.pl.$.nom.,ya,,,,,1,100,2,irregular,cm
866,ye,.pron.,.nt.$.sg.$.nom.,ya,,,,,1,100,2,irregular,cm
867,ye,.pron.,.nt.$.pl.$.nom.,ya,,,,,1,100,2,irregular,cm
868,yebhi,.pron.,.m.$.pl.$.abl.,ya,,,,,1,100,5,irregular,cm
869,yebhi,.pron.,.nt.$.pl.$.abl.,ya,,,,,1,100,5,irregular,cm
870,yebhi,.pron.,.m.$.pl.$.inst.,ya,,,,,1,100,5,irregular,cm
871,yebhi,.pron.,.nt.$.pl.$.inst.,ya,,,,,1,100,5,irregular,cm
872,yehi,.pron.,.m.$.pl.$.abl.,ya,,,,,1,100,4,irregular,cm
873,yehi,.pron.,.nt.$.pl.$.abl.,ya,,,,,1,100,4,irregular,cm
874,yehi,.pron.,.m.$.pl.$.inst.,ya,,,,,1,100,4,irregular,cm
875,yehi,.pron.,.nt.$.pl.$.inst.,ya,,,,,1,100,4,irregular,cm
876,yena,.pron.,.m.$.sg.$.inst.,ya,,,,,1,100,4,irregular,cm
877,yena,.pron.,.nt.$.sg.$.inst.,ya,,,,,1,100,4,irregular,cm
878,yesaṃ,.pron.,.m.$.pl.$.dat.,ya,,,,,1,100,5,irregular,cm
879,yesaṃ,.pron.,.nt.$.pl.$.dat.,ya,,,,,1,100,5,irregular,cm
880,yesaṃ,.pron.,.m.$.pl.$.gen.,ya,,,,,1,100,5,irregular,cm
881,yesaṃ,.pron.,.nt.$.pl.$.gen.,ya,,,,,1,100,5,irregular,cm
882,yesānaṃ,.pron.,.m.$.pl.$.dat.,ya,,,,,1,100,7,irregular,cm
883,yesānaṃ,.pron.,.nt.$.pl.$.dat.,ya,,,,,1,100,7,irregular,cm
884,yesānaṃ,.pron.,.m.$.pl.$.gen.,ya,,,,,1,100,7,irregular,cm
885,yesānaṃ,.pron.,.nt.$.pl.$.gen.,ya,,,,,1,100,7,irregular,cm
886,yesu,.pron.,.m.$.pl.$.loc.,ya,,,,,1,100,4,irregular,cm
887,yesu,.pron.,.nt.$.pl.$.loc.,ya,,,,,1,100,4,irregular,cm
888,yo,.pron.,.m.$.sg.$.nom.,ya,,,,,1,100,2,irregular,cm
889,arahantī,.n.,.f.$.sg.$.acc.,arahant,婀拉嫨,,arahanta+[ī],,1,100,8,irregular,zh-hans
890,arahati,.n.,.f.$.sg.$.acc.,arahant,婀拉嫨,,arahanta+[i],,1,100,7,irregular,zh-hans
891,arahantī,.n.,.f.$.pl.$.nom.,arahant,婀拉嫨,,arahanta+[ī],,1,100,8,irregular,zh-hans
892,arahantī,.n.,.f.$.pl.$.acc.,arahant,婀拉嫨,,arahanta+[ī],,1,100,8,irregular,zh-hans
893,tumha,.pron:base.,,,你,,,,1,100,8,Kosalla_China,zh-hans
894,tumha,.pron:base.,,,you,,,,1,100,8,Kosalla_China,cm
895,tumhākaṃ,.pron.,.2p.$.pl.$.acc.,tumha,,,,,1,100,8,irregular,cm
896,tumhākaṃ,.pron.,.2p.$.pl.$.dat.,tumha,,,,,1,100,8,irregular,cm
897,tumhākaṃ,.pron.,.2p.$.pl.$.gen.,tumha,,,,,1,100,8,irregular,cm
898,tumhaṃ,.pron.,.2p.$.pl.$.dat.,tumha,,,,,1,100,6,irregular,cm
899,tumhaṃ,.pron.,.2p.$.pl.$.gen.,tumha,,,,,1,100,6,irregular,cm
900,tumhe,.pron.,.2p.$.pl.$.nom.,tumha,,,,,1,100,5,irregular,cm
901,tumhe,.pron.,.2p.$.pl.$.acc.,tumha,,,,,1,100,5,irregular,cm
902,tumhebhi,.pron.,.2p.$.pl.$.ins.,tumha,,,,,1,100,8,irregular,cm
903,tumhebhi,.pron.,.2p.$.pl.$.abl.,tumha,,,,,1,100,8,irregular,cm
904,tumhehi,.pron.,.2p.$.pl.$.ins.,tumha,,,,,1,100,7,irregular,cm
905,tumhehi,.pron.,.2p.$.pl.$.abl.,tumha,,,,,1,100,7,irregular,cm
906,tumhesu,.pron.,.2p.$.pl.$.loc.,tumha,,,,,1,100,7,irregular,cm
907,vo,.pron.,.2p.$.pl.$.abl.,tumha,,,,,1,100,2,irregular,cm
908,vo,.pron.,.2p.$.pl.$.ins.,tumha,,,,,1,100,2,irregular,cm
909,vo,.pron.,.2p.$.pl.$.acc.,tumha,,,,,1,100,2,irregular,cm
910,vo,.pron.,.2p.$.pl.$.dat.,tumha,,,,,1,100,2,irregular,cm
911,vo,.pron.,.2p.$.pl.$.gen.,tumha,,,,,1,100,2,irregular,cm
912,taṃ,.pron.,.2p.$.sg.$.nom.,tumha,,,,,1,100,3,irregular,cm
913,taṃ,.pron.,.2p.$.sg.$.acc.,tumha,,,,,1,100,3,irregular,cm
914,tava,.pron.,.2p.$.sg.$.dat.,tumha,,,,,1,100,4,irregular,cm
915,tava,.pron.,.2p.$.sg.$.gen.,tumha,,,,,1,100,4,irregular,cm
916,tavaṃ,.pron.,.2p.$.sg.$.acc.,tumha,,,,,1,100,5,irregular,cm
917,tavaṃ,.pron.,.2p.$.sg.$.dat.,tumha,,,,,1,100,5,irregular,cm
918,tavaṃ,.pron.,.2p.$.sg.$.gen.,tumha,,,,,1,100,5,irregular,cm
919,tayā,.pron.,.2p.$.sg.$.ins.,tumha,,,,,1,100,4,irregular,cm
920,tayā,.pron.,.2p.$.sg.$.abl.,tumha,,,,,1,100,4,irregular,cm
921,tayi,.pron.,.2p.$.sg.$.loc.,tumha,,,,,1,100,4,irregular,cm
922,te,.pron.,.2p.$.sg.$.ins.,tumha,,,,,1,100,2,irregular,cm
923,te,.pron.,.2p.$.sg.$.abl.,tumha,,,,,1,100,2,irregular,cm
924,te,.pron.,.2p.$.sg.$.dat.,tumha,,,,,1,100,2,irregular,cm
925,te,.pron.,.2p.$.sg.$.gen.,tumha,,,,,1,100,2,irregular,cm
926,tumhaṃ,.pron.,.2p.$.sg.$.dat.,tumha,,,,,1,100,6,irregular,cm
927,tumhaṃ,.pron.,.2p.$.sg.$.gen.,tumha,,,,,1,100,6,irregular,cm
928,tuvaṃ,.pron.,.2p.$.sg.$.nom.,tumha,,,,,1,100,5,irregular,cm
929,tuvaṃ,.pron.,.2p.$.sg.$.acc.,tumha,,,,,1,100,5,irregular,cm
930,tuyhaṃ,.pron.,.2p.$.sg.$.dat.,tumha,,,,,1,100,6,irregular,cm
931,tuyhaṃ,.pron.,.2p.$.sg.$.gen.,tumha,,,,,1,100,6,irregular,cm
932,tvaṃ,.pron.,.2p.$.sg.$.nom.,tumha,,,,,1,100,4,irregular,cm
933,tvaṃ,.pron.,.2p.$.sg.$.acc.,tumha,,,,,1,100,4,irregular,cm
934,tvayā,.pron.,.2p.$.sg.$.ins.,tumha,,,,,1,100,5,irregular,cm
935,tvayā,.pron.,.2p.$.sg.$.abl.,tumha,,,,,1,100,5,irregular,cm
936,tvayi,.pron.,.2p.$.sg.$.loc.,tumha,,,,,1,100,5,irregular,cm
937,hā,.ind.,.interj.,,唉！,,,,1,100,2,vn,zh-hans
938,ah,.ind.,.interj.,,啊！$哎呀！,,,,1,100,2,vn,zh-hans
939,handa,.ind.,.interj.,,好了（表容许）,,,,1,100,5,vn,zh-hans
940,aṅga,.ind.,.interj.,,诚然,,,,1,100,4,vn,zh-hans
941,bho,.ind.,.interj.,,您$大德$友,,,,1,100,3,vn,zh-hans
942,hare,.ind.,.interj.,,小子$老兄（用来称呼晚辈）,,,,1,100,4,vn,zh-hans
943,bhaṇe,.pron.,.1p.$.sg.$.refl.,bhaṇati,对下属的称呼,,,,1,100,5,vn,zh-hans
944,maññe,.pron.,.1p.$.sg.$.refl.,maññati,我想$我敢说$我认为,,,,1,100,5,vn,zh-hans
945,hā,.ind.,.interj.,,alas,,,,1,100,2,Kosalla_China,cm
946,handa,.ind.,.interj.,,come!,,,,1,100,5,Kosalla_China,cm
947,aṅga,.ind.,.interj.,,indeed!,,,,1,100,4,Kosalla_China,cm
948,bho,.ind.,.interj.,,Sir!$I say!$friend!,,,,1,100,3,Kosalla_China,cm
949,bhaṇe,.pron.,.1p.$.sg.$.refl.,bhaṇati,I say there!,,,,1,100,5,Kosalla_China,cm
950,maññe,.pron.,.1p.$.sg.$.refl.,maññati,methinks!$Indare say!$I suppose!,,,,1,100,5,Kosalla_China,cm
951,ahaha,.ind.,.interj.,,唉$啊$呜呼,,,,1,100,5,vn,zh-hans
952,aho vata,.ind.,.interj.,,啊！,,,,1,100,8,vn,zh-hans
953,are,.ind.,.interj.,,喂$嘿$小子$我说呀,,,,1,100,3,vn,zh-hans
954,dhi,.ind.,.interj.,,呸$可耻$倒霉,,,,1,100,3,vn,zh-hans
955,dhī,.ind.,.interj.,,呸$可耻$倒霉,,,,1,100,3,vn,zh-hans
956,sādhu,.ind.,.interj.,,太好了$萨度,,,,1,100,5,vn,zh-hans
957,amā,.ind.,.interj.,,yes!$truly!,,,,1,100,3,Kosalla_China,cm
958,atha,.ind.,.conj.,,and$then$now,,,,1,100,4,Kosalla_China,cm
959,atho,.ind.,.conj.,,and also$then,,,,1,100,4,Kosalla_China,cm
960,ca,.ind.,.conj.,,and$also$but$even,,,,1,100,2,Kosalla_China,cm
961,saha,.ind.,.conj.,,and,,,,1,100,4,Kosalla_China,cm
962,atha vā,.ind.,.conj.,,or else$rather,,,,1,100,7,Kosalla_China,cm
963,uda,.ind.,.conj.,,or,,,,1,100,3,Kosalla_China,cm
964,uda vā,.ind.,.conj.,,either .. or,,,,1,100,6,Kosalla_China,cm
965,tathāvā,.ind.,.conj.,,nevertheless,,,,1,100,7,Kosalla_China,cm
966,na vā,.ind.,.conj.,,or not,,,,1,100,5,Kosalla_China,cm
967,yadi vā,.ind.,.conj.,,whether,,,,1,100,7,Kosalla_China,cm
968,yadi vā.. yadi vā,.ind.,.conj.,,whether or,,,,1,100,17,Kosalla_China,cm
969,vā,.ind.,.conj.,,or,,,,1,100,2,Kosalla_China,cm
970,ce,.ind.,.conj.,,if$if not,,,,1,100,2,Kosalla_China,cm
971,yadi evaṃ,.ind.,.conj.,,if so,,,,1,100,9,Kosalla_China,cm
972,yajjevaṃ,.ind.,.conj.,,if so,,,,1,100,8,Kosalla_China,cm
973,yadi sace,.ind.,.conj.,,if,,,,1,100,9,Kosalla_China,cm
974,amā,.ind.,.interj.,,是的$对呀,,,,1,100,3,vn,zh-hans
975,atha,.ind.,.conj.,,和$然后$现在,,,,1,100,4,vn,zh-hans
976,atho,.ind.,.conj.,,和$也$然后,,,,1,100,4,vn,zh-hans
977,ca,.ind.,.conj.,,和$也$但$甚至,,,,1,100,2,vn,zh-hans
978,saha,.ind.,.conj.,,以及,,,,1,100,4,vn,zh-hans
979,atha vā,.ind.,.conj.,,否则$不然$反而,,,,1,100,7,vn,zh-hans
980,uda,.ind.,.conj.,,或,,,,1,100,3,vn,zh-hans
981,uda vā,.ind.,.conj.,,抑…或,,,,1,100,6,vn,zh-hans
982,tathāvā,.ind.,.conj.,,然而$仍然,,,,1,100,7,vn,zh-hans
983,na vā,.ind.,.conj.,,否则的话,,,,1,100,5,vn,zh-hans
984,yadi vā,.ind.,.conj.,,是否$哪一个,,,,1,100,7,vn,zh-hans
985,yadi vā.. yadi vā,.ind.,.conj.,,无论…还是,,,,1,100,18,vn,zh-hans
986,vā,.ind.,.conj.,,或,,,,1,100,2,vn,zh-hans
987,ce,.ind.,.conj.,,如果,,,,1,100,2,vn,zh-hans
988,yadi evaṃ,.ind.,.conj.,,如果…的话,,,,1,100,9,vn,zh-hans
989,yajjevaṃ,.ind.,.conj.,,如果…的话,,,,1,100,8,vn,zh-hans
990,yadi sace,.ind.,.conj.,,如果,,,,1,100,9,vn,zh-hans
991,hi,.ind.,.conj.,,for$because$certainly,,,,1,100,2,Kosalla_China,cm
992,hi,.ind.,.conj.,,为了$因为$当然,,,,1,100,2,vn,zh-hans
993,labhati,.v:base.,,labha,get,,,,1,100,7,Kosalla_China,cm
994,labhati,.v:base.,,labha,得$获得$取得$收获$收到$达到,,,,1,100,8,vn,zh-hans
995,labhiṃsu,.v.,.3p.$.pl.$.aor.,labhati,,,,,1,100,8,vn,cm
996,alabhiṃsu,.v.,.3p.$.pl.$.aor.,labhati,,,,,1,100,9,vn,cm
997,labhitha,.v.,.2p.$.pl.$.aor.,labhati,,,,,1,100,8,vn,cm
998,alabhitha,.v.,.2p.$.pl.$.aor.,labhati,,,,,1,100,9,vn,cm
999,labhimha,.v.,.1p.$.pl.$.aor.,labhati,,,,,1,100,8,vn,cm
1000,alabhimha,.v.,.1p.$.pl.$.aor.,labhati,,,,,1,100,9,vn,cm
1001,labhimhā,.v.,.1p.$.pl.$.aor.,labhati,,,,,1,100,8,vn,cm
1002,alabhimhā,.v.,.1p.$.pl.$.aor.,labhati,,,,,1,100,9,vn,cm
1003,labhi,.v.,.3p.$.sg.$.aor.,labhati,,,,,1,100,5,vn,cm
1004,alabhi,.v.,.3p.$.sg.$.aor.,labhati,,,,,1,100,6,vn,cm
1005,alattha,.v.,.3p.$.sg.$.aor.,labhati,,,,,1,100,7,vn,cm
1006,labha,.v.,.2p.$.sg.$.aor.,labhati,,,,,1,100,5,vn,cm
1007,alabha,.v.,.2p.$.sg.$.aor.,labhati,,,,,1,100,6,vn,cm
1008,labhi,.v.,.2p.$.sg.$.aor.,labhati,,,,,1,100,5,vn,cm
1009,alabhi,.v.,.2p.$.sg.$.aor.,labhati,,,,,1,100,6,vn,cm
1010,labhiṃ,.v.,.1p.$.sg.$.aor.,labhati,,,,,1,100,6,vn,cm
1011,alabhiṃ,.v.,.1p.$.sg.$.aor.,labhati,,,,,1,100,7,vn,cm
1012,alatthaṃ,.v.,.1p.$.sg.$.aor.,labhati,,,,,1,100,8,vn,cm
1013,atthi,.v:base.,,asa,是$有$在$存在,,,,1,100,5,vn,zh-hans
1014,atthi,.v:base.,,asa,be$have$become,,,,1,100,5,Kosalla_China,cm
1015,atthi,.v.,.3p.$.sg.$.pres.,atthi,,,,,1,100,5,vn,cm
1016,asi,.v.,.2p.$.sg.$.pres.,atthi,,,,,1,100,3,vn,cm
1017,attha,.v.,.2p.$.pl.$.pres.,atthi,,,,,1,100,5,vn,cm
1018,āsi,.v.,.3p.$.sg.$.aor.,atthi,,,,,1,100,3,vn,cm
1019,āsi,.v.,.2p.$.sg.$.aor.,atthi,,,,,1,100,3,vn,cm
1020,āsiṃ,.v.,.1p.$.sg.$.aor.,atthi,,,,,1,100,4,vn,cm
1021,āsuṃ,.v.,.3p.$.pl.$.aor.,atthi,,,,,1,100,4,vn,cm
1022,āsittha,.v.,.2p.$.pl.$.aor.,atthi,,,,,1,100,7,vn,cm
1023,atthu,.v.,.3p.$.sg.$.imp.,atthi,,,,,1,100,5,vn,cm
1024,āhi,.v.,.2p.$.sg.$.imp.,atthi,,,,,1,100,3,vn,cm
1025,santu,.v.,.3p.$.pl.$.imp.,atthi,,,,,1,100,5,vn,cm
1026,attha,.v.,.2p.$.pl.$.imp.,atthi,,,,,1,100,5,vn,cm
1027,assatha,.v.,.2p.$.pl.$.opt.,atthi,,,,,1,100,7,vn,cm
1028,assāma,.v.,.1p.$.pl.$.opt.,atthi,,,,,1,100,6,vn,cm
1029,asmi,.v.,.1p.$.sg.$.pres.,atthi,,,,,1,100,4,vn,cm
1030,amhi,.v.,.1p.$.sg.$.pres.,atthi,,,,,1,100,4,vn,cm
1031,atthi,.v.,.3p.$.pl.$.pres.,atthi,,,,,1,100,5,vn,cm
1032,santi,.v.,.3p.$.pl.$.pres.,atthi,,,,,1,100,5,vn,cm
1033,asma,.v.,.1p.$.pl.$.pres.,atthi,,,,,1,100,4,vn,cm
1034,amha,.v.,.1p.$.pl.$.pres.,atthi,,,,,1,100,4,vn,cm
1035,āsiṃhā,.v.,.1p.$.pl.$.aor.,atthi,,,,,1,100,6,vn,cm
1036,āsiṃha,.v.,.1p.$.pl.$.aor.,atthi,,,,,1,100,6,vn,cm
1037,asmi,.v.,.1p.$.sg.$.imp.,atthi,,,,,1,100,4,vn,cm
1038,amhi,.v.,.1p.$.sg.$.imp.,atthi,,,,,1,100,4,vn,cm
1039,asma,.v.,.1p.$.pl.$.imp.,atthi,,,,,1,100,4,vn,cm
1040,amha,.v.,.1p.$.pl.$.imp.,atthi,,,,,1,100,4,vn,cm
1041,siyā,.v.,.3p.$.sg.$.opt.,atthi,,,,,1,100,4,vn,cm
1042,assa,.v.,.3p.$.sg.$.opt.,atthi,,,,,1,100,4,vn,cm
1043,siyā,.v.,.2p.$.sg.$.opt.,atthi,,,,,1,100,4,vn,cm
1044,assa,.v.,.2p.$.sg.$.opt.,atthi,,,,,1,100,4,vn,cm
1045,siyaṃ,.v.,.1p.$.sg.$.opt.,atthi,,,,,1,100,5,vn,cm
1046,assaṃ,.v.,.1p.$.sg.$.opt.,atthi,,,,,1,100,5,vn,cm
1047,siyuṃ,.v.,.3p.$.pl.$.opt.,atthi,,,,,1,100,5,vn,cm
1048,assu,.v.,.3p.$.pl.$.opt.,atthi,,,,,1,100,4,vn,cm
1049,siyaṃsu,.v.,.3p.$.pl.$.opt.,atthi,,,,,1,100,7,vn,cm
1050,dadāti,.v:base.,,dā,给$提供$允许$移交,,,,1,100,6,vn,zh-hans
1051,dadāti,.v:base.,,dā,give,,,,1,100,6,Kosalla_China,cm
1052,denti,.v.,.3p.$.pl.$.pres.,dadāti,,,,,1,100,5,vn,cm
1053,dadanti,.v.,.3p.$.pl.$.pres.,dadāti,,,,,1,100,7,vn,cm
1054,dajjanti,.v.,.3p.$.pl.$.pres.,dadāti,,,,,1,100,8,vn,cm
1055,detha,.v.,.2p.$.pl.$.pres.,dadāti,,,,,1,100,5,vn,cm
1056,dadātha,.v.,.2p.$.pl.$.pres.,dadāti,,,,,1,100,7,vn,cm
1057,dajjātha,.v.,.2p.$.pl.$.pres.,dadāti,,,,,1,100,8,vn,cm
1058,dema,.v.,.1p.$.pl.$.pres.,dadāti,,,,,1,100,4,vn,cm
1059,dadāma,.v.,.1p.$.pl.$.pres.,dadāti,,,,,1,100,6,vn,cm
1060,dajjāma,.v.,.1p.$.pl.$.pres.,dadāti,,,,,1,100,7,vn,cm
1061,deti,.v.,.3p.$.sg.$.pres.,dadāti,,,,,1,100,4,vn,cm
1062,dadāti,.v.,.3p.$.sg.$.pres.,dadāti,,,,,1,100,6,vn,cm
1063,dajjāti,.v.,.3p.$.sg.$.pres.,dadāti,,,,,1,100,7,vn,cm
1064,desi,.v.,.2p.$.sg.$.pres.,dadāti,,,,,1,100,4,vn,cm
1065,dadāsi,.v.,.2p.$.sg.$.pres.,dadāti,,,,,1,100,6,vn,cm
1066,dajjāsi,.v.,.2p.$.sg.$.pres.,dadāti,,,,,1,100,7,vn,cm
1067,demi,.v.,.1p.$.sg.$.pres.,dadāti,,,,,1,100,4,vn,cm
1068,dadāmi,.v.,.1p.$.sg.$.pres.,dadāti,,,,,1,100,6,vn,cm
1069,dajjāmi,.v.,.1p.$.sg.$.pres.,dadāti,,,,,1,100,7,vn,cm
1070,dadeyyuṃ,.v.,.3p.$.pl.$.opt.,dadāti,,,,,1,100,8,vn,cm
1071,dajjeyyuṃ,.v.,.3p.$.pl.$.opt.,dadāti,,,,,1,100,9,vn,cm
1072,dajjuṃ,.v.,.3p.$.pl.$.opt.,dadāti,,,,,1,100,6,vn,cm
1073,deyyūṃ,.v.,.3p.$.pl.$.opt.,dadāti,,,,,1,100,6,vn,cm
1074,dadeyyātha,.v.,.2p.$.pl.$.opt.,dadāti,,,,,1,100,10,vn,cm
1075,dajjeyyātha,.v.,.2p.$.pl.$.opt.,dadāti,,,,,1,100,11,vn,cm
1076,deyyātha,.v.,.2p.$.pl.$.opt.,dadāti,,,,,1,100,8,vn,cm
1077,dadeyyāma,.v.,.1p.$.pl.$.opt.,dadāti,,,,,1,100,9,vn,cm
1078,dajjeyyāma,.v.,.1p.$.pl.$.opt.,dadāti,,,,,1,100,10,vn,cm
1079,deyyāma,.v.,.1p.$.pl.$.opt.,dadāti,,,,,1,100,7,vn,cm
1080,dade,.v.,.1p.$.pl.$.opt.,dadāti,,,,,1,100,4,vn,cm
1081,dadeyya,.v.,.3p.$.sg.$.opt.,dadāti,,,,,1,100,7,vn,cm
1082,dajje,.v.,.3p.$.sg.$.opt.,dadāti,,,,,1,100,5,vn,cm
1083,dajjeyya,.v.,.3p.$.sg.$.opt.,dadāti,,,,,1,100,8,vn,cm
1084,dajjā,.v.,.3p.$.sg.$.opt.,dadāti,,,,,1,100,5,vn,cm
1085,deyya,.v.,.3p.$.sg.$.opt.,dadāti,,,,,1,100,5,vn,cm
1086,dadeyyāsi,.v.,.3p.$.sg.$.opt.,dadāti,,,,,1,100,9,vn,cm
1087,dajjeyyāsi,.v.,.2p.$.sg.$.opt.,dadāti,,,,,1,100,10,vn,cm
1088,deyyāsi,.v.,.2p.$.sg.$.opt.,dadāti,,,,,1,100,7,vn,cm
1089,dadeyyāmi,.v.,.2p.$.sg.$.opt.,dadāti,,,,,1,100,9,vn,cm
1090,dajjeyyāmi,.v.,.1p.$.sg.$.opt.,dadāti,,,,,1,100,10,vn,cm
1091,deyyāmi,.v.,.1p.$.sg.$.opt.,dadāti,,,,,1,100,7,vn,cm
1092,dajjaṃ,.v.,.1p.$.sg.$.opt.,dadāti,,,,,1,100,6,vn,cm
1093,hoti,.v:base.,,hū,是$有$在$存在,,,,1,100,4,Kosalla_China,zh-hans
1094,hoti,.v:base.,,hū,be$have$become,,,,1,100,4,Kosalla_China,cm
1095,hoti,.v.,.3p.$.sg.$.pres.,hoti,,,,,1,100,4,vn,cm
1096,hosi,.v.,.2p.$.sg.$.pres.,hoti,,,,,1,100,4,vn,cm
1097,homi,.v.,.1p.$.sg.$.pres.,hoti,,,,,1,100,4,vn,cm
1098,honti,.v.,.3p.$.pl.$.pres.,hoti,,,,,1,100,5,vn,cm
1099,hotha,.v.,.2p.$.pl.$.pres.,hoti,,,,,1,100,5,vn,cm
1100,homa,.v.,.1p.$.pl.$.pres.,hoti,,,,,1,100,4,vn,cm
1101,ahosi,.v.,.2p.$.sg.$.aor.,hoti,,,,,1,100,5,vn,cm
1102,hontu,.v.,.3p.$.pl.$.imp.,hoti,,,,,1,100,5,vn,cm
1103,hotha,.v.,.2p.$.pl.$.imp.,hoti,,,,,1,100,5,vn,cm
1104,homa,.v.,.1p.$.pl.$.imp.,hoti,,,,,1,100,4,vn,cm
1105,hotu,.v.,.3p.$.sg.$.imp.,hoti,,,,,1,100,4,vn,cm
1106,hohi,.v.,.2p.$.sg.$.imp.,hoti,,,,,1,100,4,vn,cm
1107,homi,.v.,.1p.$.sg.$.imp.,hoti,,,,,1,100,4,vn,cm
1108,hehinti,.v.,.3p.$.pl.$.fut.,hoti,,,,,1,100,7,vn,cm
1109,hehissanti,.v.,.3p.$.pl.$.fut.,hoti,,,,,1,100,10,vn,cm
1110,hohinti,.v.,.3p.$.pl.$.fut.,hoti,,,,,1,100,7,vn,cm
1111,hohissanti,.v.,.3p.$.pl.$.fut.,hoti,,,,,1,100,10,vn,cm
1112,henti,.v.,.3p.$.pl.$.fut.,hoti,,,,,1,100,5,vn,cm
1113,hessanti,.v.,.3p.$.pl.$.fut.,hoti,,,,,1,100,8,vn,cm
1114,hehitha,.v.,.2p.$.pl.$.imp.,hoti,,,,,1,100,7,vn,cm
1115,hehissatha,.v.,.2p.$.pl.$.imp.,hoti,,,,,1,100,10,vn,cm
1116,hohitha,.v.,.2p.$.pl.$.imp.,hoti,,,,,1,100,7,vn,cm
1117,hohissatha,.v.,.2p.$.pl.$.imp.,hoti,,,,,1,100,10,vn,cm
1118,hetha,.v.,.2p.$.pl.$.imp.,hoti,,,,,1,100,5,vn,cm
1119,hessatha,.v.,.2p.$.pl.$.imp.,hoti,,,,,1,100,8,vn,cm
1120,hehīma,.v.,.1p.$.pl.$.imp.,hoti,,,,,1,100,6,vn,cm
1121,hehissāma,.v.,.1p.$.pl.$.imp.,hoti,,,,,1,100,9,vn,cm
1122,hohīma,.v.,.1p.$.pl.$.imp.,hoti,,,,,1,100,6,vn,cm
1123,hohissāma,.v.,.1p.$.pl.$.imp.,hoti,,,,,1,100,9,vn,cm
1124,hema,.v.,.1p.$.pl.$.imp.,hoti,,,,,1,100,4,vn,cm
1125,hessāma,.v.,.1p.$.pl.$.imp.,hoti,,,,,1,100,7,vn,cm
1126,hehiti,.v.,.3p.$.sg.$.imp.,hoti,,,,,1,100,6,vn,cm
1127,hehissati,.v.,.3p.$.sg.$.imp.,hoti,,,,,1,100,9,vn,cm
1128,hohiti,.v.,.3p.$.sg.$.imp.,hoti,,,,,1,100,6,vn,cm
1129,hohissati,.v.,.3p.$.sg.$.imp.,hoti,,,,,1,100,9,vn,cm
1130,heti,.v.,.3p.$.sg.$.imp.,hoti,,,,,1,100,4,vn,cm
1131,hessati,.v.,.3p.$.sg.$.imp.,hoti,,,,,1,100,7,vn,cm
1132,hehisi,.v.,.2p.$.sg.$.imp.,hoti,,,,,1,100,6,vn,cm
1133,hehissasi,.v.,.2p.$.sg.$.imp.,hoti,,,,,1,100,9,vn,cm
1134,hohisi,.v.,.2p.$.sg.$.imp.,hoti,,,,,1,100,6,vn,cm
1135,hohissasi,.v.,.2p.$.sg.$.imp.,hoti,,,,,1,100,9,vn,cm
1136,hesi,.v.,.2p.$.sg.$.imp.,hoti,,,,,1,100,4,vn,cm
1137,hessasi,.v.,.2p.$.sg.$.imp.,hoti,,,,,1,100,7,vn,cm
1138,hehīmi,.v.,.1p.$.sg.$.imp.,hoti,,,,,1,100,6,vn,cm
1139,hehissāmi,.v.,.1p.$.sg.$.imp.,hoti,,,,,1,100,9,vn,cm
1140,hohīmi,.v.,.1p.$.sg.$.imp.,hoti,,,,,1,100,6,vn,cm
1141,hohissāmi,.v.,.1p.$.sg.$.imp.,hoti,,,,,1,100,9,vn,cm
1142,hemi,.v.,.1p.$.sg.$.imp.,hoti,,,,,1,100,4,vn,cm
1143,hessāmi,.v.,.1p.$.sg.$.imp.,hoti,,,,,1,100,7,vn,cm
1144,hutvā,.v:ind.,,hoti,,,,,1,100,5,vn,cm
1145,hotuṃ,.v:ind.,,hoti,,,,,1,100,5,vn,cm
1146,heyyuṃ,.v.,.3p.$.pl.$.opt.,hoti,,,,,1,100,6,vn,cm
1147,hupeyyuṃ,.v.,.3p.$.pl.$.opt.,hoti,,,,,1,100,8,vn,cm
1148,huveyyuṃ,.v.,.3p.$.pl.$.opt.,hoti,,,,,1,100,8,vn,cm
1149,Heyyātha,.v.,.2p.$.pl.$.opt.,hoti,,,,,1,100,8,vn,cm
1150,Hupeyyātha,.v.,.2p.$.pl.$.opt.,hoti,,,,,1,100,10,vn,cm
1151,huveyyātha,.v.,.2p.$.pl.$.opt.,hoti,,,,,1,100,10,vn,cm
1152,Heyyāma,.v.,.1p.$.pl.$.opt.,hoti,,,,,1,100,7,vn,cm
1153,Hupeyyāma,.v.,.1p.$.pl.$.opt.,hoti,,,,,1,100,9,vn,cm
1154,huveyyāma,.v.,.1p.$.pl.$.opt.,hoti,,,,,1,100,9,vn,cm
1155,heyya,.v.,.3p.$.sg.$.opt.,hoti,,,,,1,100,5,vn,cm
1156,hupeyya,.v.,.3p.$.sg.$.opt.,hoti,,,,,1,100,7,vn,cm
1157,huveyya,.v.,.3p.$.sg.$.opt.,hoti,,,,,1,100,7,vn,cm
1158,Heyyāsi,.v.,.2p.$.sg.$.opt.,hoti,,,,,1,100,7,vn,cm
1159,Hupeyyāsi,.v.,.2p.$.sg.$.opt.,hoti,,,,,1,100,9,vn,cm
1160,huveyyāsi,.v.,.2p.$.sg.$.opt.,hoti,,,,,1,100,9,vn,cm
1161,Heyyāmi,.v.,.1p.$.sg.$.opt.,hoti,,,,,1,100,7,vn,cm
1162,Hupeyyāmi,.v.,.1p.$.sg.$.opt.,hoti,,,,,1,100,9,vn,cm
1163,huveyyāmi,.v.,.1p.$.sg.$.opt.,hoti,,,,,1,100,9,vn,cm
1164,ahesuṃ,.v.,.3p.$.pl.$.aor.,hoti,,,,,1,100,6,vn,cm
1165,ahavuṃ,.v.,.3p.$.pl.$.aor.,hoti,,,,,1,100,6,vn,cm
1166,ahosittha,.v.,.2p.$.pl.$.aor.,hoti,,,,,1,100,9,vn,cm
1167,ahuvattha,.v.,.2p.$.pl.$.aor.,hoti,,,,,1,100,9,vn,cm
1168,ahosimha,.v.,.1p.$.pl.$.aor.,hoti,,,,,1,100,8,vn,cm
1169,ahumha,.v.,.1p.$.pl.$.aor.,hoti,,,,,1,100,6,vn,cm
1170,ahumhā,.v.,.1p.$.pl.$.aor.,hoti,,,,,1,100,6,vn,cm
1171,ahosi,.v.,.3p.$.sg.$.aor.,hoti,,,,,1,100,5,vn,cm
1172,ahu,.v.,.3p.$.sg.$.aor.,hoti,,,,,1,100,3,vn,cm
1173,ahosiṃ,.v.,.1p.$.sg.$.aor.,hoti,,,,,1,100,6,vn,cm
1174,ahuṃ,.v.,.1p.$.sg.$.aor.,hoti,,,,,1,100,4,vn,cm
1175,karoti,.v:base.,,kara,做$作$行动$制造$建立,,,,1,100,6,vn,zh-hans
1176,karoti,.v:base.,,kara,do$act$make$establish,,,,1,100,6,Kosalla_China,cm
1177,karoti,.v.,.3p.$.sg.$.pres.,karoti,,,,,1,100,6,vn,cm
1178,karosi,.v.,.2p.$.sg.$.pres.,karoti,,,,,1,100,6,vn,cm
1179,karomi,.v.,.1p.$.sg.$.pres.,karoti,,,,,1,100,6,vn,cm
1180,karonti,.v.,.3p.$.pl.$.pres.,karoti,,,,,1,100,7,vn,cm
1181,karotha,.v.,.2p.$.pl.$.pres.,karoti,,,,,1,100,7,vn,cm
1182,karoma,.v.,.1p.$.pl.$.pres.,karoti,,,,,1,100,6,vn,cm
1183,akari,.v.,.3p.$.sg.$.aor.,karoti,,,,,1,100,5,vn,cm
1184,akarī,.v.,.3p.$.sg.$.aor.,karoti,,,,,1,100,5,vn,cm
1185,akariṃ,.v.,.1p.$.sg.$.aor.,karoti,,,,,1,100,6,vn,cm
1186,akaṃsu,.v.,.3p.$.pl.$.aor.,karoti,,,,,1,100,6,vn,cm
1187,akarittha,.v.,.2p.$.pl.$.aor.,karoti,,,,,1,100,9,vn,cm
1188,akarimha,.v.,.1p.$.pl.$.aor.,karoti,,,,,1,100,8,vn,cm
1189,kariṃ,.v.,.1p.$.sg.$.aor.,karoti,,,,,1,100,5,vn,cm
1190,karittha,.v.,.2p.$.pl.$.aor.,karoti,,,,,1,100,8,vn,cm
1191,karimha,.v.,.1p.$.pl.$.aor.,karoti,,,,,1,100,7,vn,cm
1192,karissati,.v.,.3p.$.sg.$.fut.,karoti,,,,,1,100,9,vn,cm
1193,karissasi,.v.,.2p.$.sg.$.fut.,karoti,,,,,1,100,9,vn,cm
1194,karissāmi,.v.,.1p.$.sg.$.fut.,karoti,,,,,1,100,9,vn,cm
1195,karissanti,.v.,.3p.$.pl.$.fut.,karoti,,,,,1,100,10,vn,cm
1196,karissatha,.v.,.2p.$.pl.$.fut.,karoti,,,,,1,100,10,vn,cm
1197,karissāma,.v.,.1p.$.pl.$.fut.,karoti,,,,,1,100,9,vn,cm
1198,karotu,.v.,.3p.$.sg.$.imp.,karoti,,,,,1,100,6,vn,cm
1199,karohi,.v.,.2p.$.sg.$.imp.,karoti,,,,,1,100,6,vn,cm
1200,karomi,.v.,.1p.$.sg.$.imp.,karoti,,,,,1,100,6,vn,cm
1201,karontu,.v.,.3p.$.pl.$.imp.,karoti,,,,,1,100,7,vn,cm
1202,karotha,.v.,.2p.$.pl.$.imp.,karoti,,,,,1,100,7,vn,cm
1203,karoma,.v.,.1p.$.pl.$.imp.,karoti,,,,,1,100,6,vn,cm
1204,karitva,.v:ind.,,karoti,,,,,1,100,7,vn,cm
1205,katvā,.v:ind.,,karoti,,,,,1,100,5,vn,cm
1206,karituṃ,.v:ind.,,karoti,,,,,1,100,7,vn,cm
1207,kātuṃ,.v:ind.,,karoti,,,,,1,100,5,vn,cm
1208,akari,.v.,.2p.$.sg.$.aor.,karoti,,,,,1,100,5,vn,cm
1209,akaro,.v.,.2p.$.sg.$.aor.,karoti,,,,,1,100,5,vn,cm
1210,akariṃsu,.v.,.3p.$.pl.$.aor.,karoti,,,,,1,100,8,vn,cm
1211,akaruṃ,.v.,.3p.$.pl.$.aor.,karoti,,,,,1,100,6,vn,cm
1212,kari,.v.,.3p.$.sg.$.aor.,karoti,,,,,1,100,4,vn,cm
1213,karī,.v.,.3p.$.sg.$.aor.,karoti,,,,,1,100,4,vn,cm
1214,kari,.v.,.2p.$.sg.$.aor.,karoti,,,,,1,100,4,vn,cm
1215,karo,.v.,.2p.$.sg.$.aor.,karoti,,,,,1,100,4,vn,cm
1216,kariṃsu,.v.,.3p.$.pl.$.aor.,karoti,,,,,1,100,7,vn,cm
1217,akaruṃ,.v.,.3p.$.pl.$.aor.,karoti,,,,,1,100,6,vn,cm
1218,kaṃsu,.v.,.3p.$.pl.$.aor.,karoti,,,,,1,100,5,vn,cm
1219,kareyya,.v.,.3p.$.sg.$.opt.,karoti,,,,,1,100,7,vn,cm
1220,kayira,.v.,.3p.$.sg.$.opt.,karoti,,,,,1,100,6,vn,cm
1221,kare,.v.,.3p.$.sg.$.opt.,karoti,,,,,1,100,4,vn,cm
1222,kareyyāsi,.v.,.2p.$.sg.$.opt.,karoti,,,,,1,100,9,vn,cm
1223,kayirāsi,.v.,.2p.$.sg.$.opt.,karoti,,,,,1,100,8,vn,cm
1224,kareyyāmi,.v.,.1p.$.sg.$.opt.,karoti,,,,,1,100,9,vn,cm
1225,kayirāmi,.v.,.1p.$.sg.$.opt.,karoti,,,,,1,100,8,vn,cm
1226,kareyyuṃ,.v.,.3p.$.pl.$.opt.,karoti,,,,,1,100,8,vn,cm
1227,kayiruṃ,.v.,.3p.$.pl.$.opt.,karoti,,,,,1,100,7,vn,cm
1228,kareyyātha,.v.,.2p.$.pl.$.opt.,karoti,,,,,1,100,10,vn,cm
1229,kayirātha,.v.,.2p.$.pl.$.opt.,karoti,,,,,1,100,9,vn,cm
1230,kareyyāma,.v.,.1p.$.pl.$.opt.,karoti,,,,,1,100,9,vn,cm
1231,kayirāma,.v.,.1p.$.pl.$.opt.,karoti,,,,,1,100,8,vn,cm
1232,atta,.n:base.,.m.,,self,,,,1,100,4,vn,cm
1233,atta,.n:base.,.m.,,自己,,,,1,100,4,Kosalla_China,zh-hans
1234,attā,.n.,.m.$.sg.$.nom.,atta,,,atta+[ā],,1,100,4,vn,cm
1235,atta,.n.,.m.$.sg.$.voc.,atta,,,atta+[a],,1,100,4,vn,cm
1236,attā,.n.,.m.$.sg.$.voc.,atta,,,atta+[ā],,1,100,4,vn,cm
1237,attānaṃ,.n.,.m.$.sg.$.acc.,atta,,,atta+[ṃ],,1,100,7,vn,cm
1238,attaṃ,.n.,.m.$.sg.$.acc.,atta,,,atta+[ṃ],,1,100,5,vn,cm
1239,attanaṃ,.n.,.m.$.sg.$.acc.,atta,,,atta+[ṃ],,1,100,7,vn,cm
1240,attano,.n.,.m.$.sg.$.gen.,atta,,,atta+[sa],,1,100,6,vn,cm
1241,attassa,.n.,.m.$.sg.$.gen.,atta,,,atta+[sa],,1,100,7,vn,cm
1242,attano,.n.,.m.$.sg.$.dat.,atta,,,atta+[to],,1,100,6,vn,cm
1243,attassa,.n.,.m.$.sg.$.dat.,atta,,,atta+[sa],,1,100,7,vn,cm
1244,attanā,.n.,.m.$.sg.$.inst.,atta,,,atta+[nā],,1,100,6,vn,cm
1245,attena,.n.,.m.$.sg.$.inst.,atta,,,atta+[ena],,1,100,6,vn,cm
1246,attanā,.n.,.m.$.sg.$.abl.,atta,,,atta+[ā],,1,100,6,vn,cm
1247,attasmā,.n.,.m.$.sg.$.abl.,atta,,,atta+[smā],,1,100,7,vn,cm
1248,attamhā,.n.,.m.$.sg.$.abl.,atta,,,atta+[mhā],,1,100,7,vn,cm
1249,attani,.n.,.m.$.sg.$.loc.,atta,,,atta+[i],,1,100,6,vn,cm
1250,attasmiṃ,.n.,.m.$.sg.$.loc.,atta,,,atta+[smiṃ],,1,100,8,vn,cm
1251,attamhi,.n.,.m.$.sg.$.loc.,atta,,,atta+[mhi],,1,100,7,vn,cm
1252,attāno,.n.,.m.$.pl.$.nom.,atta,,,atta+[o],,1,100,6,vn,cm
1253,attā,.n.,.m.$.pl.$.nom.,atta,,,atta+[ā],,1,100,4,vn,cm
1254,attāno,.n.,.m.$.pl.$.voc.,atta,,,atta+[o],,1,100,6,vn,cm
1255,attā,.n.,.m.$.pl.$.voc.,atta,,,atta+[ā],,1,100,4,vn,cm
1256,attāno,.n.,.m.$.pl.$.acc.,atta,,,atta+[o],,1,100,6,vn,cm
1257,atte,.n.,.m.$.pl.$.acc.,atta,,,atta+[e],,1,100,4,vn,cm
1258,attānaṃ,.n.,.m.$.pl.$.dat.,atta,,,atta+[naṃ],,1,100,7,vn,cm
1259,attānaṃ,.n.,.m.$.pl.$.gen.,atta,,,atta+[naṃ],,1,100,7,vn,cm
1260,attanehi,.n.,.m.$.pl.$.inst.,atta,,,atta+[ehi],,1,100,8,vn,cm
1261,attanebhi,.n.,.m.$.pl.$.inst.,atta,,,atta+[ebhi],,1,100,9,vn,cm
1262,attanehi,.n.,.m.$.pl.$.abl.,atta,,,atta+[ehi],,1,100,8,vn,cm
1263,attanebhi,.n.,.m.$.pl.$.abl.,atta,,,atta+[ebhi],,1,100,9,vn,cm
1264,attanesu,.n.,.m.$.pl.$.loc.,atta,,,atta+[su],,1,100,8,vn,cm
1265,brahma,.n:base.,.m,,梵天神,,,,1,100,6,vn,zh-hans
1266,brahma,.n:base.,.m,,Most High God,,,,1,100,6,Kosalla_China,cm
1267,brahmā,.n.,.m.$.sg.$.nom.,brahma,,,brahma+[ā],,1,100,6,vn,cm
1268,brahme,.n.,.m.$.sg.$.voc.,brahma,,,brahma+[e],,1,100,6,vn,cm
1269,brahmānaṃ,.n.,.m.$.sg.$.acc.,brahma,,,brahma+[ṃ],,1,100,9,vn,cm
1270,brahmaṃ,.n.,.m.$.sg.$.acc.,brahma,,,brahma+[ṃ],,1,100,7,vn,cm
1271,brahmuno,.n.,.m.$.sg.$.dat.,brahma,,,brahma+[to],,1,100,8,vn,cm
1272,brahmassa,.n.,.m.$.sg.$.dat.,brahma,,,brahma+[sa],,1,100,9,vn,cm
1273,brahmuno,.n.,.m.$.sg.$.gen.,brahma,,,brahma+[sa],,1,100,8,vn,cm
1274,brahmassa,.n.,.m.$.sg.$.gen.,brahma,,,brahma+[sa],,1,100,9,vn,cm
1275,brahmanā,.n.,.m.$.sg.$.inst.,brahma,,,brahma+[ena],,1,100,8,vn,cm
1276,brahmunā,.n.,.m.$.sg.$.inst.,brahma,,,brahma+[ena],,1,100,8,vn,cm
1277,brahmanā,.n.,.m.$.sg.$.abl.,brahma,,,brahma+[ena],,1,100,8,vn,cm
1278,brahmunā,.n.,.m.$.sg.$.abl.,brahma,,,brahma+[ena],,1,100,8,vn,cm
1279,brahme,.n.,.m.$.sg.$.loc.,brahma,,,brahma+[e],,1,100,6,vn,cm
1280,brahmani,.n.,.m.$.sg.$.loc.,brahma,,,brahma+[ni],,1,100,8,vn,cm
1281,brahmasmiṃ,.n.,.m.$.sg.$.loc.,brahma,,,brahma+[smiṃ],,1,100,10,vn,cm
1282,brahmamhi,.n.,.m.$.sg.$.loc.,brahma,,,brahma+[mhi],,1,100,9,vn,cm
1283,brahmāno,.n.,.m.$.pl.$.nom.,brahma,,,brahma+[o],,1,100,8,vn,cm
1284,brahmā,.n.,.m.$.pl.$.nom.,brahma,,,brahma+[ā],,1,100,6,vn,cm
1285,brahmāno,.n.,.m.$.pl.$.voc.,brahma,,,brahma+[o],,1,100,8,vn,cm
1286,brahmā,.n.,.m.$.pl.$.voc.,brahma,,,brahma+[ā],,1,100,6,vn,cm
1287,brahmāno,.n.,.m.$.pl.$.acc.,brahma,,,brahma+[o],,1,100,8,vn,cm
1288,brahmānaṃ,.n.,.m.$.pl.$.dat.,brahma,,,brahma+[naṃ],,1,100,9,vn,cm
1289,brahmunaṃ,.n.,.m.$.pl.$.dat.,brahma,,,brahma+[naṃ],,1,100,9,vn,cm
1290,brahmānaṃ,.n.,.m.$.pl.$.gen.,brahma,,,brahma+[naṃ],,1,100,9,vn,cm
1291,brahmunaṃ,.n.,.m.$.pl.$.gen.,brahma,,,brahma+[naṃ],,1,100,9,vn,cm
1292,brahmehi,.n.,.m.$.pl.$.inst.,brahma,,,brahma+[ehi],,1,100,8,vn,cm
1293,brahmebhi,.n.,.m.$.pl.$.inst.,brahma,,,brahma+[ebhi],,1,100,9,vn,cm
1294,brahmūhi,.n.,.m.$.pl.$.inst.,brahma,,,brahma+[ehi],,1,100,8,vn,cm
1295,brahmūbhi,.n.,.m.$.pl.$.inst.,brahma,,,brahma+[ebhi],,1,100,9,vn,cm
1296,brahmehi,.n.,.m.$.pl.$.abl.,brahma,,,brahma+[ehi],,1,100,8,vn,cm
1297,brahmebhi,.n.,.m.$.pl.$.abl.,brahma,,,brahma+[ebhi],,1,100,9,vn,cm
1298,brahmūhi,.n.,.m.$.pl.$.abl.,brahma,,,brahma+[ehi],,1,100,8,vn,cm
1299,brahmūbhi,.n.,.m.$.pl.$.abl.,brahma,,,brahma+[ebhi],,1,100,9,vn,cm
1300,brahmesu,.n.,.m.$.pl.$.loc.,brahma,,,brahma+[su],,1,100,8,vn,cm
1301,rāja,.n:base.,.m,,王$国王,,,,1,100,4,vn,zh-hans
1302,rāja,.n:base.,.m,,king,,,,1,100,4,Kosalla_China,cm
1303,rājā,,.m.$.sg.$.nom.,rāja,,,rāja+[ā],,1,100,4,vn,cm
1304,rājā,,.m.$.sg.$.voc.,rāja,,,rāja+[ā],,1,100,4,vn,cm
1305,rāja,,.m.$.sg.$.voc.,rāja,,,rāja+[a],,1,100,4,vn,cm
1306,rājānaṃ,,.m.$.sg.$.acc.,rāja,,,rāja+[ṃ],,1,100,7,vn,cm
1307,rājaṃ,,.m.$.sg.$.acc.,rāja,,,rāja+[ṃ],,1,100,5,vn,cm
1308,rañño,,.m.$.sg.$.dat.,rāja,,,rāja+[to],,1,100,5,vn,cm
1309,rājino,,.m.$.sg.$.dat.,rāja,,,rāja+[to],,1,100,6,vn,cm
1310,rājassa,,.m.$.sg.$.dat.,rāja,,,rāja+[sa],,1,100,7,vn,cm
1311,rañño,,.m.$.sg.$.gen.,rāja,,,rāja+[to],,1,100,5,vn,cm
1312,rājino,,.m.$.sg.$.gen.,rāja,,,rāja+[to],,1,100,6,vn,cm
1313,rājassa,,.m.$.sg.$.gen.,rāja,,,rāja+[sa],,1,100,7,vn,cm
1314,rañña,,.m.$.sg.$.inst.,rāja,,,rāja+[ena],,1,100,5,vn,cm
1315,rājena,,.m.$.sg.$.inst.,rāja,,,rāja+[ena],,1,100,6,vn,cm
1316,rājinā,,.m.$.sg.$.inst.,rāja,,,rāja+[ena],,1,100,6,vn,cm
1317,raññā,,.m.$.sg.$.abl.,rāja,,,rāja+[ā],,1,100,5,vn,cm
1318,rājasmā,,.m.$.sg.$.abl.,rāja,,,rāja+[smā],,1,100,7,vn,cm
1319,rājamha,,.m.$.sg.$.abl.,rāja,,,rāja+[mha],,1,100,7,vn,cm
1320,raññe,,.m.$.sg.$.loc.,rāja,,,rāja+[ne],,1,100,5,vn,cm
1321,raññi,,.m.$.sg.$.loc.,rāja,,,rāja+[ni],,1,100,5,vn,cm
1322,rājini,,.m.$.sg.$.loc.,rāja,,,rāja+[ini],,1,100,6,vn,cm
1323,rājimhi,,.m.$.sg.$.loc.,rāja,,,rāja+[mhi],,1,100,7,vn,cm
1324,rājismiṃ,,.m.$.sg.$.loc.,rāja,,,rāja+[smiṃ],,1,100,8,vn,cm
1325,rājāno,,.m.$.pl.$.nom.,rāja,,,rāja+[o],,1,100,6,vn,cm
1326,rājā,,.m.$.pl.$.nom.,rāja,,,rāja+[ā],,1,100,4,vn,cm
1327,rājāno,,.m.$.pl.$.voc.,rāja,,,rāja+[o],,1,100,6,vn,cm
1328,rājā,,.m.$.pl.$.voc.,rāja,,,rāja+[ā],,1,100,4,vn,cm
1329,rājāno,,.m.$.pl.$.acc.,rāja,,,rāja+[o],,1,100,6,vn,cm
1330,raññaṃ,,.m.$.pl.$.dat.,rāja,,,rāja+[naṃ],,1,100,6,vn,cm
1331,rājūnaṃ,,.m.$.pl.$.dat.,rāja,,,rāja+[naṃ],,1,100,7,vn,cm
1332,rājānaṃ,,.m.$.pl.$.dat.,rāja,,,rāja+[naṃ],,1,100,7,vn,cm
1333,rājūhi,,.m.$.pl.$.inst.,rāja,,,rāja+[ehi],,1,100,6,vn,cm
1334,rājūbhi,,.m.$.pl.$.inst.,rāja,,,rāja+[ebhi],,1,100,7,vn,cm
1335,rājehi,,.m.$.pl.$.inst.,rāja,,,rāja+[ehi],,1,100,6,vn,cm
1336,rājebhi,,.m.$.pl.$.inst.,rāja,,,rāja+[ebhi],,1,100,7,vn,cm
1337,rājūsu,,.m.$.pl.$.loc.,rāja,,,rāja+[su],,1,100,6,vn,cm
1338,rājesu,,.m.$.pl.$.loc.,rāja,,,rāja+[su],,1,100,6,vn,cm
1339,raññaṃ,,.m.$.pl.$.gen.,rāja,,,rāja+[naṃ],,1,100,6,vn,cm
1340,rājūnaṃ,,.m.$.pl.$.gen.,rāja,,,rāja+[naṃ],,1,100,7,vn,cm
1341,rājānaṃ,,.m.$.pl.$.gen.,rāja,,,rāja+[naṃ],,1,100,7,vn,cm
1342,rājūhi,,.m.$.pl.$.abl.,rāja,,,rāja+[ehi],,1,100,6,vn,cm
1343,rājūbhi,,.m.$.pl.$.abl.,rāja,,,rāja+[ebhi],,1,100,7,vn,cm
1344,rājehi,,.m.$.pl.$.abl.,rāja,,,rāja+[ehi],,1,100,6,vn,cm
1345,rājebhi,,.m.$.pl.$.abl.,rāja,,,rāja+[ebhi],,1,100,7,vn,cm
1346,puma,.n:base.,.m,,男人$阳性,,,,1,100,4,vn,zh-hans
1347,puma,.n:base.,.m,,male$masculin,,,,1,100,4,Kosalla_China,cm
1348,pumā,.n.,.m.$.sg.$.nom.,puma,,,puma+[ā],,1,100,4,vn,cm
1349,pumaṃ,.n.,.m.$.sg.$.voc.,puma,,,puma+[ṃ],,1,100,5,vn,cm
1350,puma,.n.,.m.$.sg.$.voc.,puma,,,puma+[a],,1,100,4,vn,cm
1351,pumaṃ,.n.,.m.$.sg.$.acc.,puma,,,puma+[ṃ],,1,100,5,vn,cm
1352,pumānaṃ,.n.,.m.$.sg.$.acc.,puma,,,puma+[ṃ],,1,100,7,vn,cm
1353,pumuno,.n.,.m.$.sg.$.dat.,puma,,,puma+[to],,1,100,6,vn,cm
1354,pumassa,.n.,.m.$.sg.$.dat.,puma,,,puma+[sa],,1,100,7,vn,cm
1355,pumuno,.n.,.m.$.sg.$.gen.,puma,,,puma+[to],,1,100,6,vn,cm
1356,pumassa,.n.,.m.$.sg.$.gen.,puma,,,puma+[sa],,1,100,7,vn,cm
1357,pumunā,.n.,.m.$.sg.$.inst.,puma,,,puma+[ena],,1,100,6,vn,cm
1358,pumānā,.n.,.m.$.sg.$.inst.,puma,,,puma+[ena],,1,100,6,vn,cm
1359,pumena,.n.,.m.$.sg.$.inst.,puma,,,puma+[ena],,1,100,6,vn,cm
1360,pumunā,.n.,.m.$.sg.$.abl.,puma,,,puma+[ā],,1,100,6,vn,cm
1361,pumānā,.n.,.m.$.sg.$.abl.,puma,,,puma+[ā],,1,100,6,vn,cm
1362,pumā,.n.,.m.$.sg.$.abl.,puma,,,puma+[ā],,1,100,4,vn,cm
1363,pumasmā,.n.,.m.$.sg.$.abl.,puma,,,puma+[smā],,1,100,7,vn,cm
1364,pumamhā,.n.,.m.$.sg.$.abl.,puma,,,puma+[mhā],,1,100,7,vn,cm
1365,pumāne,.n.,.m.$.sg.$.loc.,puma,,,puma+[ne],,1,100,6,vn,cm
1366,pume,.n.,.m.$.sg.$.loc.,puma,,,puma+[e],,1,100,4,vn,cm
1367,pumasmiṃ,.n.,.m.$.sg.$.loc.,puma,,,puma+[smiṃ],,1,100,8,vn,cm
1368,pumamhi,.n.,.m.$.sg.$.loc.,puma,,,puma+[mhi],,1,100,7,vn,cm
1369,pumāno,.n.,.m.$.pl.$.nom.,puma,,,puma+[o],,1,100,6,vn,cm
1370,pumā,.n.,.m.$.pl.$.nom.,puma,,,puma+[ā],,1,100,4,vn,cm
1371,pumāno,.n.,.m.$.pl.$.voc.,puma,,,puma+[o],,1,100,6,vn,cm
1372,pumā,.n.,.m.$.pl.$.voc.,puma,,,puma+[ā],,1,100,4,vn,cm
1373,pumāno,.n.,.m.$.pl.$.acc.,puma,,,puma+[o],,1,100,6,vn,cm
1374,pume,.n.,.m.$.pl.$.acc.,puma,,,puma+[e],,1,100,4,vn,cm
1375,pumānaṃ,.n.,.m.$.pl.$.dat.,puma,,,puma+[naṃ],,1,100,7,vn,cm
1376,pumānaṃ,.n.,.m.$.pl.$.gen.,puma,,,puma+[naṃ],,1,100,7,vn,cm
1377,pumānehi,.n.,.m.$.pl.$.inst.,puma,,,puma+[ehi],,1,100,8,vn,cm
1378,pumānebhi,.n.,.m.$.pl.$.inst.,puma,,,puma+[ebhi],,1,100,9,vn,cm
1379,pumehi,.n.,.m.$.pl.$.inst.,puma,,,puma+[ehi],,1,100,6,vn,cm
1380,pumebhi,.n.,.m.$.pl.$.inst.,puma,,,puma+[ebhi],,1,100,7,vn,cm
1381,pumānesu,.n.,.m.$.pl.$.loc.,puma,,,puma+[su],,1,100,8,vn,cm
1382,pumāsu,.n.,.m.$.pl.$.loc.,puma,,,puma+[su],,1,100,6,vn,cm
1383,pumesu,.n.,.m.$.pl.$.loc.,puma,,,puma+[su],,1,100,6,vn,cm
1385,nti,.un.,,iti,[引号],,ṃ+[iti],,1,100,3,vn,zh-hans
1386,attano,.n.,.m.$.sg.$.gen.,atta,自己[的],,atta+[no],,1,100,6,vn,zh-hans
1387,tiādi,.un.,,,,,iti+ādi,,1,100,5,vn,cm
1388,ceva,.un.,,,,,ca+eva,,1,100,4,vn,cm
1389,sī,.note.,,sīha,[斯里兰卡]$[狮子国],,sī,,1,100,2,Kosalla_China,zh-hans
1390,syā,.note.,,,[暹罗],,syā,,1,100,3,Kosalla_China,zh-hans
1391,sī,.note.,,sīha,[Sinhala],,sī,,1,100,2,Kosalla_China,cm
1392,syā,.note.,,,[Siam],,syā,,1,100,3,Kosalla_China,cm
1393,pī,.note.,,,[PTS],,pī,,1,100,3,Kosalla_China,cm
1394,pī,.note.,,,[巴利圣典协会],,pī,,1,100,3,Kosalla_China,zh-hans
1395,sī.,.note.,,sīha,[斯里兰卡]$[狮子国],,sī,,1,100,2,Kosalla_China,zh-hans
1396,syā.,.note.,,,[暹罗],,syā,,1,100,3,Kosalla_China,zh-hans
1397,sī.,.note.,,sīha,[Sinhala],,sī,,1,100,2,Kosalla_China,cm
1398,syā.,.note.,,,[Siam],,syā,,1,100,3,Kosalla_China,cm
1399,pī.,.note.,,,[PTS],,pī,,1,100,3,Kosalla_China,cm
1400,pī.,.note.,,,[巴利圣典协会],,pī,,1,100,3,Kosalla_China,zh-hans
1401,hotīti,.un.,,,,,hoti+iti,,1,100,6,vn,cm
1402,hetupaccayā,,,,[诸]因缘,,hetu+paccaya+[ā],因+缘+[等],1,100,11,vn,zh-hans
1403,tenāha,.un.,,,,,tena+ahaṃ,,1,100,6,vn,cm
1404,pī,.note.,,,,,pī,,1,100,2,vn,cm
1405,tiādīsu,.un.,,,,,iti+ādīsu,,1,100,7,vn,cm
1406,cāti,.un.,,,,,ca+iti,,1,100,4,vn,cm
1407,tiādimāha,.un.,,,,,iti+ādiṃ+āha,,1,100,9,vn,cm
1408,etadavoca,.un.,,,,,eta+avoca,,1,100,9,vn,cm
1409,eseva,.un.,,,,,esa+eva,,1,100,5,vn,cm
1410,dī,.note.,,,长,,dīgha,,1,100,2,vn,zh-hans
1411,dī,.note.,,,Long,,dīgha,,1,100,2,Kosalla_China,cm
1412,dī.,.note.,,,长,,dīgha,,1,100,2,vn,zh-hans
1413,dī.,.note.,,,Long,,dīgha,,1,100,2,Kosalla_China,cm
1414,panettha,.un.,,,,,pana+ettha,,1,100,8,vn,cm
1415,hetuyā,,,hetu,,,hetu+[yā],,1,100,6,vn,cm
1416,teneva,.un.,,,,,tena+eva,,1,100,6,vn,cm
1417,hevaṃ,.un.,,,,,hi+evaṃ,,1,100,5,vn,cm
1418,vuttanti,.un.,,,,,vuttaṃ+iti,,1,100,8,vn,cm
1419,tattheva,.un.,,,,,tattha+eva,,1,100,8,vn,cm
1420,cettha,.un.,,,,,ca+ettha,,1,100,6,vn,cm
1421,pañcahi,.un.,,,,,pañca+hi,,1,100,7,vn,cm
1422,atthīti,.un.,,,,,atthi+iti,,1,100,7,vn,cm
1423,etamatthaṃ,.un.,,,,,etaṃ+atthaṃ,,1,100,10,vn,cm
1424,tasseva,.un.,,,,,tassa+eva,,1,100,7,vn,cm
1425,gāthamāha,.un.,,,,,gāthaṃ+āha,,1,100,9,vn,cm
1426,ntiādi,.un.,,,,,ṃ+iti+ādi,,1,100,6,vn,cm
1427,ayampi,.un.,,,,,ayaṃ+api,,1,100,6,vn,cm
1428,evañca,.un.,,,,,evaṃ+ca,,1,100,6,vn,cm
1429,tipi,.un.,,,,,iti+api,,1,100,4,vn,cm
1430,athassa,.un.,,,,,atha+assa,,1,100,7,vn,cm
1431,tenupasaṅkami,.un.,,,,,tena+upasaṅkami,,1,100,13,vn,cm
1432,tampi,.un.,,,,,taṃ+api,,1,100,5,vn,cm
1433,pañcannaṃ,,,pañca,,,pañca+[naṃ],,1,100,9,vn,cm
1434,sabbepi,.un.,,,,,sabbe+api,,1,100,7,vn,cm
1435,caparaṃ,.un.,,,,,ca+paraṃ,,1,100,7,vn,cm
1436,hī,.ind.,,,因为$的确,,hi,,1,100,2,vn,zh-hans
1437,evampi,.un.,,,,,evaṃ+api,,1,100,6,vn,cm
1438,iccādi,.un.,,,,,iti+ādi,,1,100,6,vn,cm
1439,vīriyaṃ,.n.,.nt.$.sg.$.acc.,,精进,,vīriya+[ṃ],,1,100,7,vn,zh-hans
1440,uppajjatīti,.un.,,,,,uppajjati+iti,,1,100,11,vn,cm
1441,kathañca,.un.,,,,,kathaṃ+ca,,1,100,8,vn,cm
1442,etadahosi,.un.,,,,,eta+ahosi,,1,100,9,vn,cm
1443,tameva,.un.,,,,,taṃ+eva,,1,100,6,vn,cm
1444,vuttañhetaṃ,.un.,,,,,vuttaṃ+hi+etaṃ,,1,100,11,vn,cm
1445,yañca,.un.,,,,,yaṃ+ca,,1,100,5,vn,cm
1446,vaṭṭatīti,.un.,,,,,vaṭṭati+iti,,1,100,9,vn,cm
1447,ṭī,.note.,,ṭīkā,复註$疏,,ṭīkā,,1,100,2,vn,zh-hans
1448,hetupaccayena,,,,,,hetupaccaya+[ena],,1,100,13,vn,cm
1449,etthāpi,.un.,,,,,ettha+api,,1,100,7,vn,cm
1450,cūḷava,.note.,,cūḷavagga,,,cūḷa+vagga,,1,100,6,vn,cm
1451,sayameva,.un.,,,,,sayaṃ+eva,,1,100,8,vn,cm
1452,tañhi,.un.,,,,,taṃ+hi,,1,100,5,vn,cm
1453,pañcasu,.num.,,,,,pañca+[su],,1,100,7,vn,cm
1454,ayamettha,.un.,,,,,ayaṃ+ettha,,1,100,9,vn,cm
1455,ayameva,.un.,,,,,ayaṃ+eva,,1,100,7,vn,cm
1456,karotīti,.un.,,,,,karoti+iti,,1,100,8,vn,cm
1457,etenāti,.un.,,,,,etena+iti,,1,100,7,vn,cm
1458,evañhi,.un.,,,,,evaṃ+hi,,1,100,6,vn,cm
1459,pahātabbo,.ti.,.m.$.sg.$.nom.,pahātabba,,,pahātabba+[o],,1,100,9,vn,cm
1460,etthāti,.un.,,,,,ettha+iti,,1,100,7,vn,cm
1461,idampi,.un.,,,,,idaṃ+api,,1,100,6,vn,cm
1462,siyāti,.un.,,,,,siyā+iti,,1,100,6,vn,cm
1463,samuṭṭhāti,.un.,,,,,samuṭṭhā+iti,,1,100,10,vn,cm
1464,evametaṃ,.un.,,,,,evaṃ+etaṃ,,1,100,8,vn,cm
1465,sampayuttakānaṃ,.ti.,.m.$.sg.$.gen.,sampayuttaka,,,sampayuttaka+[ānaṃ],,1,100,15,vn,cm
1466,kathañhi,.un.,,,,,kathaṃ+hi,,1,100,8,vn,cm
1467,idheva,.un.,,,,,idha+eva,,1,100,6,vn,cm
1468,naadhipatiyā,.un.,,,,,na+adhipatiyā,,1,100,12,vn,cm
1469,cāpi,.un.,,,,,ca+api,,1,100,4,vn,cm
1470,kammapaccayena,.n.,.m.$.sg.$.abl.,kammapaccaya,,,kamma+paccaya+[ena],,1,100,14,vn,cm
1471,idañca,.un.,,,,,idaṃ+ca,,1,100,6,vn,cm
1472,tassattho,.un.,,,,,tassa+attho,,1,100,9,vn,cm
1473,sahajātapaccayena,.n.,.m.$.sg.$.abl.,sahajātapaccaya,,,sahajāta+paccaya+[ena],,1,100,17,vn,cm
1474,evamettha,.un.,,,,,evaṃ+ettha,,1,100,9,vn,cm
1475,assāti,.un.,,,,,assa+iti,,1,100,6,vn,cm
1476,ahampi,.un.,,,,,ahaṃ+pi,,1,100,6,vn,cm
1477,gacchatīti,.un.,,,,,gacchati+iti,,1,100,10,vn,cm
1478,dvepi,.un.,,,,,dve+api,,1,100,5,vn,cm
1479,etassāti,.un.,,,,,etassa+ti,,1,100,8,vn,cm
1480,chasu,,,cha,,,cha+[su],,1,100,5,vn,cm
1481,idhāpi,.un.,,,,,idha+api,,1,100,6,vn,cm
1482,diṭṭheva,.un.,,,,,diṭṭha+eva,,1,100,8,vn,cm
1483,itipi,.un.,,,,,iti+api,,1,100,5,vn,cm
1484,pavattatīti,.un.,,,,,pavattati+iti,,1,100,11,vn,cm
1485,vuttāti,.un.,,,,,vuttā+iti,,1,100,7,vn,cm
1486,ayañca,.un.,,,,,ayaṃ+ca,,1,100,6,vn,cm
1487,idameva,.un.,,,,,idaṃ+eva,,1,100,7,vn,cm
1488,sabbampi,.un.,,,,,sabbaṃ+api,,1,100,8,vn,cm
1489,uppajjissatīti,.un.,,,,,uppajjissati+iti,,1,100,14,vn,cm
1490,nāpi,.un.,,,,,na+api,,1,100,4,vn,cm
1491,bhikkhusaṅghassa,.n.,.m.$.gen.,bhikkhusaṅgha,,,bhikkhu+saṅgha+[ssa],,1,100,16,vn,cm
1492,evamassa,.un.,,,,,evaṃ+assa,,1,100,8,vn,cm
1493,ayañhi,.un.,,,,,ayaṃ+hi,,1,100,6,vn,cm
1494,chahi,.un.,,,,,cha+hi,,1,100,5,vn,cm
1495,etthā,.ind.,.adv.,ettha,,,ettha,,1,100,5,vn,cm
1496,viyāti,.un.,,,,,viya+iti,,1,100,6,vn,cm
1497,katihi,.un.,,,,,kati+hi,,1,100,6,vn,cm
1498,ayamattho,.un.,,,,,ayaṃ+attho,,1,100,9,vn,cm
1499,tasmiṃyeva,.un.,,,,,tasmiṃ+eva,,1,100,10,vn,cm
1500,imamatthaṃ,.un.,,,,,imaṃ+atthaṃ,,1,100,10,vn,cm
1501,ahameva,.un.,,,,,ahaṃ+eva,,1,100,7,vn,cm
1502,satipi,.un.,,,,,sati+api,,1,100,6,vn,cm
1503,cittasamuṭṭhānañca,.un.,,,,,cittasamuṭṭhānaṃ+ca,,1,100,18,vn,cm
1504,sacepi,.un.,,,,,sace+api,,1,100,6,vn,cm
1505,pahātabbahetuko,.ti.,.m.$.sg.$.nom.,,,,pahātabba+hetuka+[o],,1,100,15,vn,cm
1506,ubhopi,.un.,,,,,ubho+api,,1,100,6,vn,cm
1507,aññepi,.un.,,,,,aññe+api,,1,100,6,vn,cm
1508,ntipi,.un.,,,,,iti+api,,1,100,5,vn,cm
1509,cepi,.un.,,,,,ce+api,,1,100,4,vn,cm
1510,cittasamuṭṭhānānañca,.un.,,,,,cittasamuṭṭhānānaṃ+ca,,1,100,20,vn,cm
1511,vuccatīti,.un.,,,,,vuccati+iti,,1,100,9,vn,cm
1512,sesesupi,.un.,,,,,sesesu+api,,1,100,8,vn,cm
1513,dutiyampi,.un.,,,,,dutiyaṃ+api,,1,100,9,vn,cm
1514,dasahi,.un.,,,,,dasa+hi,,1,100,6,vn,cm
1515,kāmarāgānusayañca,.un.,,,,,kāmarāgānusayaṃ+ca,,1,100,17,vn,cm
1516,yampi,.un.,,,,,yaṃ+api,,1,100,5,vn,cm
1517,sabbāpi,.un.,,,,,sabbā+api,,1,100,7,vn,cm
1518,bhikkhusaṅghaṃ,.n.,.m.$.sg.$.acc.,bhikkhusaṅgha,,,bhikkhu+saṅgha+[ṃ],,1,100,14,vn,cm
1519,uttānameva,.un.,,,,,uttānaṃ+eva,,1,100,10,vn,cm
1520,sāpi,.un.,,,,,sā+api,,1,100,4,vn,cm
1521,vivicceva,.un.,,,,,vivicca+eva,,1,100,9,vn,cm
1522,paṭighānusayañca,.un.,,,,,paṭighānusayaṃ+ca,,1,100,16,vn,cm
1523,ekameva,.un.,,,,,ekaṃ+eva,,1,100,7,vn,cm
1524,aṭṭhahi,.un.,,,,,aṭṭha+hi,,1,100,7,vn,cm
1525,vuttameva,.un.,,,,,vuttaṃ+eva,,1,100,9,vn,cm
1526,tatiyampi,.un.,,,,,tatiyaṃ+api,,1,100,9,vn,cm
1527,vatthuñca,.un.,,,,,vatthuṃ+ca,,1,100,9,vn,cm
1528,sabbeva,.un.,,,,,sabbe+eva,,1,100,7,vn,cm
1529,dassāmī,.v.,.1p.$.sg.$.fut.,dāti,,,dāti+[ssāmi],,1,100,7,vn,cm
1530,ahosīti,.un.,,,,,ahosi+iti,,1,100,7,vn,cm
1531,bhavissatīti,.un.,,,,,bhavissati+iti,,1,100,12,vn,cm
1532,ekampi,.un.,,,,,ekaṃ+api,,1,100,6,vn,cm
1533,khandhañca,.un.,,,,,khandhaṃ+ca,,1,100,10,vn,cm
1534,nacirasseva,.un.,,,,,nacirassa+eva,,1,100,11,vn,cm
1535,punapi,.un.,,,,,puna+api,,1,100,6,vn,cm
1536,etadavocuṃ,.un.,,,,,eta+avocuṃ,,1,100,10,vn,cm
1537,saṃkhittena,.ti.,.m.$.sg.$.inst.,saṅkhitta,,,saṃkhitta+[ena],,1,100,11,vn,cm
1538,vuttañhi,.un.,,,,,vuttaṃ+hi,,1,100,8,vn,cm
1539,tesampi,.un.,,,,,tesaṃ+api,,1,100,7,vn,cm
1540,pubbepi,.un.,,,,,pubbe+api,,1,100,7,vn,cm
1541,vuttampi,.un.,,,,,vuttaṃ+api,,1,100,8,vn,cm
1542,labbhatīti,.un.,,,,,labbhati+iti,,1,100,10,vn,cm
1543,purimanayeneva,.un.,,,,,purimanayena+eva,,1,100,14,vn,cm
1544,dasannaṃ,.num.,$.pl.$.gen.,dasa,,,dasa+[naṃ],,1,100,8,vn,cm
1545,devamanussesu,,,devamanussa,,,deva+manussa+[esu],,1,100,13,vn,cm
1546,tassāpi,.un.,,,,,tassa+api,,1,100,7,vn,cm
1547,dhammañca,.un.,,,,,dhammaṃ+ca,,1,100,9,vn,cm
1548,eka,.num:base.,,,一$单$独,,,,1,100,3,Kosalla_China,zh-hans
1549,eka,.num:base.,,,one$single$alone,,,,1,100,3,Kosalla_China,cm
1550,eko,.num.,.m.$.sg.$.nom.,eka,,,,,1,100,3,vn,cm
1551,ekaṃ,.num.,.m.$.sg.$.acc.,eka,,,,,1,100,4,vn,cm
1552,ekena,.num.,.m.$.sg.$.inst.,eka,,,,,1,100,5,vn,cm
1553,ekassa,.num.,.m.$.sg.$.dat.,eka,,,,,1,100,6,vn,cm
1554,ekamhā,.num.,.m.$.sg.$.abl.,eka,,,,,1,100,6,vn,cm
1555,ekasmā,.num.,.m.$.sg.$.abl.,eka,,,,,1,100,6,vn,cm
1556,ekassa,.num.,.m.$.sg.$.gen.,eka,,,,,1,100,6,vn,cm
1557,ekamhi,.num.,.m.$.sg.$.loc.,eka,,,,,1,100,6,vn,cm
1558,ekasmiṃ,.num.,.m.$.sg.$.acc.,eka,,,,,1,100,7,vn,cm
1559,ekā,.num.,.f.$.sg.$.nom.,eka,,,,,1,100,3,vn,cm
1560,ekaṃ,.num.,.f.$.sg.$.acc.,eka,,,,,1,100,4,vn,cm
1561,ekāya,.num.,.f.$.sg.$.inst.,eka,,,,,1,100,5,vn,cm
1562,ekissā,.num.,.f.$.sg.$.dat.,eka,,,,,1,100,6,vn,cm
1563,ekassā,.num.,.f.$.sg.$.nom.,eka,,,,,1,100,6,vn,cm
1564,ekāya,.num.,.f.$.sg.$.nom.,eka,,,,,1,100,5,vn,cm
1565,ekāya,.num.,.f.$.sg.$.abl.,eka,,,,,1,100,5,vn,cm
1566,ekissā,.num.,.f.$.sg.$.gen.,eka,,,,,1,100,6,vn,cm
1567,ekassā,.num.,.f.$.sg.$.gen.,eka,,,,,1,100,6,vn,cm
1568,ekāya,.num.,.f.$.sg.$.gen.,eka,,,,,1,100,5,vn,cm
1569,ekissā,.num.,.f.$.sg.$.loc.,eka,,,,,1,100,6,vn,cm
1570,ekissāṃ,.num.,.f.$.sg.$.loc.,eka,,,,,1,100,7,vn,cm
1571,ekassāṃ,.num.,.f.$.sg.$.loc.,eka,,,,,1,100,7,vn,cm
1572,ekāya,.num.,.f.$.sg.$.acc.,eka,,,,,1,100,5,vn,cm
1573,ekāyaṃ,.num.,.f.$.sg.$.acc.,eka,,,,,1,100,6,vn,cm
1574,ekaṃ,.num.,.nt.$.sg.$.nom.,eka,,,,,1,100,4,vn,cm
1575,ekaṃ,.num.,.nt.$.sg.$.acc.,eka,,,,,1,100,4,vn,cm
1576,ekena,.num.,.nt.$.sg.$.inst.,eka,,,,,1,100,5,vn,cm
1577,ekassa,.num.,.nt.$.sg.$.dat.,eka,,,,,1,100,6,vn,cm
1578,ekamhā,.num.,.nt.$.sg.$.abl.,eka,,,,,1,100,6,vn,cm
1579,ekasmā,.num.,.nt.$.sg.$.abl.,eka,,,,,1,100,6,vn,cm
1580,ekassa,.num.,.nt.$.sg.$.gen.,eka,,,,,1,100,6,vn,cm
1581,ekamhi,.num.,.nt.$.sg.$.loc.,eka,,,,,1,100,6,vn,cm
1582,ekasmiṃ,.num.,.nt.$.sg.$.loc.,eka,,,,,1,100,7,vn,cm
1583,dvi,.num:base.,,,二,,,,1,100,3,vn,zh-hans
1584,dvi,.num:base.,,,two,,,,1,100,3,Kosalla_China,cm
1585,dve,.num.,$.pl.$.nom.,dvi,,,,,1,100,3,vn,cm
1586,duve,.num.,$.pl.$.nom.,dvi,,,,,1,100,4,vn,cm
1587,dve,.num.,$.pl.$.acc.,dvi,,,,,1,100,3,vn,cm
1588,duve,.num.,$.pl.$.acc.,dvi,,,,,1,100,4,vn,cm
1589,dvīhi,.num.,$.pl.$.inst.,dvi,,,,,1,100,5,vn,cm
1590,dvinnaṃ,.num.,$.pl.$.dat.,dvi,,,,,1,100,7,vn,cm
1591,duvinnaṃ,.num.,$.pl.$.dat.,dvi,,,,,1,100,8,vn,cm
1592,dvīhi,.num.,$.pl.$.abl.,dvi,,,,,1,100,5,vn,cm
1593,dvinnaṃ,.num.,$.pl.$.gen.,dvi,,,,,1,100,7,vn,cm
1594,duvinnaṃ,.num.,$.pl.$.gen.,dvi,,,,,1,100,8,vn,cm
1595,dvīsu,.num.,$.pl.$.loc.,dvi,,,,,1,100,5,vn,cm
1596,ti,.num:base.,,,三,,,,1,100,2,vn,zh-hans
1597,tayo,.num:base.,,,三,,,,1,100,4,Kosalla_China,zh-hans
1598,ti,.num:base.,,,three,,,,1,100,2,Kosalla_China,cm
1599,tayo,.num:base.,,,three,,,,1,100,4,Kosalla_China,cm
1600,tayo,.num.,.m.$.pl.$.acc.,ti,,,,,1,100,4,vn,cm
1601,tīhi,.num.,.m.$.pl.$.inst.,ti,,,,,1,100,4,vn,cm
1602,tinnaṃ,.num.,.m.$.pl.$.dat.,ti,,,,,1,100,6,vn,cm
1603,tinnannaṃ,.num.,.m.$.pl.$.dat.,ti,,,,,1,100,9,vn,cm
1604,tīhi,.num.,.m.$.pl.$.abl.,ti,,,,,1,100,4,vn,cm
1605,tinnaṃ,.num.,.m.$.pl.$.gen.,ti,,,,,1,100,6,vn,cm
1606,tinnannaṃ,.num.,.m.$.pl.$.gen.,ti,,,,,1,100,9,vn,cm
1607,tīsu,.num.,.m.$.pl.$.loc.,ti,,,,,1,100,4,vn,cm
1608,tisso,.num.,.f.$.pl.$.nom.,ti,,,,,1,100,5,vn,cm
1609,tisso,.num.,.f.$.pl.$.acc.,ti,,,,,1,100,5,vn,cm
1610,tīhi,.num.,.f.$.pl.$.inst.,ti,,,,,1,100,4,vn,cm
1611,tissannaṃ,.num.,.f.$.pl.$.dat.,ti,,,,,1,100,9,vn,cm
1612,tīhi,.num.,.f.$.pl.$.abl.,ti,,,,,1,100,4,vn,cm
1613,tissannaṃ,.num.,.f.$.pl.$.gen.,ti,,,,,1,100,9,vn,cm
1614,tīsu,.num.,.f.$.pl.$.loc.,ti,,,,,1,100,4,vn,cm
1615,tīni,.num.,.nt.$.pl.$.nom.,ti,,,,,1,100,4,vn,cm
1616,tīni,.num.,.nt.$.pl.$.acc.,ti,,,,,1,100,4,vn,cm
1617,tīhi,.num.,.nt.$.pl.$.inst.,ti,,,,,1,100,4,vn,cm
1618,tinnaṃ,.num.,.nt.$.pl.$.dat.,ti,,,,,1,100,6,vn,cm
1619,tinnannaṃ,.num.,.nt.$.pl.$.dat.,ti,,,,,1,100,9,vn,cm
1620,tīhi,.num.,.nt.$.pl.$.abl.,ti,,,,,1,100,4,vn,cm
1621,tinnaṃ,.num.,.nt.$.pl.$.gen.,ti,,,,,1,100,6,vn,cm
1622,tinnannaṃ,.num.,.nt.$.pl.$.gen.,ti,,,,,1,100,9,vn,cm
1623,tīsu,.num.,.nt.$.pl.$.loc.,ti,,,,,1,100,4,vn,cm
1624,catu,.num:base.,,,四,,,,1,100,4,vn,zh-hans
1625,catu,.num:base.,,,four,,,,1,100,4,Kosalla_China,cm
1626,cattāro,.num.,.m.$.pl.$.nom.,catu,,,,,1,100,7,vn,cm
1627,caturo,.num.,.m.$.pl.$.nom.,catu,,,,,1,100,6,vn,cm
1628,cattāro,.num.,.m.$.pl.$.acc.,catu,,,,,1,100,7,vn,cm
1629,caturo,.num.,.m.$.pl.$.acc.,catu,,,,,1,100,6,vn,cm
1630,catūhi,.num.,.m.$.pl.$.inst.,catu,,,,,1,100,6,vn,cm
1631,catunnaṃ,.num.,.m.$.pl.$.dat.,catu,,,,,1,100,8,vn,cm
1632,catūhi,.num.,.m.$.pl.$.abl.,catu,,,,,1,100,6,vn,cm
1633,catunnaṃ,.num.,.m.$.pl.$.gen.,catu,,,,,1,100,8,vn,cm
1634,catusu,.num.,.m.$.pl.$.loc.,catu,,,,,1,100,6,vn,cm
1635,catasso,.num.,.f.$.pl.$.nom.,catu,,,,,1,100,7,vn,cm
1636,catasso,.num.,.f.$.pl.$.acc.,catu,,,,,1,100,7,vn,cm
1637,catūhi,.num.,.f.$.pl.$.inst.,catu,,,,,1,100,6,vn,cm
1638,catassannaṃ,.num.,.f.$.pl.$.dat.,catu,,,,,1,100,11,vn,cm
1639,catūhi,.num.,.f.$.pl.$.dat.,catu,,,,,1,100,6,vn,cm
1640,catassannaṃ,.num.,.f.$.pl.$.gen.,catu,,,,,1,100,11,vn,cm
1641,catusu,.num.,.f.$.pl.$.loc.,catu,,,,,1,100,6,vn,cm
1642,cattāri,.num.,.nt.$.pl.$.nom.,catu,,,,,1,100,7,vn,cm
1643,cattāri,.num.,.nt.$.pl.$.acc.,catu,,,,,1,100,7,vn,cm
1644,catūhi,.num.,.nt.$.pl.$.inst.,catu,,,,,1,100,6,vn,cm
1645,catunnaṃ,.num.,.nt.$.pl.$.dat.,catu,,,,,1,100,8,vn,cm
1646,catūhi,.num.,.nt.$.pl.$.abl.,catu,,,,,1,100,6,vn,cm
1647,catunnaṃ,.num.,.nt.$.pl.$.gen.,catu,,,,,1,100,8,vn,cm
1648,catusu,.num.,.nt.$.pl.$.loc.,catu,,,,,1,100,6,vn,cm
1649,pañca,.num:base.,,,五,,,,1,100,5,vn,zh-hans
1650,pañca,.num:base.,,,five,,,,1,100,5,Kosalla_China,cm
1651,pañca,.num.,$.pl.$.nom.,pañca,,,,,1,100,5,vn,cm
1652,pañca,.num.,$.pl.$.acc.,pañca,,,,,1,100,5,vn,cm
1653,pañcahi,.num.,$.pl.$.inst.,pañca,,,,,1,100,7,vn,cm
1654,pañcannaṃ,.num.,$.pl.$.dat.,pañca,,,,,1,100,9,vn,cm
1655,pañcahi,.num.,$.pl.$.abl.,pañca,,,,,1,100,7,vn,cm
1656,pañcannaṃ,.num.,$.pl.$.gen.,pañca,,,,,1,100,9,vn,cm
1657,pañcasu,.num.,$.pl.$.loc.,pañca,,,,,1,100,7,vn,cm
1657,ādiṃ,.n.,.nt.$.sg.$.acc.,ādi,,,,,1,100,4,vn,cm
1657,ādinā,.n.,.nt.$.sg.$.inst.,ādi,,,,,1,100,5,vn,cm
1657,ādito,.n.,.nt.$.sg.$.abl.,ādi,,,,,1,100,5,vn,cm
1657,ādimhi,.n.,.nt.$.sg.$.loc.,ādi,,,,,1,100,6,vn,cm
1657,ādayo,.n.,.nt.$.pl.$.nom.,ādi,,,,,1,100,5,vn,cm
1657,ādīni,.n.,.nt.$.pl.$.nom.,ādi,,,,,1,100,5,vn,cm
