980000,vālikārāmaṃ,valikaramam,1,1,0,0,11
980001,sannidhikārakabhojane,sannidhikarakabhojane,1,1,0,0,21
980002,apagatasatthusāsanaṃ,apagatasatthusasanam,10,10,0,0,20
980003,anatirittabhojane,anatirittabhojane,2,2,0,0,17
980004,jātarūparajatapaṭiggahaṇe,jataruparajatapatiggahane,1,1,0,0,25
980005,itipimāni,itipimani,1,1,0,0,9
980006,apagatasatthusāsanānī,apagatasatthusasanani,1,1,0,0,21
980007,para458_vin4,para458_vin4,1,1,0,0,12
980008,pāveyyako,paveyyako,1,1,0,0,9
980009,majjhesi,majjhesi,1,1,0,0,8
980010,pattanāvāya,pattanavaya,1,1,0,0,11
980011,rahosi,rahosi,1,1,0,0,6
980012,upanāmayaṃ,upanamayam,1,1,0,0,10
980013,ubbāhikāti,ubbahikati,1,1,0,0,10
980014,vin5,vin5,1,1,0,0,4
980015,vin5_1,vin5_1,1,1,0,0,6
980016,para1_vin5,para1_vin5,1,1,0,0,10
980017,para2_vin5,para2_vin5,1,1,0,0,10
980018,āpattikkhandhoti,apattikkhandhoti,10,10,0,0,16
980019,adhipātimokkhanti,adhipatimokkhanti,4,4,0,0,17
980020,para3_vin5,para3_vin5,1,1,0,0,10
980021,moggalīputtena,moggaliputtena,1,1,0,0,14
980022,jambusarivhaye,jambusarivhaye,1,1,0,0,14
980023,iṭṭhiyo,itthiyo,1,1,0,0,7
980024,uṭṭiyo,uttiyo,1,1,0,0,6
980025,sampalo,sampalo,1,1,0,0,7
980026,revatthero,revatthero,1,1,0,0,10
980027,para4_vin5,para4_vin5,1,1,0,0,10
980028,para5_vin5,para5_vin5,1,1,0,0,10
980029,para6_vin5,para6_vin5,1,1,0,0,10
980030,para7_vin5,para7_vin5,1,1,0,0,10
980031,para8_vin5,para8_vin5,1,1,0,0,10
980032,para9_vin5,para9_vin5,1,1,0,0,10
980033,saṃṅghādiseso,samnghadiseso,1,1,0,0,13
980034,para10_vin5,para10_vin5,1,1,0,0,11
980035,para11_vin5,para11_vin5,1,1,0,0,11
980036,para12_vin5,para12_vin5,1,1,0,0,11
980037,para13_vin5,para13_vin5,1,1,0,0,11
980038,para14_vin5,para14_vin5,1,1,0,0,11
980039,para15_vin5,para15_vin5,1,1,0,0,11
980040,para16_vin5,para16_vin5,1,1,0,0,11
980041,para17_vin5,para17_vin5,1,1,0,0,11
980042,para18_vin5,para18_vin5,1,1,0,0,11
980043,para19_vin5,para19_vin5,1,1,0,0,11
980044,para20_vin5,para20_vin5,1,1,0,0,11
980045,kiñcidesañca,kincidesanca,1,1,0,0,12
980046,para21_vin5,para21_vin5,1,1,0,0,11
980047,aniṃyato,animyato,1,1,0,0,8
980048,para22_vin5,para22_vin5,1,1,0,0,11
980049,alaṅkammaniye,alankammaniye,1,1,0,0,13
980050,pācittiyāpattikkhandho,pacittiyapattikkhandho,4,4,0,0,22
980051,para23_vin5,para23_vin5,1,1,0,0,11
980052,alaṅkammaniyañceva,alankammaniyanceva,1,1,0,0,18
980053,para24_vin5,para24_vin5,1,1,0,0,11
980054,para25_vin5,para25_vin5,1,1,0,0,11
980055,para26_vin5,para26_vin5,1,1,0,0,11
980056,para27_vin5,para27_vin5,1,1,0,0,11
980057,para28_vin5,para28_vin5,1,1,0,0,11
980058,para29_vin5,para29_vin5,1,1,0,0,11
980059,para30_vin5,para30_vin5,1,1,0,0,11
980060,para31_vin5,para31_vin5,1,1,0,0,11
980061,para32_vin5,para32_vin5,1,1,0,0,11
980062,para33_vin5,para33_vin5,1,1,0,0,11
980063,para34_vin5,para34_vin5,1,1,0,0,11
980064,para35_vin5,para35_vin5,1,1,0,0,11
980065,para36_vin5,para36_vin5,1,1,0,0,11
980066,para37_vin5,para37_vin5,1,1,0,0,11
980067,para38_vin5,para38_vin5,1,1,0,0,11
980068,para39_vin5,para39_vin5,1,1,0,0,11
980069,para40_vin5,para40_vin5,1,1,0,0,11
980070,para41_vin5,para41_vin5,1,1,0,0,11
980071,para42_vin5,para42_vin5,1,1,0,0,11
980072,para43_vin5,para43_vin5,1,1,0,0,11
980073,para44_vin5,para44_vin5,1,1,0,0,11
980074,para45_vin5,para45_vin5,1,1,0,0,11
980075,para46_vin5,para46_vin5,1,1,0,0,11
980076,kathinake,kathinake,22,22,0,0,9
980077,para47_vin5,para47_vin5,1,1,0,0,11
980078,para48_vin5,para48_vin5,1,1,0,0,11
980079,para49_vin5,para49_vin5,1,1,0,0,11
980080,para50_vin5,para50_vin5,1,1,0,0,11
980081,para51_vin5,para51_vin5,1,1,0,0,11
980082,para52_vin5,para52_vin5,1,1,0,0,11
980083,para53_vin5,para53_vin5,1,1,0,0,11
980084,dasekarattimāso,dasekarattimaso,1,1,0,0,15
980085,aññātakañca,annatakanca,1,1,0,0,11
980086,para54_vin5,para54_vin5,1,1,0,0,11
980087,avajāni,avajani,1,1,0,0,7
980088,para55_vin5,para55_vin5,1,1,0,0,11
980089,para56_vin5,para56_vin5,1,1,0,0,11
980090,para57_vin5,para57_vin5,1,1,0,0,11
980091,para58_vin5,para58_vin5,1,1,0,0,11
980092,para59_vin5,para59_vin5,1,1,0,0,11
980093,eḷakalomake,elakalomake,37,37,0,0,11
980094,para60_vin5,para60_vin5,1,1,0,0,11
980095,para61_vin5,para61_vin5,1,1,0,0,11
980096,para62_vin5,para62_vin5,1,1,0,0,11
980097,para63_vin5,para63_vin5,1,1,0,0,11
980098,para64_vin5,para64_vin5,1,1,0,0,11
980099,para65_vin5,para65_vin5,1,1,0,0,11
980100,para66_vin5,para66_vin5,1,1,0,0,11
980101,para67_vin5,para67_vin5,1,1,0,0,11
980102,para68_vin5,para68_vin5,1,1,0,0,11
980103,para69_vin5,para69_vin5,1,1,0,0,11
980104,para70_vin5,para70_vin5,1,1,0,0,11
980105,para71_vin5,para71_vin5,1,1,0,0,11
980106,para72_vin5,para72_vin5,1,1,0,0,11
980107,para73_vin5,para73_vin5,1,1,0,0,11
980108,para74_vin5,para74_vin5,1,1,0,0,11
980109,para75_vin5,para75_vin5,1,1,0,0,11
980110,para76_vin5,para76_vin5,1,1,0,0,11
980111,para77_vin5,para77_vin5,1,1,0,0,11
980112,para78_vin5,para78_vin5,1,1,0,0,11
980113,para79_vin5,para79_vin5,1,1,0,0,11
980114,para80_vin5,para80_vin5,1,1,0,0,11
980115,para81_vin5,para81_vin5,1,1,0,0,11
980116,para82_vin5,para82_vin5,1,1,0,0,11
980117,para83_vin5,para83_vin5,1,1,0,0,11
980118,para84_vin5,para84_vin5,1,1,0,0,11
980119,para85_vin5,para85_vin5,1,1,0,0,11
980120,para86_vin5,para86_vin5,1,1,0,0,11
980121,para87_vin5,para87_vin5,1,1,0,0,11
980122,para88_vin5,para88_vin5,1,1,0,0,11
980123,para89_vin5,para89_vin5,1,1,0,0,11
980124,para90_vin5,para90_vin5,1,1,0,0,11
980125,para91_vin5,para91_vin5,1,1,0,0,11
980126,para92_vin5,para92_vin5,1,1,0,0,11
980127,para93_vin5,para93_vin5,1,1,0,0,11
980128,para94_vin5,para94_vin5,1,1,0,0,11
980129,para95_vin5,para95_vin5,1,1,0,0,11
980130,para96_vin5,para96_vin5,1,1,0,0,11
980131,para97_vin5,para97_vin5,1,1,0,0,11
980132,para98_vin5,para98_vin5,1,1,0,0,11
980133,para99_vin5,para99_vin5,1,1,0,0,11
980134,para100_vin5,para100_vin5,1,1,0,0,12
980135,para101_vin5,para101_vin5,1,1,0,0,12
980136,para102_vin5,para102_vin5,1,1,0,0,12
980137,para103_vin5,para103_vin5,1,1,0,0,12
980138,para104_vin5,para104_vin5,1,1,0,0,12
980139,para105_vin5,para105_vin5,1,1,0,0,12
980140,para106_vin5,para106_vin5,1,1,0,0,12
980141,para107_vin5,para107_vin5,1,1,0,0,12
980142,para108_vin5,para108_vin5,1,1,0,0,12
980143,para109_vin5,para109_vin5,1,1,0,0,12
980144,para110_vin5,para110_vin5,1,1,0,0,12
980145,para111_vin5,para111_vin5,1,1,0,0,12
980146,para112_vin5,para112_vin5,1,1,0,0,12
980147,para113_vin5,para113_vin5,1,1,0,0,12
980148,surāmerayavaggo,suramerayavaggo,3,3,0,0,15
980149,para114_vin5,para114_vin5,1,1,0,0,12
980150,para115_vin5,para115_vin5,1,1,0,0,12
980151,para116_vin5,para116_vin5,1,1,0,0,12
980152,ukkoṭesuṃ,ukkotesum,1,1,0,0,9
980153,para117_vin5,para117_vin5,1,1,0,0,12
980154,para118_vin5,para118_vin5,1,1,0,0,12
980155,para119_vin5,para119_vin5,1,1,0,0,12
980156,para120_vin5,para120_vin5,1,1,0,0,12
980157,para121_vin5,para121_vin5,1,1,0,0,12
980158,para122_vin5,para122_vin5,1,1,0,0,12
980159,sambhuñjantassa,sambhunjantassa,1,1,0,0,15
980160,sambhuñjiṃsu,sambhunjimsu,1,1,0,0,12
980161,para123_vin5,para123_vin5,1,1,0,0,12
980162,upalāpentassa,upalapentassa,1,1,0,0,13
980163,upalāpesuṃ,upalapesum,1,1,0,0,10
980164,para124_vin5,para124_vin5,1,1,0,0,12
980165,paripucchissāmī,paripucchissami,3,3,0,0,15
980166,para125_vin5,para125_vin5,1,1,0,0,12
980167,para126_vin5,para126_vin5,1,1,0,0,12
980168,para127_vin5,para127_vin5,1,1,0,0,12
980169,para128_vin5,para128_vin5,1,1,0,0,12
980170,para129_vin5,para129_vin5,1,1,0,0,12
980171,para130_vin5,para130_vin5,1,1,0,0,12
980172,para131_vin5,para131_vin5,1,1,0,0,12
980173,para132_vin5,para132_vin5,1,1,0,0,12
980174,para133_vin5,para133_vin5,1,1,0,0,12
980175,para134_vin5,para134_vin5,1,1,0,0,12
980176,para135_vin5,para135_vin5,1,1,0,0,12
980177,para136_vin5,para136_vin5,1,1,0,0,12
980178,para137_vin5,para137_vin5,1,1,0,0,12
980179,para138_vin5,para138_vin5,1,1,0,0,12
980180,para139_vin5,para139_vin5,1,1,0,0,12
980181,para140_vin5,para140_vin5,1,1,0,0,12
980182,para141_vin5,para141_vin5,1,1,0,0,12
980183,para142_vin5,para142_vin5,1,1,0,0,12
980184,para143_vin5,para143_vin5,1,1,0,0,12
980185,para144_vin5,para144_vin5,1,1,0,0,12
980186,para145_vin5,para145_vin5,1,1,0,0,12
980187,padaseyyā,padaseyya,1,1,0,0,9
980188,desanārocanā,desanarocana,1,1,0,0,12
980189,khaṇanā,khanana,1,1,0,0,7
980190,bhūtaññavādaujjhāyi,bhutannavadaujjhayi,1,1,0,0,19
980191,upassayāmisena,upassayamisena,1,1,0,0,14
980192,sibbe,sibbe,1,1,0,0,5
980193,uyyokhajja,uyyokhajja,1,1,0,0,10
980194,acelakānupakhajja,acelakanupakhajja,1,1,0,0,17
980195,senāvasanuyyodhikaṃ,senavasanuyyodhikam,1,1,0,0,19
980196,sañciccudakakammā,sanciccudakakamma,1,1,0,0,17
980197,theyyaitthiavadesaṃ,theyyaitthiavadesam,1,1,0,0,19
980198,sahadhammikavilekhā,sahadhammikavilekha,2,2,0,0,19
980199,pahārenuggire,paharenuggire,1,1,0,0,13
980200,amūlakañca,amulakanca,1,1,0,0,10
980201,khiyyapakkame,khiyyapakkame,1,1,0,0,13
980202,bhojanācelakena,bhojanacelakena,1,1,0,0,15
980203,sappāṇakā,sappanaka,1,1,0,0,9
980204,rājavaggena,rajavaggena,1,1,0,0,11
980205,para146_vin5,para146_vin5,1,1,0,0,12
980206,para147_vin5,para147_vin5,1,1,0,0,12
980207,para148_vin5,para148_vin5,1,1,0,0,12
980208,para149_vin5,para149_vin5,1,1,0,0,12
980209,nārocesuṃ,narocesum,1,1,0,0,9
980210,vosāsaṃ,vosasam,1,1,0,0,7
980211,sekkhaāraññakena,sekkhaarannakena,1,1,0,0,16
980212,para150_vin5,para150_vin5,1,1,0,0,12
980213,nivāsesuṃ,nivasesum,1,1,0,0,9
980214,para151_vin5,para151_vin5,1,1,0,0,12
980215,para152_vin5,para152_vin5,1,1,0,0,12
980216,piṇḍapātavaggo,pindapatavaggo,4,4,0,0,14
980217,para153_vin5,para153_vin5,1,1,0,0,12
980218,para154_vin5,para154_vin5,1,1,0,0,12
980219,para155_vin5,para155_vin5,1,1,0,0,12
980220,para156_vin5,para156_vin5,1,1,0,0,12
980221,ukkhittojjagghikā,ukkhittojjagghika,1,1,0,0,17
980222,cevukkuṭipallatthikāya,cevukkutipallatthikaya,1,1,0,0,22
980223,samasūpaṃ,samasupam,1,1,0,0,9
980224,sitthakena,sitthakena,1,1,0,0,10
980225,satthaāvudhapāṇinaṃ,satthaavudhapaninam,2,2,0,0,19
980226,yānaseyyāgatassa,yanaseyyagatassa,1,1,0,0,16
980227,veṭhitoguṇṭhitassa,vethitogunthitassa,1,1,0,0,18
980228,parimaṇḍalaujjagghi,parimandalaujjagghi,1,1,0,0,19
980229,pādukena,padukena,2,2,0,0,8
980230,para157_vin5,para157_vin5,1,1,0,0,12
980231,para158_vin5,para158_vin5,1,1,0,0,12
980232,para159_vin5,para159_vin5,1,1,0,0,12
980233,para160_vin5,para160_vin5,1,1,0,0,12
980234,para161_vin5,para161_vin5,1,1,0,0,12
980235,anuddhaṃsento,anuddhamsento,3,3,0,0,13
980236,paṭinissajjantā,patinissajjanta,1,1,0,0,15
980237,para162_vin5,para162_vin5,1,1,0,0,12
980238,dhovāpento,dhovapento,2,2,0,0,10
980239,abhinipphādento,abhinipphadento,1,1,0,0,15
980240,abhinipphādite,abhinipphadite,1,1,0,0,14
980241,para163_vin5,para163_vin5,1,1,0,0,12
980242,para164_vin5,para164_vin5,1,1,0,0,12
980243,cetāpento,cetapento,1,1,0,0,9
980244,pariyiṭṭhe,pariyitthe,1,1,0,0,10
980245,vāyāpento,vayapento,1,1,0,0,9
980246,para165_vin5,para165_vin5,1,1,0,0,12
980247,para166_vin5,para166_vin5,1,1,0,0,12
980248,nikkaḍḍhento,nikkaddhento,1,1,0,0,12
980249,abhinisinne,abhinisinne,2,2,0,0,11
980250,siñcite,sincite,1,1,0,0,7
980251,para167_vin5,para167_vin5,1,1,0,0,12
980252,sibbento,sibbento,1,1,0,0,8
980253,para168_vin5,para168_vin5,1,1,0,0,12
980254,para169_vin5,para169_vin5,1,1,0,0,12
980255,para170_vin5,para170_vin5,1,1,0,0,12
980256,apanidhento,apanidhento,1,1,0,0,11
980257,apanidhite,apanidhite,1,1,0,0,10
980258,para171_vin5,para171_vin5,1,1,0,0,12
980259,sambhuñjanto,sambhunjanto,1,1,0,0,12
980260,para172_vin5,para172_vin5,1,1,0,0,12
980261,uggirite,uggirite,1,1,0,0,8
980262,anuddhaṃsite,anuddhamsite,1,1,0,0,12
980263,upadahite,upadahite,1,1,0,0,9
980264,khiyyite,khiyyite,3,3,0,0,8
980265,para173_vin5,para173_vin5,1,1,0,0,12
980266,para174_vin5,para174_vin5,1,1,0,0,12
980267,para175_vin5,para175_vin5,1,1,0,0,12
980268,para176_vin5,para176_vin5,1,1,0,0,12
980269,para177_vin5,para177_vin5,1,1,0,0,12
980270,para178_vin5,para178_vin5,1,1,0,0,12
980271,para179_vin5,para179_vin5,1,1,0,0,12
980272,para180_vin5,para180_vin5,1,1,0,0,12
980273,para181_vin5,para181_vin5,1,1,0,0,12
980274,para182_vin5,para182_vin5,1,1,0,0,12
980275,saṅgahitavāro,sangahitavaro,4,4,0,0,13
980276,para183_vin5,para183_vin5,1,1,0,0,12
980277,pārājikāpattikkhandhena,parajikapattikkhandhena,17,17,0,0,23
980278,thullaccayāpattikkhandhena,thullaccayapattikkhandhena,20,20,0,0,26
980279,dukkaṭāpattikkhandhena,dukkatapattikkhandhena,34,34,0,0,22
980280,āpattikkhandhena,apattikkhandhena,6,6,0,0,16
980281,para184_vin5,para184_vin5,1,1,0,0,12
980282,samuṭṭhanti,samutthanti,147,147,0,0,11
980283,para185_vin5,para185_vin5,1,1,0,0,12
980284,para186_vin5,para186_vin5,1,1,0,0,12
980285,para187_vin5,para187_vin5,1,1,0,0,12
980286,katthapaññatti,katthapannatti,1,1,0,0,14
980287,vipattisaṅgahena,vipattisangahena,1,1,0,0,16
980288,samuṭṭhānādhikaraṇā,samutthanadhikarana,1,1,0,0,19
980289,para188_vin5,para188_vin5,1,1,0,0,12
980290,para189_vin5,para189_vin5,1,1,0,0,12
980291,ādiyanapaccayā,adiyanapaccaya,4,4,0,0,14
980292,para190_vin5,para190_vin5,1,1,0,0,12
980293,voropanapaccayā,voropanapaccaya,4,4,0,0,15
980294,para191_vin5,para191_vin5,1,1,0,0,12
980295,ullapanapaccayā,ullapanapaccaya,4,4,0,0,15
980296,saṅghādisesakaṇḍādi,sanghadisesakandadi,4,4,0,0,19
980297,para192_vin5,para192_vin5,1,1,0,0,12
980298,mocanapaccayā,mocanapaccaya,3,3,0,0,13
980299,obhāsanapaccayā,obhasanapaccaya,2,2,0,0,15
980300,bhāsanapaccayā,bhasanapaccaya,2,2,0,0,14
980301,kārāpanapaccayā,karapanapaccaya,4,4,0,0,15
980302,anuddhaṃsanapaccayā,anuddhamsanapaccaya,4,4,0,0,19
980303,paṭinissajjanapaccayā,patinissajjanapaccaya,20,20,0,0,21
980304,para193_vin5,para193_vin5,1,1,0,0,12
980305,para194_vin5,para194_vin5,1,1,0,0,12
980306,asucimocanapaccayā,asucimocanapaccaya,2,2,0,0,18
980307,para195_vin5,para195_vin5,1,1,0,0,12
980308,para196_vin5,para196_vin5,1,1,0,0,12
980309,pācittiyāpattikkhandhena,pacittiyapattikkhandhena,21,21,0,0,24
980310,para197_vin5,para197_vin5,1,1,0,0,12
980311,para198_vin5,para198_vin5,1,1,0,0,12
980312,para199_vin5,para199_vin5,1,1,0,0,12
980313,para200_vin5,para200_vin5,1,1,0,0,12
980314,aṭṭhapaccayavārā,atthapaccayavara,1,1,0,0,16
980315,soḷasamahāvārā,solasamahavara,1,1,0,0,14
980316,bhikkhuvibhaṅgamahāvāro,bhikkhuvibhangamahavaro,1,1,0,0,23
980317,para201_vin5,para201_vin5,1,1,0,0,12
980318,para202_vin5,para202_vin5,1,1,0,0,12
980319,puthujjanakalyāṇikā,puthujjanakalyanika,1,1,0,0,19
980320,arahantiyo,arahantiyo,1,1,0,0,10
980321,sikkhākāmāsu,sikkhakamasu,1,1,0,0,12
980322,para203_vin5,para203_vin5,1,1,0,0,12
980323,para204_vin5,para204_vin5,1,1,0,0,12
980324,para205_vin5,para205_vin5,1,1,0,0,12
980325,vatthukā,vatthuka,3,3,0,0,8
980326,para206_vin5,para206_vin5,1,1,0,0,12
980327,para207_vin5,para207_vin5,1,1,0,0,12
980328,para208_vin5,para208_vin5,1,1,0,0,12
980329,para209_vin5,para209_vin5,1,1,0,0,12
980330,para210_vin5,para210_vin5,1,1,0,0,12
980331,para211_vin5,para211_vin5,1,1,0,0,12
980332,para212_vin5,para212_vin5,1,1,0,0,12
980333,para213_vin5,para213_vin5,1,1,0,0,12
980334,para214_vin5,para214_vin5,1,1,0,0,12
980335,paccākatāya,paccakataya,2,2,0,0,11
980336,para215_vin5,para215_vin5,1,1,0,0,12
980337,para216_vin5,para216_vin5,1,1,0,0,12
980338,ussayacori,ussayacori,1,1,0,0,10
980339,para217_vin5,para217_vin5,1,1,0,0,12
980340,cetāpesi,cetapesi,2,2,0,0,8
980341,cetāpesuṃ,cetapesum,4,4,0,0,9
980342,viññāpe,vinnape,1,1,0,0,7
980343,aññadatthi,annadatthi,1,1,0,0,10
980344,catukkaṃsaḍḍhateyyakāti,catukkamsaddhateyyakati,1,1,0,0,23
980345,para218_vin5,para218_vin5,1,1,0,0,12
980346,saṃharāpesuṃ,samharapesum,1,1,0,0,12
980347,atirekadvaṅgulapabbaparamaṃ,atirekadvangulapabbaparamam,2,2,0,0,27
980348,upatiṭṭhi,upatitthi,1,1,0,0,9
980349,para219_vin5,para219_vin5,1,1,0,0,12
980350,theyyasatthake,theyyasatthake,4,4,0,0,14
980351,abhinisīdantiyā,abhinisidantiya,2,2,0,0,15
980352,abhinisīdiṃsu,abhinisidimsu,1,1,0,0,13
980353,nahānavaggo,nahanavaggo,4,4,0,0,11
980354,para220_vin5,para220_vin5,1,1,0,0,12
980355,para221_vin5,para221_vin5,1,1,0,0,12
980356,para222_vin5,para222_vin5,1,1,0,0,12
980357,kantiṃsu,kantimsu,1,1,0,0,8
980358,vūpasamentiyā,vupasamentiya,1,1,0,0,13
980359,para223_vin5,para223_vin5,1,1,0,0,12
980360,caṇḍīkatāya,candikataya,2,2,0,0,11
980361,bhuttāviniyo,bhuttaviniyo,1,1,0,0,12
980362,bhikkhunisaṃghe,bhikkhunisamghe,1,1,0,0,15
980363,ruhitaṃ,ruhitam,1,1,0,0,7
980364,bhedāpentiyā,bhedapentiya,1,1,0,0,12
980365,para224_vin5,para224_vin5,1,1,0,0,12
980366,anuggaṇhantiyā,anugganhantiya,1,1,0,0,14
980367,anuggaṇhāpentiyā,anugganhapentiya,1,1,0,0,16
980368,anuggaṇhāpesi,anugganhapesi,1,1,0,0,13
980369,vūpakāsentiyā,vupakasentiya,1,1,0,0,13
980370,vūpakāsāpentiyā,vupakasapentiya,1,1,0,0,15
980371,vūpakāsesi,vupakasesi,1,1,0,0,10
980372,vūpakāsāpesi,vupakasapesi,1,1,0,0,12
980373,para225_vin5,para225_vin5,1,1,0,0,12
980374,sāmikenāpi,samikenapi,1,1,0,0,10
980375,para226_vin5,para226_vin5,1,1,0,0,12
980376,ummaddāpentiyā,ummaddapentiya,4,4,0,0,14
980377,parimaddāpentiyā,parimaddapentiya,4,4,0,0,16
980378,ummaddāpesuṃ,ummaddapesum,4,4,0,0,12
980379,parimaddāpesuṃ,parimaddapesum,4,4,0,0,14
980380,asaṅkaccikāya,asankaccikaya,1,1,0,0,13
980381,asaṅkacchikāya,asankacchikaya,1,1,0,0,14
980382,navavaggakhuddakā,navavaggakhuddaka,1,1,0,0,17
980383,bhuñjantāmakadhaññānaṃ,bhunjantamakadhannanam,1,1,0,0,22
980384,duggahi,duggahi,1,1,0,0,7
980385,naggodakā,naggodaka,1,1,0,0,9
980386,vibhaṅgasamaṇaṃ,vibhangasamanam,1,1,0,0,15
980387,ekamañcattharaṇena,ekamancattharanena,1,1,0,0,18
980388,saṃsaṭṭhaanto,samsatthaanto,1,1,0,0,13
980389,cīvarāvasathaṃ,civaravasatham,1,1,0,0,14
980390,pariyāpuṇañca,pariyapunanca,1,1,0,0,13
980391,vācaye,vacaye,1,1,0,0,6
980392,ārāmakkosacaṇḍī,aramakkosacandi,1,1,0,0,15
980393,pavāraṇovādaṃ,pavaranovadam,1,1,0,0,13
980394,pasākhena,pasakhena,1,1,0,0,9
980395,gabbhī,gabbhi,1,1,0,0,6
980396,asammatūnadvādasa,asammatunadvadasa,1,1,0,0,17
980397,pārivāsikānuvassaṃ,parivasikanuvassam,1,1,0,0,18
980398,vuṭṭhāpanena,vutthapanena,1,1,0,0,12
980399,chattayānena,chattayanena,1,1,0,0,12
980400,itthālaṅkāravaṇṇake,itthalankaravannake,1,1,0,0,19
980401,piññākabhikkhunī,pinnakabhikkhuni,1,1,0,0,16
980402,lasuṇandhakārā,lasunandhakara,1,1,0,0,14
980403,nhānā,nhana,1,1,0,0,5
980404,tuvaṭṭā,tuvatta,1,1,0,0,7
980405,cittagārakā,cittagaraka,1,1,0,0,11
980406,chattupāhanāti,chattupahanati,1,1,0,0,14
980407,para227_vin5,para227_vin5,1,1,0,0,12
980408,macchameva,macchameva,1,1,0,0,10
980409,dadhiñcāpi,dadhincapi,1,1,0,0,10
980410,para228_vin5,para228_vin5,1,1,0,0,12
980411,para229_vin5,para229_vin5,1,1,0,0,12
980412,osārentī,osarenti,1,1,0,0,8
980413,paṭinissajjantiyo,patinissajjantiyo,1,1,0,0,17
980414,para230_vin5,para230_vin5,1,1,0,0,12
980415,bhājāpentī,bhajapenti,1,1,0,0,10
980416,bhājāpite,bhajapite,1,1,0,0,9
980417,acchindantī,acchindanti,1,1,0,0,11
980418,cetāpentī,cetapenti,8,8,0,0,9
980419,saṃyācikena,samyacikena,3,3,0,0,11
980420,aññuddisike,annuddisike,1,1,0,0,11
980421,para231_vin5,para231_vin5,1,1,0,0,12
980422,saṃharāpentī,samharapenti,1,1,0,0,12
980423,upatiṭṭhantī,upatitthanti,1,1,0,0,12
980424,para232_vin5,para232_vin5,1,1,0,0,12
980425,santiṭṭhantī,santitthanti,4,4,0,0,12
980426,abhinisīdantī,abhinisidanti,1,1,0,0,13
980427,abhisapantī,abhisapanti,1,1,0,0,11
980428,para233_vin5,para233_vin5,1,1,0,0,12
980429,sibbentī,sibbenti,1,1,0,0,8
980430,para234_vin5,para234_vin5,1,1,0,0,12
980431,tuvaṭṭentiyo,tuvattentiyo,2,2,0,0,12
980432,para235_vin5,para235_vin5,1,1,0,0,12
980433,kantantī,kantanti,1,1,0,0,8
980434,para236_vin5,para236_vin5,1,1,0,0,12
980435,paribhāsite,paribhasite,1,1,0,0,11
980436,bhedāpentī,bhedapenti,1,1,0,0,10
980437,para237_vin5,para237_vin5,1,1,0,0,12
980438,nānuggaṇhāpentī,nanugganhapenti,1,1,0,0,15
980439,nānubandhantī,nanubandhanti,1,1,0,0,13
980440,vūpakāsentī,vupakasenti,1,1,0,0,11
980441,vūpakāsāpentī,vupakasapenti,1,1,0,0,13
980442,para238_vin5,para238_vin5,1,1,0,0,12
980443,pārivāsikachandadāne,parivasikachandadane,1,1,0,0,20
980444,para239_vin5,para239_vin5,1,1,0,0,12
980445,ummaddāpentī,ummaddapenti,4,4,0,0,12
980446,parimaddāpentī,parimaddapenti,4,4,0,0,14
980447,ummaddite,ummaddite,4,4,0,0,9
980448,para240_vin5,para240_vin5,1,1,0,0,12
980449,para241_vin5,para241_vin5,1,1,0,0,12
980450,para242_vin5,para242_vin5,1,1,0,0,12
980451,pāṭidesanīyāpattikkhandhena,patidesaniyapattikkhandhena,9,9,0,0,27
980452,para243_vin5,para243_vin5,1,1,0,0,12
980453,para244_vin5,para244_vin5,1,1,0,0,12
980454,para245_vin5,para245_vin5,1,1,0,0,12
980455,para246_vin5,para246_vin5,1,1,0,0,12
980456,para247_vin5,para247_vin5,1,1,0,0,12
980457,vajjappaṭicchādanapaccayā,vajjappaticchadanapaccaya,4,4,0,0,25
980458,paripūraṇapaccayā,paripuranapaccaya,4,4,0,0,17
980459,para248_vin5,para248_vin5,1,1,0,0,12
980460,vuṭṭhāpanapaccayā,vutthapanapaccaya,2,2,0,0,17
980461,osāraṇapaccayā,osaranapaccaya,2,2,0,0,14
980462,uyyojanapaccayā,uyyojanapaccaya,2,2,0,0,15
980463,tamhe,tamhe,1,1,0,0,5
980464,para249_vin5,para249_vin5,1,1,0,0,12
980465,bhedakānuvattikā,bhedakanuvattika,1,1,0,0,16
980466,para250_vin5,para250_vin5,1,1,0,0,12
980467,para251_vin5,para251_vin5,1,1,0,0,12
980468,para252_vin5,para252_vin5,1,1,0,0,12
980469,saṅghādisesāpattikkhandhena,sanghadisesapattikkhandhena,13,13,0,0,27
980470,para253_vin5,para253_vin5,1,1,0,0,12
980471,para254_vin5,para254_vin5,1,1,0,0,12
980472,para255_vin5,para255_vin5,1,1,0,0,12
980473,para256_vin5,para256_vin5,1,1,0,0,12
980474,porāṇasīhaḷapotthake,poranasihalapotthake,1,1,0,0,20
980475,tesamuddānaṃ,tesamuddanam,1,1,0,0,12
980476,kativāro,kativaro,1,1,0,0,8
980477,paññattivārena,pannattivarena,1,1,0,0,14
980478,aṭṭhavārāti,atthavarati,1,1,0,0,11
980479,paccayavārā,paccayavara,1,1,0,0,11
980480,vin5_2,vin5_2,1,1,0,0,6
980481,samuṭṭhānasīsasaṅkhepo,samutthanasisasankhepo,2,2,0,0,22
980482,samuṭṭhānassuddānaṃ,samutthanassuddanam,1,1,0,0,19
980483,para257_vin5,para257_vin5,1,1,0,0,12
980484,suttantamabhidhammañca,suttantamabhidhammanca,1,1,0,0,22
980485,suttaguṇeneva,suttaguneneva,1,1,0,0,13
980486,terasasamuṭṭhānaṃ,terasasamutthanam,1,1,0,0,17
980487,sañcarittānubhāsanañca,sancarittanubhasananca,1,1,0,0,22
980488,theyyadesanacorī,theyyadesanacori,1,1,0,0,16
980489,para258_vin5,para258_vin5,1,1,0,0,12
980490,paṭhamikā,pathamika,1,1,0,0,9
980491,pubbūpaparipācitā,pubbupaparipacita,1,1,0,0,17
980492,adhakkhagāmāvassutā,adhakkhagamavassuta,1,1,0,0,19
980493,para259_vin5,para259_vin5,1,1,0,0,12
980494,viggahuttari,viggahuttari,1,1,0,0,12
980495,pariṇāmane,parinamane,1,1,0,0,10
980496,pathavīkhaṇe,pathavikhane,1,1,0,0,12
980497,ujjhāpe,ujjhape,1,1,0,0,7
980498,siñcanañca,sincananca,1,1,0,0,10
980499,ūnasaṃvāsanāsanā,unasamvasanasana,1,1,0,0,16
980500,kathināphāsupassayaṃ,kathinaphasupassayam,1,1,0,0,20
980501,gihīgatā,gihigata,1,1,0,0,8
980502,ūnadvādasasammatā,unadvadasasammata,1,1,0,0,17
980503,para260_vin5,para260_vin5,1,1,0,0,12
980504,ūnabandhanavassikā,unabandhanavassika,1,1,0,0,18
980505,dvāradānasibbinī,dvaradanasibbini,1,1,0,0,16
980506,samapaññāsime,samapannasime,1,1,0,0,13
980507,vācācittā,vacacitta,2,2,0,0,9
980508,kāyamanā,kayamana,1,1,0,0,8
980509,samanubhāsanāsamuṭṭhānaṃ,samanubhasanasamutthanam,2,2,0,0,24
980510,para261_vin5,para261_vin5,1,1,0,0,12
980511,bhedānuvattadubbaca,bhedanuvattadubbaca,1,1,0,0,19
980512,dūsaduṭṭhulladiṭṭhi,dusadutthulladitthi,1,1,0,0,19
980513,vajjānuvattigahaṇā,vajjanuvattigahana,1,1,0,0,18
980514,paccācikkhanā,paccacikkhana,1,1,0,0,13
980515,jīviniṃ,jivinim,1,1,0,0,7
980516,para262_vin5,para262_vin5,1,1,0,0,12
980517,ussayāsannicayañca,ussayasannicayanca,1,1,0,0,18
980518,saṅkamanī,sankamani,1,1,0,0,9
980519,ekūnakā,ekunaka,1,1,0,0,7
980520,sahāsamā,sahasama,1,1,0,0,8
980521,para263_vin5,para263_vin5,1,1,0,0,12
980522,gaṇavikālasannidhi,ganavikalasannidhi,1,1,0,0,18
980523,uyyodhi,uyyodhi,1,1,0,0,7
980524,nhāyanā,nhayana,1,1,0,0,7
980525,desanikā,desanika,1,1,0,0,8
980526,naccanā,naccana,1,1,0,0,7
980527,suttakantanā,suttakantana,1,1,0,0,12
980528,catuttari,catuttari,1,1,0,0,9
980529,para264_vin5,para264_vin5,1,1,0,0,12
980530,kāyacittakā,kayacittaka,1,1,0,0,11
980531,padasodhammasadisā,padasodhammasadisa,1,1,0,0,18
980532,para265_vin5,para265_vin5,1,1,0,0,12
980533,pāṭidesanī,patidesani,1,1,0,0,10
980534,samānayā,samanaya,1,1,0,0,8
980535,para266_vin5,para266_vin5,1,1,0,0,12
980536,para267_vin5,para267_vin5,1,1,0,0,12
980537,pādukupāhanā,padukupahana,1,1,0,0,12
980538,seyyapallatthikāya,seyyapallatthikaya,1,1,0,0,18
980539,ekādasamanūnakā,ekadasamanunaka,1,1,0,0,15
980540,para268_vin5,para268_vin5,1,1,0,0,12
980541,bhūtārocanakā,bhutarocanaka,1,1,0,0,13
980542,para269_vin5,para269_vin5,1,1,0,0,12
980543,para270_vin5,para270_vin5,1,1,0,0,12
980544,catuṭhānikaṃ,catuthanikam,1,1,0,0,12
980545,asammohakaraṃ,asammohakaram,1,1,0,0,13
980546,vin5_3,vin5_3,1,1,0,0,6
980547,katipucchāvāro,katipucchavaro,2,2,0,0,14
980548,para271_vin5,para271_vin5,1,1,0,0,12
980549,pāṭidesanīyāpattikkhandho,patidesaniyapattikkhandho,2,2,0,0,25
980550,dukkaṭāpattikkhandho,dukkatapattikkhandho,2,2,0,0,20
980551,thullaccayāpattikkhandho,thullaccayapattikkhandho,1,1,0,0,24
980552,dubbhāsitāpattikkhandho,dubbhasitapattikkhandho,1,1,0,0,23
980553,para272_vin5,para272_vin5,1,1,0,0,12
980554,para273_vin5,para273_vin5,1,1,0,0,12
980555,yoe,yoe,1,1,0,0,3
980556,para274_vin5,para274_vin5,1,1,0,0,12
980557,para275_vin5,para275_vin5,1,1,0,0,12
980558,vinītāgāravā,vinitagarava,1,1,0,0,12
980559,vivādanā,vivadana,1,1,0,0,8
980560,bhedādhikaraṇena,bhedadhikaranena,1,1,0,0,16
980561,chaāpattisamuṭṭhānavāro,chaapattisamutthanavaro,2,2,0,0,23
980562,para276_vin5,para276_vin5,1,1,0,0,12
980563,para277_vin5,para277_vin5,1,1,0,0,12
980564,para278_vin5,para278_vin5,1,1,0,0,12
980565,para279_vin5,para279_vin5,1,1,0,0,12
980566,para280_vin5,para280_vin5,1,1,0,0,12
980567,para281_vin5,para281_vin5,1,1,0,0,12
980568,dubbhāsitāpattikkhandhena,dubbhasitapattikkhandhena,1,1,0,0,25
980569,para282_vin5,para282_vin5,1,1,0,0,12
980570,āpattisamuṭṭhānehi,apattisamutthanehi,1,1,0,0,18
980571,āpattisamuṭṭhānagāthā,apattisamutthanagatha,2,2,0,0,21
980572,para283_vin5,para283_vin5,1,1,0,0,12
980573,anantadassinā,anantadassina,12,12,0,0,13
980574,vibhaṅgakovida,vibhangakovida,13,13,0,0,14
980575,vipattipaccayavāro,vipattipaccayavaro,2,2,0,0,18
980576,para284_vin5,para284_vin5,1,1,0,0,12
980577,para285_vin5,para285_vin5,1,1,0,0,12
980578,para286_vin5,para286_vin5,1,1,0,0,12
980579,para287_vin5,para287_vin5,1,1,0,0,12
980580,adhikaraṇapaccayavāro,adhikaranapaccayavaro,2,2,0,0,21
980581,para288_vin5,para288_vin5,1,1,0,0,12
980582,vivādādhikaraṇapaccayā,vivadadhikaranapaccaya,12,12,0,0,22
980583,para289_vin5,para289_vin5,1,1,0,0,12
980584,para290_vin5,para290_vin5,1,1,0,0,12
980585,para291_vin5,para291_vin5,1,1,0,0,12
980586,anantarapeyyālaṃ,anantarapeyyalam,1,1,0,0,16
980587,katipucchā,katipuccha,1,1,0,0,10
980588,katāpatti,katapatti,1,1,0,0,9
980589,tathādhikaraṇena,tathadhikaranena,1,1,0,0,16
980590,samathabhedo,samathabhedo,2,2,0,0,12
980591,adhikaraṇapariyāyavāro,adhikaranapariyayavaro,1,1,0,0,22
980592,para292_vin5,para292_vin5,1,1,0,0,12
980593,para293_vin5,para293_vin5,1,1,0,0,12
980594,para294_vin5,para294_vin5,1,1,0,0,12
980595,para295_vin5,para295_vin5,1,1,0,0,12
980596,para296_vin5,para296_vin5,1,1,0,0,12
980597,pariyāyavāro,pariyayavaro,1,1,0,0,12
980598,sādhāraṇavāro,sadharanavaro,4,4,0,0,13
980599,para297_vin5,para297_vin5,1,1,0,0,12
980600,tabbhāgiyavāro,tabbhagiyavaro,4,4,0,0,14
980601,para298_vin5,para298_vin5,1,1,0,0,12
980602,tabbhāgiyo,tabbhagiyo,4,4,0,0,10
980603,para299_vin5,para299_vin5,1,1,0,0,12
980604,para300_vin5,para300_vin5,1,1,0,0,12
980605,aññabhāgiyo,annabhagiyo,3,3,0,0,11
980606,samathasammukhāvinayavāro,samathasammukhavinayavaro,2,2,0,0,25
980607,para301_vin5,para301_vin5,1,1,0,0,12
980608,para302_vin5,para302_vin5,1,1,0,0,12
980609,para303_vin5,para303_vin5,1,1,0,0,12
980610,yatthavāro,yatthavaro,2,2,0,0,10
980611,para304_vin5,para304_vin5,1,1,0,0,12
980612,vissajjanāvāro,vissajjanavaro,2,2,0,0,14
980613,para305_vin5,para305_vin5,1,1,0,0,12
980614,para306_vin5,para306_vin5,1,1,0,0,12
980615,ekapadameva,ekapadameva,1,1,0,0,11
980616,para307_vin5,para307_vin5,1,1,0,0,12
980617,vivādādhikaraṇañca,vivadadhikarananca,24,24,0,0,18
980618,anuvādādhikaraṇañca,anuvadadhikarananca,28,28,0,0,19
980619,āpattādhikaraṇañca,apattadhikarananca,24,24,0,0,18
980620,sammantivāro,sammantivaro,2,2,0,0,12
980621,para308_vin5,para308_vin5,1,1,0,0,12
980622,para309_vin5,para309_vin5,1,1,0,0,12
980623,para310_vin5,para310_vin5,1,1,0,0,12
980624,para311_vin5,para311_vin5,1,1,0,0,12
980625,anuvādādhikaraṇena,anuvadadhikaranena,12,12,0,0,18
980626,para312_vin5,para312_vin5,1,1,0,0,12
980627,para313_vin5,para313_vin5,1,1,0,0,12
980628,samuṭṭhāpanavāro,samutthapanavaro,2,2,0,0,16
980629,para314_vin5,para314_vin5,1,1,0,0,12
980630,anuvadamāno,anuvadamano,8,8,0,0,11
980631,para315_vin5,para315_vin5,1,1,0,0,12
980632,para316_vin5,para316_vin5,1,1,0,0,12
980633,para317_vin5,para317_vin5,1,1,0,0,12
980634,bhajativāro,bhajativaro,2,2,0,0,11
980635,para318_vin5,para318_vin5,1,1,0,0,12
980636,upanissitaṃ,upanissitam,16,16,0,0,11
980637,para319_vin5,para319_vin5,1,1,0,0,12
980638,bhāgiyā,bhagiya,1,1,0,0,7
980639,sādhāraṇikā,sadharanika,1,1,0,0,11
980640,samathasaṃsaṭṭhā,samathasamsattha,1,1,0,0,16
980641,samathādhikaraṇañceva,samathadhikarananceva,1,1,0,0,21
980642,vin5_4,vin5_4,1,1,0,0,6
980643,para320_vin5,para320_vin5,1,1,0,0,12
980644,khuddakavatthukaṃ,khuddakavatthukam,2,2,0,0,17
980645,upasampadūposatho,upasampaduposatho,1,1,0,0,17
980646,vassūpanāyikapavāraṇā,vassupanayikapavarana,1,1,0,0,21
980647,cammabhesajjakathinā,cammabhesajjakathina,1,1,0,0,20
980648,campeyyakena,campeyyakena,1,1,0,0,12
980649,kosambakkhandhakaṃ,kosambakkhandhakam,1,1,0,0,18
980650,pārivāsisamuccayā,parivasisamuccaya,1,1,0,0,17
980651,samathakhuddakā,samathakhuddaka,1,1,0,0,15
980652,bhikkhunikkhandhaṃ,bhikkhunikkhandham,1,1,0,0,18
980653,pañcasattasatena,pancasattasatena,1,1,0,0,16
980654,vin5_5,vin5_5,1,1,0,0,6
980655,ekakavāro,ekakavaro,1,1,0,0,9
980656,para321_vin5,para321_vin5,1,1,0,0,12
980657,thullavajjā,thullavajja,1,1,0,0,11
980658,athullavajjā,athullavajja,1,1,0,0,12
980659,ādikaro,adikaro,1,1,0,0,7
980660,anādikaro,anadikaro,1,1,0,0,9
980661,bhabbāpattiko,bhabbapattiko,1,1,0,0,13
980662,anāsitako,anasitako,1,1,0,0,9
980663,asamānasaṃvāsako,asamanasamvasako,1,1,0,0,16
980664,paṭikammadesanā,patikammadesana,1,1,0,0,15
980665,vajjakiriyaṃ,vajjakiriyam,1,1,0,0,12
980666,anānuppanna,ananuppanna,1,1,0,0,11
980667,paññattānuppannā,pannattanuppanna,1,1,0,0,16
980668,thullagihiniyatā,thullagihiniyata,1,1,0,0,16
980669,adhiccacodako,adhiccacodako,1,1,0,0,13
980670,adhammadhammaniyato,adhammadhammaniyato,1,1,0,0,19
980671,abhabbokkhittanāsitā,abhabbokkhittanasita,1,1,0,0,20
980672,ṭhapanañceva,thapananceva,1,1,0,0,12
980673,dukavāro,dukavaro,1,1,0,0,8
980674,para322_vin5,para322_vin5,1,1,0,0,12
980675,kammavatthūni,kammavatthuni,2,2,0,0,13
980676,ñatticatutthakammassa,natticatutthakammassa,3,3,0,0,21
980677,paṭikkosā,patikkosa,2,2,0,0,9
980678,gahapatikañca,gahapatikanca,1,1,0,0,13
980679,paññattānulomañca,pannattanulomanca,1,1,0,0,17
980680,mattakāritā,mattakarita,1,1,0,0,11
980681,jātimañca,jatimanca,1,1,0,0,9
980682,kārimañca,karimanca,1,1,0,0,9
980683,jātimayañca,jatimayanca,1,1,0,0,11
980684,khārimayañca,kharimayanca,1,1,0,0,12
980685,aruṇāchindaṃ,arunachindam,1,1,0,0,12
980686,kammāparā,kammapara,1,1,0,0,9
980687,pārājisaṅghathullaccaya,parajisanghathullaccaya,1,1,0,0,23
980688,abhabbābhabbameva,abhabbabhabbameva,1,1,0,0,17
980689,paṭikkhipā,patikkhipa,2,2,0,0,10
980690,upaghāti,upaghati,2,2,0,0,8
980691,pattamaṇḍalā,pattamandala,1,1,0,0,12
980692,parivāsāpare,parivasapare,1,1,0,0,12
980693,loṇā,lona,1,1,0,0,4
980694,paribhogakkosena,paribhogakkosena,1,1,0,0,16
980695,pesuñño,pesunno,1,1,0,0,7
980696,gaṇāvassa,ganavassa,1,1,0,0,9
980697,bhārakappiyaṃ,bharakappiyam,1,1,0,0,13
980698,adhammadhammā,adhammadhamma,1,1,0,0,13
980699,tikavāro,tikavaro,1,1,0,0,8
980700,para323_vin5,para323_vin5,1,1,0,0,12
980701,vivaṭṭako,vivattako,1,1,0,0,9
980702,asantuṭṭhatā,asantutthata,1,1,0,0,12
980703,asallekhatā,asallekhata,1,1,0,0,11
980704,kuladūkako,kuladukako,1,1,0,0,10
980705,saṅgheuposatho,sangheuposatho,1,1,0,0,14
980706,gaṇeuposatho,ganeuposatho,1,1,0,0,12
980707,puggaleuposatho,puggaleuposatho,1,1,0,0,15
980708,suttuddesouposatho,suttuddesouposatho,1,1,0,0,18
980709,saṅghepavāraṇā,sanghepavarana,1,1,0,0,14
980710,gaṇepavāraṇā,ganepavarana,1,1,0,0,12
980711,puggalepavāraṇā,puggalepavarana,1,1,0,0,15
980712,tevācikāpavāraṇā,tevacikapavarana,1,1,0,0,16
980713,dvevācikāpavāraṇā,dvevacikapavarana,1,1,0,0,17
980714,samānavassikāpavāraṇā,samanavassikapavarana,1,1,0,0,21
980715,parisuddhabrahmacariyaṃ,parisuddhabrahmacariyam,1,1,0,0,23
980716,dhuvaṭṭhānikā,dhuvatthanika,1,1,0,0,13
980717,asaṅkamanīyā,asankamaniya,1,1,0,0,12
980718,samuddapheṇakoti,samuddaphenakoti,1,1,0,0,16
980719,senāsanagilāyanā,senasanagilayana,1,1,0,0,16
980720,amūḷhavinayā,amulhavinaya,1,1,0,0,12
980721,tajjanīyā,tajjaniya,2,2,0,0,9
980722,niyassā,niyassa,1,1,0,0,7
980723,pabbājapaṭisāraṇī,pabbajapatisarani,1,1,0,0,17
980724,āgāḷhakammādhisīle,agalhakammadhisile,1,1,0,0,18
980725,davānācāra,davanacara,1,1,0,0,10
980726,ghātikā,ghatika,1,1,0,0,7
980727,ājīvāpannā,ajivapanna,1,1,0,0,10
980728,avaṇṇuposathena,avannuposathena,1,1,0,0,15
980729,vohārapaccekena,voharapaccekena,1,1,0,0,15
980730,pucchitabbakā,pucchitabbaka,1,1,0,0,13
980731,vissajje,vissajje,1,1,0,0,8
980732,nissayasāmaṇerā,nissayasamanera,1,1,0,0,15
980733,uposathatikā,uposathatika,1,1,0,0,12
980734,pavāraṇatikā,pavaranatika,1,1,0,0,12
980735,tikabhojanasaddhamme,tikabhojanasaddhamme,1,1,0,0,20
980736,pādaghaṃsanikā,padaghamsanika,1,1,0,0,14
980737,tikake,tikake,1,1,0,0,6
980738,catukkavāro,catukkavaro,1,1,0,0,11
980739,para324_vin5,para324_vin5,1,1,0,0,12
980740,mamāyitabbo,mamayitabbo,4,4,0,0,11
980741,papṇattiyo,papnattiyo,1,1,0,0,10
980742,paṭiggahitaparibhogā,patiggahitaparibhoga,1,1,0,0,20
980743,parisasobhaṇā,parisasobhana,1,1,0,0,13
980744,payojentopi,payojentopi,2,2,0,0,11
980745,āsanāraho,asanaraho,4,4,0,0,9
980746,anaññapācittiyāni,anannapacittiyani,3,3,0,0,17
980747,bhikkhusammutiyo,bhikkhusammutiyo,3,3,0,0,16
980748,ajānakāye,ajanakaye,1,1,0,0,9
980749,mahāvikaṭakammāni,mahavikatakammani,1,1,0,0,17
980750,sobhanāgantukena,sobhanagantukena,1,1,0,0,16
980751,vatthunānattā,vatthunanatta,1,1,0,0,13
980752,sabhāgupajjhāyena,sabhagupajjhayena,1,1,0,0,17
980753,nāgati,nagati,1,1,0,0,6
980754,pañcakavāro,pancakavaro,1,1,0,0,11
980755,para325_vin5,para325_vin5,1,1,0,0,12
980756,pāpabhikkhupi,papabhikkhupi,1,1,0,0,13
980757,arogasampadā,arogasampada,1,1,0,0,12
980758,undūrakkhāyikaṃ,undurakkhayikam,1,1,0,0,15
980759,upacikakkhāyikaṃ,upacikakkhayikam,1,1,0,0,16
980760,gokhāyikaṃ,gokhayikam,1,1,0,0,10
980761,ajakkhāyikaṃ,ajakkhayikam,1,1,0,0,12
980762,avissajjaniyāni,avissajjaniyani,1,1,0,0,15
980763,kathinatthāre,kathinatthare,4,4,0,0,13
980764,aviditañca,aviditanca,1,1,0,0,10
980765,appaṭiggahitañca,appatiggahitanca,1,1,0,0,16
980766,akatātirittañca,akatatirittanca,1,1,0,0,15
980767,viditañca,viditanca,1,1,0,0,9
980768,katātirittañca,katatirittanca,1,1,0,0,14
980769,vinodiyā,vinodiya,1,1,0,0,8
980770,pāsādikasaṃvattanikakammaṃ,pasadikasamvattanikakammam,1,1,0,0,26
980771,āpattisamudayaṃ,apattisamudayam,5,5,0,0,15
980772,āpattinirodhagāminiṃ,apattinirodhagaminim,4,4,0,0,20
980773,aparakusalo,aparakusalo,4,4,0,0,11
980774,lahukagarukaṃ,lahukagarukam,23,23,0,0,13
980775,sāvasesānavasesaṃ,savasesanavasesam,23,23,0,0,17
980776,paṇḍitotveva,panditotveva,11,11,0,0,12
980777,idamaṭṭhitaññeva,idamatthitanneva,1,1,0,0,16
980778,sapadānacārikā,sapadanacarika,1,1,0,0,14
980779,nānissitena,nanissitena,10,10,0,0,11
980780,nānissitāya,nanissitaya,3,3,0,0,11
980781,nibbaṭabījaññeva,nibbatabijanneva,1,1,0,0,16
980782,nippaṭṭabījaññeva,nippattabijanneva,1,1,0,0,17
980783,sāmaggīuposathoyeva,samaggiuposathoyeva,1,1,0,0,19
980784,pātimokkhaṭṭhapanānīti,patimokkhatthapananiti,4,4,0,0,22
980785,vinītānantarena,vinitanantarena,1,1,0,0,15
980786,kappantusaṅkitelañca,kappantusankitelanca,1,1,0,0,20
980787,khāyitañca,khayitanca,1,1,0,0,10
980788,avissajji,avissajji,2,2,0,0,9
980789,avebhaṅgi,avebhangi,1,1,0,0,9
980790,paccantikathinena,paccantikathinena,1,1,0,0,17
980791,pārājithulladukkaṭaṃ,parajithulladukkatam,1,1,0,0,20
980792,apuññaduvinodayā,apunnaduvinodaya,1,1,0,0,16
980793,lahukaṭṭhamakā,lahukatthamaka,1,1,0,0,14
980794,paṃsurukkhasusānikā,pamsurukkhasusanika,1,1,0,0,19
980795,nisajjiko,nisajjiko,1,1,0,0,9
980796,santhati,santhati,1,1,0,0,8
980797,pattapiṇḍikameva,pattapindikameva,1,1,0,0,16
980798,āpattānāpattipi,apattanapattipi,1,1,0,0,15
980799,kaṇhasukkapadā,kanhasukkapada,1,1,0,0,14
980800,apāsādikapāsādi,apasadikapasadi,1,1,0,0,15
980801,samaṇakappi,samanakappi,1,1,0,0,11
980802,vinayādhammikena,vinayadhammikena,1,1,0,0,16
980803,suddhipañcakāti,suddhipancakati,1,1,0,0,15
980804,chakkavāro,chakkavaro,1,1,0,0,10
980805,para326_vin5,para326_vin5,1,1,0,0,12
980806,chacchedanakā,chacchedanaka,1,1,0,0,13
980807,chānisaṃsā,chanisamsa,1,1,0,0,10
980808,paññakkhandhena,pannakkhandhena,2,2,0,0,15
980809,ādibrahmacāriyakāya,adibrahmacariyakaya,3,3,0,0,19
980810,sāmīcipi,samicipi,2,2,0,0,8
980811,ākārānisaṃsena,akaranisamsena,1,1,0,0,14
980812,kammavivādameva,kammavivadameva,1,1,0,0,15
980813,gilānābhisamācārī,gilanabhisamacari,1,1,0,0,17
980814,āpattādhammadhammikāti,apattadhammadhammikati,1,1,0,0,22
980815,sattakavāro,sattakavaro,1,1,0,0,11
980816,para327_vin5,para327_vin5,1,1,0,0,12
980817,sattāpattiyo,sattapattiyo,1,1,0,0,12
980818,paṭiññātakaraṇā,patinnatakarana,7,7,0,0,15
980819,āmakadhaññāni,amakadhannani,1,1,0,0,13
980820,aruṇasamathena,arunasamathena,1,1,0,0,14
980821,āmakadhaññā,amakadhanna,1,1,0,0,11
980822,catubhikkhū,catubhikkhu,1,1,0,0,11
980823,para328_vin5,para328_vin5,1,1,0,0,12
980824,dūteyyaṅgāni,duteyyangani,3,3,0,0,12
980825,paripūrentiyā,paripurentiya,1,1,0,0,13
980826,yāvatatiyadūsanā,yavatatiyadusana,1,1,0,0,16
980827,dūtaṅgā,dutanga,1,1,0,0,7
980828,pārājikaṭṭhamaṃ,parajikatthamam,1,1,0,0,15
980829,adesitūpasampadā,adesitupasampada,1,1,0,0,16
980830,paccuṭṭhānāsanañceva,paccutthanasananceva,1,1,0,0,20
980831,ovādakena,ovadakena,1,1,0,0,9
980832,navakavāro,navakavaro,1,1,0,0,10
980833,para329_vin5,para329_vin5,1,1,0,0,12
980834,navamaṃsehi,navamamsehi,1,1,0,0,11
980835,vidhamānā,vidhamana,1,1,0,0,9
980836,kaṇhapakkhanavakañca,kanhapakkhanavakanca,1,1,0,0,20
980837,āghātavatthuvinayā,aghatavatthuvinaya,1,1,0,0,18
980838,maṃsuddesaparamāni,mamsuddesaparamani,1,1,0,0,18
980839,adhammadhammasaññatti,adhammadhammasannatti,1,1,0,0,21
980840,adhammadhammikāni,adhammadhammikani,1,1,0,0,17
980841,dasakavāro,dasakavaro,1,1,0,0,10
980842,para330_vin5,para330_vin5,1,1,0,0,12
980843,cīvaradhāraṇāni,civaradharanani,1,1,0,0,15
980844,antagā,antaga,1,1,0,0,6
980845,bhāsādhikaraṇañceva,bhasadhikarananceva,1,1,0,0,19
980846,ñattilahukameva,nattilahukameva,1,1,0,0,15
980847,paṃsukūladhāraṇā,pamsukuladharana,1,1,0,0,16
980848,dasāhasukkaitthiyo,dasahasukkaitthiyo,1,1,0,0,18
980849,avandiyakkosena,avandiyakkosena,1,1,0,0,15
980850,pesuññañceva,pesunnanceva,1,1,0,0,12
980851,yāgumaṃsā,yagumamsa,1,1,0,0,9
980852,vuṭṭhāpanā,vutthapana,1,1,0,0,10
980853,ekādasakavāro,ekadasakavaro,1,1,0,0,13
980854,para331_vin5,para331_vin5,1,1,0,0,12
980855,ekāda,ekada,1,1,0,0,5
980856,vīthā,vitha,1,1,0,0,5
980857,sīmādosā,simadosa,2,2,0,0,8
980858,nissayāvandiyā,nissayavandiya,1,1,0,0,14
980859,mettāyekādasā,mettayekadasa,1,1,0,0,13
980860,catupañcakā,catupancaka,1,1,0,0,11
980861,chasattaṭṭhanavakā,chasattatthanavaka,1,1,0,0,18
980862,ekādasāni,ekadasani,1,1,0,0,9
980863,ñātadhammena,natadhammena,1,1,0,0,12
980864,ekuttarikā,ekuttarika,1,1,0,0,10
980865,mahāvīrena,mahavirena,1,1,0,0,10
980866,vin5_6,vin5_6,1,1,0,0,6
980867,ādimajjhantapucchanaṃ,adimajjhantapucchanam,1,1,0,0,21
980868,para332_vin5,para332_vin5,1,1,0,0,12
980869,niyassakammassa,niyassakammassa,4,4,0,0,15
980870,paṭisāraṇīyakammassa,patisaraniyakammassa,4,4,0,0,20
980871,parivāsadānassa,parivasadanassa,2,2,0,0,15
980872,abbhānassa,abbhanassa,3,3,0,0,10
980873,sāṭiyaggāhāpakasammutiyo,satiyaggahapakasammutiyo,1,1,0,0,24
980874,pattaggāhāpakasammutiyā,pattaggahapakasammutiya,2,2,0,0,23
980875,ādimajjhantavissajjanā,adimajjhantavissajjana,1,1,0,0,22
980876,para333_vin5,para333_vin5,1,1,0,0,12
980877,sāṭiyaggāhāpakasammutiyā,satiyaggahapakasammutiya,1,1,0,0,24
980878,para334_vin5,para334_vin5,1,1,0,0,12
980879,aṭṭhapucchāyaṃ,atthapucchayam,1,1,0,0,14
980880,punaṭṭha,punattha,1,1,0,0,8
980881,peyyālaantarā,peyyalaantara,1,1,0,0,13
980882,ekuttarikameva,ekuttarikameva,1,1,0,0,14
980883,pavāraṇatthavasikā,pavaranatthavasika,1,1,0,0,18
980884,vin5_7,vin5_7,1,1,0,0,6
980885,para335_vin5,para335_vin5,1,1,0,0,12
980886,āsīsamānarūpova,asisamanarupova,1,1,0,0,15
980887,āsiṃsamānarūpova,asimsamanarupova,1,1,0,0,16
980888,aḍḍhuḍḍhasatāni,addhuddhasatani,1,1,0,0,15
980889,byākara,byakara,2,2,0,0,7
980890,kosambiyañca,kosambiyanca,1,1,0,0,12
980891,chaūna,chauna,3,3,0,0,6
980892,methunaviggahuttari,methunaviggahuttari,1,1,0,0,19
980893,dantapoṇena,dantaponena,1,1,0,0,11
980894,ujjhāpanena,ujjhapanena,1,1,0,0,11
980895,vosāsanti,vosasanti,1,1,0,0,9
980896,giraggacariyā,giraggacariya,1,1,0,0,13
980897,chapaññāsasatañceva,chapannasasatanceva,1,1,0,0,19
980898,dasayeva,dasayeva,1,1,0,0,8
980899,kuṭikosiyaseyyā,kutikosiyaseyya,1,1,0,0,15
980900,payopānena,payopanena,1,1,0,0,10
980901,catuvipattiṃ,catuvipattim,1,1,0,0,12
980902,para336_vin5,para336_vin5,1,1,0,0,12
980903,lahukañcāpi,lahukancapi,1,1,0,0,11
980904,duṭṭhullañca,dutthullanca,1,1,0,0,12
980905,ācāravipattisammatā,acaravipattisammata,1,1,0,0,19
980906,diṭṭhivipattisammatā,ditthivipattisammata,1,1,0,0,20
980907,chedanakādi,chedanakadi,1,1,0,0,11
980908,para337_vin5,para337_vin5,1,1,0,0,12
980909,bhedanakāni,bhedanakani,1,1,0,0,11
980910,uddālanakāni,uddalanakani,1,1,0,0,12
980911,asādhāraṇādi,asadharanadi,1,1,0,0,12
980912,para338_vin5,para338_vin5,1,1,0,0,12
980913,chacceva,chacceva,2,2,0,0,8
980914,nissare,nissare,1,1,0,0,7
980915,aṭṭhe,atthe,1,1,0,0,5
980916,tālavatthusamūpamā,talavatthusamupama,1,1,0,0,18
980917,para339_vin5,para339_vin5,1,1,0,0,12
980918,cittasaṃmohanaṭṭhānaṃ,cittasammohanatthanam,1,1,0,0,21
980919,nimantanāsu,nimantanasu,1,1,0,0,11
980920,gārayhanti,garayhanti,3,3,0,0,10
980921,anāḷhiyaṃ,analhiyam,1,1,0,0,9
980922,sabhayānake,sabhayanake,1,1,0,0,11
980923,gārayhapattā,garayhapatta,1,1,0,0,12
980924,saññamasaṃvaro,sannamasamvaro,1,1,0,0,14
980925,vin5_8,vin5_8,1,1,0,0,6
980926,adhikaraṇabhedo,adhikaranabhedo,2,2,0,0,15
980927,ukkoṭanabhedādi,ukkotanabhedadi,1,1,0,0,15
980928,para340_vin5,para340_vin5,1,1,0,0,12
980929,ukkoṭo,ukkoto,1,1,0,0,6
980930,para341_vin5,para341_vin5,1,1,0,0,12
980931,ukkoṭentā,ukkotenta,4,4,0,0,9
980932,adhikaraṇanidānādi,adhikarananidanadi,1,1,0,0,18
980933,para342_vin5,para342_vin5,1,1,0,0,12
980934,vivādasamudayaṃ,vivadasamudayam,1,1,0,0,15
980935,vivādajātikaṃ,vivadajatikam,1,1,0,0,13
980936,vivādapabhavaṃ,vivadapabhavam,1,1,0,0,14
980937,vivādasambhāraṃ,vivadasambharam,1,1,0,0,15
980938,vivādasamuṭṭhānaṃ,vivadasamutthanam,1,1,0,0,17
980939,anuvādasamudayaṃ,anuvadasamudayam,1,1,0,0,16
980940,anuvādajātikaṃ,anuvadajatikam,1,1,0,0,14
980941,anuvādapabhavaṃ,anuvadapabhavam,1,1,0,0,15
980942,anuvādasambhāraṃ,anuvadasambharam,1,1,0,0,16
980943,anuvādasamuṭṭhānaṃ,anuvadasamutthanam,1,1,0,0,18
980944,āpattijātikaṃ,apattijatikam,1,1,0,0,13
980945,āpattipabhavaṃ,apattipabhavam,1,1,0,0,14
980946,āpattisambhāraṃ,apattisambharam,1,1,0,0,15
980947,āpattisamuṭṭhānaṃ,apattisamutthanam,9,9,0,0,17
980948,kiccayasamudayaṃ,kiccayasamudayam,1,1,0,0,16
980949,kiccayajātikaṃ,kiccayajatikam,1,1,0,0,14
980950,kiccayapabhavaṃ,kiccayapabhavam,1,1,0,0,15
980951,kiccayasambhāraṃ,kiccayasambharam,1,1,0,0,16
980952,kiccayasamuṭṭhānaṃ,kiccayasamutthanam,1,1,0,0,18
980953,hetusamudayaṃ,hetusamudayam,3,3,0,0,13
980954,hetujātikaṃ,hetujatikam,3,3,0,0,11
980955,hetupabhavaṃ,hetupabhavam,3,3,0,0,12
980956,hetusambhāraṃ,hetusambharam,3,3,0,0,13
980957,hetusamuṭṭhānaṃ,hetusamutthanam,3,3,0,0,15
980958,paccayanidānaṃ,paccayanidanam,3,3,0,0,14
980959,paccayajātikaṃ,paccayajatikam,3,3,0,0,14
980960,paccayapabhavaṃ,paccayapabhavam,3,3,0,0,15
980961,paccayasambhāraṃ,paccayasambharam,3,3,0,0,16
980962,paccayasamuṭṭhānaṃ,paccayasamutthanam,3,3,0,0,18
980963,adhikaraṇamūlādi,adhikaranamuladi,1,1,0,0,16
980964,para343_vin5,para343_vin5,1,1,0,0,12
980965,adhikaraṇapaccayāpatti,adhikaranapaccayapatti,1,1,0,0,22
980966,para344_vin5,para344_vin5,1,1,0,0,12
980967,para345_vin5,para345_vin5,1,1,0,0,12
980968,para346_vin5,para346_vin5,1,1,0,0,12
980969,para347_vin5,para347_vin5,1,1,0,0,12
980970,adhikaraṇādhippāyo,adhikaranadhippayo,1,1,0,0,18
980971,para348_vin5,para348_vin5,1,1,0,0,12
980972,para349_vin5,para349_vin5,1,1,0,0,12
980973,para350_vin5,para350_vin5,1,1,0,0,12
980974,para351_vin5,para351_vin5,1,1,0,0,12
980975,amūḷhavinayoti,amulhavinayoti,4,4,0,0,14
980976,paṭiññātakaraṇanti,patinnatakarananti,4,4,0,0,18
980977,tassapāpiyasikāti,tassapapiyasikati,4,4,0,0,17
980978,sattasamathanidānaṃ,sattasamathanidanam,1,1,0,0,19
980979,para352_vin5,para352_vin5,1,1,0,0,12
980980,kiṃsambhāro,kimsambharo,12,12,0,0,11
980981,kiṃsamuṭṭhāno,kimsamutthano,12,12,0,0,13
980982,kiṃsambhārā,kimsambhara,6,6,0,0,11
980983,nidānasamudayo,nidanasamudayo,2,2,0,0,14
980984,nidānajātiko,nidanajatiko,2,2,0,0,12
980985,nidānapabhavo,nidanapabhavo,2,2,0,0,13
980986,nidānasambhāro,nidanasambharo,2,2,0,0,14
980987,nidānasamuṭṭhāno,nidanasamutthano,2,2,0,0,16
980988,nidānanidānaṃ,nidananidanam,1,1,0,0,13
980989,nidānasamudayaṃ,nidanasamudayam,1,1,0,0,15
980990,nidānajātikaṃ,nidanajatikam,1,1,0,0,13
980991,nidānapabhavaṃ,nidanapabhavam,1,1,0,0,14
980992,nidānasambhāraṃ,nidanasambharam,1,1,0,0,15
980993,nidānanidānā,nidananidana,1,1,0,0,12
980994,nidānasamudayā,nidanasamudaya,1,1,0,0,14
980995,nidānajātikā,nidanajatika,1,1,0,0,12
980996,nidānapabhavā,nidanapabhava,2,2,0,0,13
980997,nidānasambhārā,nidanasambhara,1,1,0,0,14
980998,nidānasamuṭṭhānā,nidanasamutthana,1,1,0,0,16
980999,hetujātiko,hetujatiko,3,3,0,0,10
981000,hetupabhavo,hetupabhavo,3,3,0,0,11
981001,hetusambhāro,hetusambharo,3,3,0,0,12
981002,hetusamuṭṭhāno,hetusamutthano,3,3,0,0,14
981003,hetunidānā,hetunidana,2,2,0,0,10
981004,hetusamudayā,hetusamudaya,2,2,0,0,12
981005,hetujātikā,hetujatika,2,2,0,0,10
981006,paccayanidāno,paccayanidano,3,3,0,0,13
981007,paccayajātiko,paccayajatiko,3,3,0,0,13
981008,paccayapabhavo,paccayapabhavo,3,3,0,0,14
981009,paccayasambhāro,paccayasambharo,3,3,0,0,15
981010,paccayasamuṭṭhāno,paccayasamutthano,3,3,0,0,17
981011,paccayanidānā,paccayanidana,2,2,0,0,13
981012,paccayasamudayā,paccayasamudaya,2,2,0,0,15
981013,paccayajātikā,paccayajatika,2,2,0,0,13
981014,paccayapabhavā,paccayapabhava,2,2,0,0,14
981015,paccayasambhārā,paccayasambhara,2,2,0,0,15
981016,paccayasamuṭṭhānā,paccayasamutthana,2,2,0,0,17
981017,para353_vin5,para353_vin5,1,1,0,0,12
981018,chabbī,chabbi,1,1,0,0,6
981019,sattasamathanānatthādi,sattasamathananatthadi,1,1,0,0,22
981020,para354_vin5,para354_vin5,1,1,0,0,12
981021,para355_vin5,para355_vin5,1,1,0,0,12
981022,para356_vin5,para356_vin5,1,1,0,0,12
981023,para357_vin5,para357_vin5,1,1,0,0,12
981024,para358_vin5,para358_vin5,1,1,0,0,12
981025,nidānahetupaccayā,nidanahetupaccaya,1,1,0,0,17
981026,hetupaccayamūlāni,hetupaccayamulani,1,1,0,0,17
981027,bhedādhikaraṇe,bhedadhikarane,1,1,0,0,14
981028,vin5_9,vin5_9,1,1,0,0,6
981029,aparagāthāsaṅgaṇikaṃ,aparagathasanganikam,1,1,0,0,20
981030,codanādipucchāvissajjanā,codanadipucchavissajjana,1,1,0,0,24
981031,para359_vin5,para359_vin5,1,1,0,0,12
981032,sāraṇatthāya,saranatthaya,2,2,0,0,12
981033,pariggahatthāya,pariggahatthaya,1,1,0,0,15
981034,kālenatthūpasaṃhitaṃ,kalenatthupasamhitam,1,1,0,0,20
981035,cuditassa,cuditassa,1,1,0,0,9
981036,anāpannoti,anapannoti,1,1,0,0,10
981037,vuttānusandhitena,vuttanusandhitena,1,1,0,0,17
981038,lajjīpuggalo,lajjipuggalo,3,3,0,0,12
981039,mettācitto,mettacitto,6,6,0,0,10
981040,bālacodako,balacodako,3,3,0,0,10
981041,anusandhivacanapathassa,anusandhivacanapathassa,3,3,0,0,23
981042,paṇḍitacodako,panditacodako,3,3,0,0,13
981043,pubbāparampi,pubbaparampi,1,1,0,0,12
981044,ācāradiṭṭhiyā,acaraditthiya,1,1,0,0,13
981045,vin5_10,vin5_10,1,1,0,0,7
981046,anuvijjakaanuyogo,anuvijjakaanuyogo,1,1,0,0,17
981047,para360_vin5,para360_vin5,1,1,0,0,12
981048,para361_vin5,para361_vin5,1,1,0,0,12
981049,para362_vin5,para362_vin5,1,1,0,0,12
981050,codakādipaṭipatti,codakadipatipatti,1,1,0,0,17
981051,para363_vin5,para363_vin5,1,1,0,0,12
981052,para364_vin5,para364_vin5,1,1,0,0,12
981053,sāmaggatthāya,samaggatthaya,1,1,0,0,13
981054,mānattatthāya,manattatthaya,1,1,0,0,13
981055,codakassaattajhāpanaṃ,codakassaattajhapanam,1,1,0,0,21
981056,dhammādhammassa,dhammadhammassa,1,1,0,0,15
981057,vinayāvinayaṃ,vinayavinayam,1,1,0,0,13
981058,vinayāvinayassa,vinayavinayassa,1,1,0,0,15
981059,bhāsitābhāsitaṃ,bhasitabhasitam,1,1,0,0,15
981060,bhāsitābhāsitassa,bhasitabhasitassa,1,1,0,0,17
981061,āciṇṇānāciṇṇaṃ,acinnanacinnam,1,1,0,0,14
981062,āciṇṇānāciṇṇassa,acinnanacinnassa,1,1,0,0,16
981063,paññattāpaññattassa,pannattapannattassa,1,1,0,0,19
981064,āpattānāpattiyā,apattanapattiya,1,1,0,0,15
981065,lahukagarukassa,lahukagarukassa,1,1,0,0,15
981066,sāvasesānavasesassa,savasesanavasesassa,1,1,0,0,19
981067,duṭṭhullāduṭṭhullassa,dutthulladutthullassa,1,1,0,0,21
981068,anuvijjā,anuvijja,1,1,0,0,8
981069,mūlenuposatho,mulenuposatho,1,1,0,0,13
981070,codanakaṇḍamhi,codanakandamhi,1,1,0,0,14
981071,vin5_11,vin5_11,1,1,0,0,7
981072,anuvijjakassapaṭipatti,anuvijjakassapatipatti,1,1,0,0,22
981073,para365_vin5,para365_vin5,1,1,0,0,12
981074,pahāsetabbo,pahasetabbo,1,1,0,0,11
981075,para366_vin5,para366_vin5,1,1,0,0,12
981076,nidassanatthāya,nidassanatthaya,1,1,0,0,15
981077,savacanīyatthāya,savacaniyatthaya,1,1,0,0,16
981078,ṭhānāṭhānagamanatthāya,thanathanagamanatthaya,1,1,0,0,22
981079,ṭhānāṭhānagamanaṃ,thanathanagamanam,1,1,0,0,17
981080,sampaggahatthāya,sampaggahatthaya,1,1,0,0,16
981081,sampariggahasampaṭicchanatthāya,sampariggahasampaticchanatthaya,1,1,0,0,31
981082,avisaṃvādakaṭṭhāyino,avisamvadakatthayino,1,1,0,0,20
981083,para367_vin5,para367_vin5,1,1,0,0,12
981084,appaṭikkhoti,appatikkhoti,1,1,0,0,12
981085,ākārakovido,akarakovido,1,1,0,0,11
981086,sukkakammo,sukkakammo,1,1,0,0,10
981087,sappaṭikkhoti,sappatikkhoti,1,1,0,0,13
981088,ekuddesaṃ,ekuddesam,1,1,0,0,9
981089,vin5_12,vin5_12,1,1,0,0,7
981090,jānitabbādi,janitabbadi,1,1,0,0,11
981091,para368_vin5,para368_vin5,1,1,0,0,12
981092,saññāpanīye,sannapaniye,7,6,1,0,11
981093,nijjhāpanīye,nijjhapaniye,7,6,1,0,12
981094,nijjhāpetabbaṃ,nijjhapetabbam,1,1,0,0,14
981095,pekkhanīye,pekkhaniye,7,6,1,0,10
981096,laddhapakkhomhīti,laddhapakkhomhiti,3,2,1,0,17
981097,parapakkho,parapakkho,1,1,0,0,10
981098,bahussutomhīti,bahussutomhiti,3,2,1,0,14
981099,therataromhīti,therataromhiti,3,2,1,0,14
981100,byāhātabbaṃ,byahatabbam,1,1,0,0,11
981101,para369_vin5,para369_vin5,1,1,0,0,12
981102,aṭṭhapārājikānaṃ,atthaparajikanam,3,3,0,0,16
981103,tevīsasaṅghādisesānaṃ,tevisasanghadisesanam,3,3,0,0,21
981104,dveaniyatānaṃ,dveaniyatanam,3,3,0,0,13
981105,dvecattārīsanissaggiyānaṃ,dvecattarisanissaggiyanam,3,3,0,0,25
981106,aṭṭhāsītisatapācittiyānaṃ,atthasitisatapacittiyanam,3,3,0,0,25
981107,dvādasapāṭidesanīyānaṃ,dvadasapatidesaniyanam,3,3,0,0,22
981108,dubbhāsitānaṃ,dubbhasitanam,3,3,0,0,13
981109,para370_vin5,para370_vin5,1,1,0,0,12
981110,para371_vin5,para371_vin5,1,1,0,0,12
981111,para372_vin5,para372_vin5,1,1,0,0,12
981112,para373_vin5,para373_vin5,1,1,0,0,12
981113,para374_vin5,para374_vin5,1,1,0,0,12
981114,para375_vin5,para375_vin5,1,1,0,0,12
981115,para376_vin5,para376_vin5,1,1,0,0,12
981116,soḷasakammāni,solasakammani,1,1,0,0,13
981117,apalokanakammāni,apalokanakammani,1,1,0,0,16
981118,ñatticatutthakammāni,natticatutthakammani,1,1,0,0,20
981119,para377_vin5,para377_vin5,1,1,0,0,12
981120,para378_vin5,para378_vin5,1,1,0,0,12
981121,agatiagantabbo,agatiagantabbo,1,1,0,0,14
981122,para379_vin5,para379_vin5,1,1,0,0,12
981123,tassānurakkhāya,tassanurakkhaya,1,1,0,0,15
981124,para380_vin5,para380_vin5,1,1,0,0,12
981125,para381_vin5,para381_vin5,1,1,0,0,12
981126,saṃmūḷho,sammulho,1,1,0,0,8
981127,mohābhibhūto,mohabhibhuto,1,1,0,0,12
981128,para382_vin5,para382_vin5,1,1,0,0,12
981129,agatiagamanaṃ,agatiagamanam,1,1,0,0,13
981130,para383_vin5,para383_vin5,1,1,0,0,12
981131,para384_vin5,para384_vin5,1,1,0,0,12
981132,para385_vin5,para385_vin5,1,1,0,0,12
981133,para386_vin5,para386_vin5,1,1,0,0,12
981134,saññāpanīyādi,sannapaniyadi,1,1,0,0,13
981135,para387_vin5,para387_vin5,1,1,0,0,12
981136,para388_vin5,para388_vin5,1,1,0,0,12
981137,para389_vin5,para389_vin5,1,1,0,0,12
981138,para390_vin5,para390_vin5,1,1,0,0,12
981139,parapakkhādiavajānanaṃ,parapakkhadiavajananam,1,1,0,0,22
981140,para391_vin5,para391_vin5,1,1,0,0,12
981141,laddhaparivāro,laddhaparivaro,1,1,0,0,14
981142,pakkhavā,pakkhava,2,2,0,0,8
981143,ñātimā,natima,2,2,0,0,6
981144,aladdhapakkho,aladdhapakkho,1,1,0,0,13
981145,aladdhaparivāro,aladdhaparivaro,1,1,0,0,15
981146,para392_vin5,para392_vin5,1,1,0,0,12
981147,appāgamo,appagamo,1,1,0,0,8
981148,appadharo,appadharo,1,1,0,0,9
981149,para393_vin5,para393_vin5,1,1,0,0,12
981150,appakataññū,appakatannu,1,1,0,0,11
981151,para394_vin5,para394_vin5,1,1,0,0,12
981152,para395_vin5,para395_vin5,1,1,0,0,12
981153,para396_vin5,para396_vin5,1,1,0,0,12
981154,para397_vin5,para397_vin5,1,1,0,0,12
981155,para398_vin5,para398_vin5,1,1,0,0,12
981156,para399_vin5,para399_vin5,1,1,0,0,12
981157,vatthupucchā,vatthupuccha,9,9,0,0,12
981158,vipattipucchā,vipattipuccha,1,1,0,0,13
981159,āpattipucchā,apattipuccha,1,1,0,0,12
981160,ajjhācārapucchā,ajjhacarapuccha,1,1,0,0,15
981161,vatthupucchāti,vatthupucchati,1,1,0,0,14
981162,vipattipucchāti,vipattipucchati,1,1,0,0,15
981163,sīlavipattipucchā,silavipattipuccha,1,1,0,0,17
981164,ācāravipattipucchā,acaravipattipuccha,1,1,0,0,18
981165,diṭṭhivipattipucchā,ditthivipattipuccha,1,1,0,0,19
981166,ājīvavipattipucchā,ajivavipattipuccha,1,1,0,0,18
981167,āpattipucchāti,apattipucchati,1,1,0,0,14
981168,pārājikāpattipucchā,parajikapattipuccha,1,1,0,0,19
981169,saṅghādisesāpattipucchā,sanghadisesapattipuccha,1,1,0,0,23
981170,thullaccayāpattipucchā,thullaccayapattipuccha,1,1,0,0,22
981171,pācittiyāpattipucchā,pacittiyapattipuccha,1,1,0,0,20
981172,pāṭidesanīyāpattipucchā,patidesaniyapattipuccha,1,1,0,0,23
981173,dukkaṭāpattipucchā,dukkatapattipuccha,1,1,0,0,18
981174,dubbhāsitāpattipucchā,dubbhasitapattipuccha,1,1,0,0,21
981175,ajjhācārapucchāti,ajjhacarapucchati,1,1,0,0,17
981176,dvayaṃdvayasamāpattipucchā,dvayamdvayasamapattipuccha,1,1,0,0,26
981177,para400_vin5,para400_vin5,1,1,0,0,12
981178,liṅgapucchā,lingapuccha,1,1,0,0,11
981179,iriyāpathapucchā,iriyapathapuccha,1,1,0,0,16
981180,vippakārapucchā,vippakarapuccha,1,1,0,0,15
981181,liṅgapucchāti,lingapucchati,1,1,0,0,13
981182,iriyāpathapucchāti,iriyapathapucchati,1,1,0,0,18
981183,ākārapucchāti,akarapucchati,1,1,0,0,13
981184,vippakārapucchāti,vippakarapucchati,1,1,0,0,17
981185,para401_vin5,para401_vin5,1,1,0,0,12
981186,samayapucchā,samayapuccha,1,1,0,0,12
981187,divasapucchā,divasapuccha,1,1,0,0,12
981188,utupucchā,utupuccha,1,1,0,0,9
981189,kālapucchāti,kalapucchati,1,1,0,0,12
981190,samayapucchāti,samayapucchati,1,1,0,0,14
981191,divasapucchāti,divasapucchati,1,1,0,0,14
981192,utupucchāti,utupucchati,1,1,0,0,11
981193,para402_vin5,para402_vin5,1,1,0,0,12
981194,ṭhānapucchā,thanapuccha,1,1,0,0,11
981195,bhūmipucchā,bhumipuccha,1,1,0,0,11
981196,padesapucchā,padesapuccha,1,1,0,0,12
981197,ṭhānapucchāti,thanapucchati,1,1,0,0,13
981198,okāsapucchāti,okasapucchati,1,1,0,0,13
981199,padesapucchāti,padesapucchati,1,1,0,0,14
981200,kammādhikaraṇañceva,kammadhikarananceva,1,1,0,0,19
981201,chandagāmi,chandagami,1,1,0,0,10
981202,nijjhāpanena,nijjhapanena,1,1,0,0,12
981203,pakkhomhi,pakkhomhi,1,1,0,0,9
981204,sutatheratarena,sutatheratarena,1,1,0,0,15
981205,asampattañca,asampattanca,1,1,0,0,12
981206,sāsanenāpi,sasanenapi,1,1,0,0,10
981207,mahāsaṅgāmañāpanāti,mahasangamanapanati,1,1,0,0,19
981208,vin5_13,vin5_13,1,1,0,0,7
981209,kathinabhedo,kathinabhedo,2,2,0,0,12
981210,kathinaatthatādi,kathinaatthatadi,1,1,0,0,16
981211,para403_vin5,para403_vin5,1,1,0,0,12
981212,anatthārakassa,anattharakassa,1,1,0,0,14
981213,ananumodakassa,ananumodakassa,1,1,0,0,14
981214,gaṇḍusakaraṇamattena,gandusakaranamattena,1,1,0,0,20
981215,kukkukataṃ,kukkukatam,3,2,1,0,10
981216,sannidhiyo,sannidhiyo,2,2,0,0,10
981217,udriyati,udriyati,1,1,0,0,8
981218,kathinaanantarapaccayādi,kathinaanantarapaccayadi,1,1,0,0,24
981219,para404_vin5,para404_vin5,1,1,0,0,12
981220,palibodhānañca,palibodhananca,2,2,0,0,14
981221,anāsānañca,anasananca,1,1,0,0,10
981222,pubbakaraṇanidānādivibhāgo,pubbakarananidanadivibhago,1,1,0,0,26
981223,para405_vin5,para405_vin5,1,1,0,0,12
981224,payoganidānaṃ,payoganidanam,1,1,0,0,13
981225,payogasamudayaṃ,payogasamudayam,1,1,0,0,15
981226,payogajātikaṃ,payogajatikam,1,1,0,0,13
981227,payogapabhavaṃ,payogapabhavam,1,1,0,0,14
981228,payogasambhāraṃ,payogasambharam,1,1,0,0,15
981229,payogasamuṭṭhānaṃ,payogasamutthanam,1,1,0,0,17
981230,pubbakaraṇanidāno,pubbakarananidano,1,1,0,0,17
981231,pubbakaraṇasamudayo,pubbakaranasamudayo,1,1,0,0,19
981232,pubbakaraṇajātiko,pubbakaranajatiko,1,1,0,0,17
981233,pubbakaraṇapabhavo,pubbakaranapabhavo,1,1,0,0,18
981234,pubbakaraṇasambhāro,pubbakaranasambharo,1,1,0,0,19
981235,pubbakaraṇasamuṭṭhāno,pubbakaranasamutthano,1,1,0,0,21
981236,paccuddhāranidānaṃ,paccuddharanidanam,1,1,0,0,18
981237,paccuddhārasamudayaṃ,paccuddharasamudayam,1,1,0,0,20
981238,paccuddhārajātikaṃ,paccuddharajatikam,1,1,0,0,18
981239,paccuddhārapabhavaṃ,paccuddharapabhavam,1,1,0,0,19
981240,paccuddhārasambhāraṃ,paccuddharasambharam,1,1,0,0,20
981241,paccuddhārasamuṭṭhānaṃ,paccuddharasamutthanam,1,1,0,0,22
981242,adhiṭṭhānanidāno,adhitthananidano,1,1,0,0,16
981243,adhiṭṭhānasamudayo,adhitthanasamudayo,1,1,0,0,18
981244,adhiṭṭhānajātiko,adhitthanajatiko,1,1,0,0,16
981245,adhiṭṭhānapabhavo,adhitthanapabhavo,1,1,0,0,17
981246,adhiṭṭhānasambhāro,adhitthanasambharo,1,1,0,0,18
981247,adhiṭṭhānasamuṭṭhāno,adhitthanasamutthano,1,1,0,0,20
981248,atthāranidānā,attharanidana,1,1,0,0,13
981249,atthārasamudayā,attharasamudaya,1,1,0,0,15
981250,atthārajātikā,attharajatika,1,1,0,0,13
981251,atthārapabhavā,attharapabhava,1,1,0,0,14
981252,atthārasambhārā,attharasambhara,1,1,0,0,15
981253,atthārasamuṭṭhānā,attharasamutthana,1,1,0,0,17
981254,vatthunidānā,vatthunidana,1,1,0,0,12
981255,vatthusamudayā,vatthusamudaya,1,1,0,0,14
981256,vatthujātikā,vatthujatika,1,1,0,0,12
981257,vatthupabhavā,vatthupabhava,1,1,0,0,13
981258,vatthusambhārā,vatthusambhara,1,1,0,0,14
981259,vatthusamuṭṭhānā,vatthusamutthana,1,1,0,0,16
981260,para406_vin5,para406_vin5,1,1,0,0,12
981261,para407_vin5,para407_vin5,1,1,0,0,12
981262,para408_vin5,para408_vin5,1,1,0,0,12
981263,kappakaraṇena,kappakaranena,1,1,0,0,13
981264,para409_vin5,para409_vin5,1,1,0,0,12
981265,para410_vin5,para410_vin5,1,1,0,0,12
981266,kathinatthārā,kathinatthara,16,16,0,0,13
981267,para411_vin5,para411_vin5,1,1,0,0,12
981268,vatthuvipannañceva,vatthuvipannanceva,1,1,0,0,18
981269,kālavipannañca,kalavipannanca,1,1,0,0,14
981270,karaṇavipannañca,karanavipannanca,1,1,0,0,16
981271,vatthusampannañceva,vatthusampannanceva,1,1,0,0,19
981272,kālasampannañca,kalasampannanca,1,1,0,0,15
981273,karaṇasampannañca,karanasampannanca,1,1,0,0,17
981274,kathinādijānitabbavibhāgo,kathinadijanitabbavibhago,1,1,0,0,25
981275,para412_vin5,para412_vin5,1,1,0,0,12
981276,atthāravipatti,attharavipatti,3,2,1,0,14
981277,atthārasampatti,attharasampatti,3,2,1,0,15
981278,attharissāmīti,attharissamiti,1,1,0,0,14
981279,para413_vin5,para413_vin5,1,1,0,0,12
981280,vimajjitvā,vimajjitva,1,1,0,0,10
981281,attharāmīti,attharamiti,3,3,0,0,11
981282,puggalassevakathinatthāro,puggalassevakathinattharo,1,1,0,0,25
981283,para414_vin5,para414_vin5,1,1,0,0,12
981284,palibodhapañhābyākaraṇaṃ,palibodhapanhabyakaranam,1,1,0,0,24
981285,para415_vin5,para415_vin5,1,1,0,0,12
981286,bahisīmagamanā,bahisimagamana,1,1,0,0,14
981287,para416_vin5,para416_vin5,1,1,0,0,12
981288,saṅghādhīnā,sanghadhina,3,3,0,0,11
981289,saṅghādhīno,sanghadhino,1,1,0,0,11
981290,nidānahetu,nidanahetu,1,1,0,0,10
981291,paccayasaṅgahamūlā,paccayasangahamula,1,1,0,0,18
981292,atthārapuggalā,attharapuggala,1,1,0,0,14
981293,aṭṭhapuggalā,atthapuggala,1,1,0,0,12
981294,palibodhādhinā,palibodhadhina,1,1,0,0,14
981295,uppādanirodhena,uppadanirodhena,1,1,0,0,15
981296,vin5_14,vin5_14,1,1,0,0,7
981297,anissitavaggo,anissitavaggo,2,2,0,0,13
981298,para417_vin5,para417_vin5,1,1,0,0,12
981299,para418_vin5,para418_vin5,1,1,0,0,12
981300,para419_vin5,para419_vin5,1,1,0,0,12
981301,abhisamācāralajjī,abhisamacaralajji,1,1,0,0,17
981302,yāyāpattiyā,yayapattiya,1,1,0,0,11
981303,vaggasaṅgahoti,vaggasangahoti,3,3,0,0,14
981304,nappaṭippassambhanavaggo,nappatippassambhanavaggo,2,2,0,0,24
981305,para420_vin5,para420_vin5,1,1,0,0,12
981306,omaddakārako,omaddakarako,1,1,0,0,12
981307,para421_vin5,para421_vin5,1,1,0,0,12
981308,nissajjakusalena,nissajjakusalena,1,1,0,0,16
981309,tuṇhibhāvo,tunhibhavo,1,1,0,0,10
981310,saṅgāmāvacarenupāli,sangamavacarenupali,1,1,0,0,19
981311,para422_vin5,para422_vin5,1,1,0,0,12
981312,bahujanaakanto,bahujanaakanto,7,7,0,0,14
981313,bahujanaamanāpo,bahujanaamanapo,7,7,0,0,15
981314,bahujanaarucito,bahujanaarucito,8,8,0,0,15
981315,nissitajappī,nissitajappi,2,2,0,0,12
981316,bhāsānusandhikusalo,bhasanusandhikusalo,2,2,0,0,19
981317,yathāvinaye,yathavinaye,16,16,0,0,11
981318,bahujanakanto,bahujanakanto,6,6,0,0,13
981319,bahujanamanāpo,bahujanamanapo,6,6,0,0,14
981320,bahujanarucito,bahujanarucito,5,5,0,0,14
981321,para423_vin5,para423_vin5,1,1,0,0,12
981322,yāyavaṇṇañca,yayavannanca,1,1,0,0,12
981323,paṭhamayamakapaññatti,pathamayamakapannatti,1,1,0,0,21
981324,vohāravaggo,voharavaggo,2,2,0,0,11
981325,para424_vin5,para424_vin5,1,1,0,0,12
981326,pasayhāpatti,pasayhapatti,1,1,0,0,12
981327,diṭṭhāvikammavaggo,ditthavikammavaggo,2,2,0,0,18
981328,para425_vin5,para425_vin5,1,1,0,0,12
981329,apakatattassa,apakatattassa,1,1,0,0,13
981330,para426_vin5,para426_vin5,1,1,0,0,12
981331,para427_vin5,para427_vin5,1,1,0,0,12
981332,para428_vin5,para428_vin5,1,1,0,0,12
981333,para429_vin5,para429_vin5,1,1,0,0,12
981334,para430_vin5,para430_vin5,1,1,0,0,12
981335,para431_vin5,para431_vin5,1,1,0,0,12
981336,para432_vin5,para432_vin5,1,1,0,0,12
981337,pañhāpucchā,panhapuccha,3,3,0,0,11
981338,paribhavā,paribhava,1,1,0,0,9
981339,para433_vin5,para433_vin5,1,1,0,0,12
981340,aññabyākaraṇā,annabyakarana,4,4,0,0,13
981341,para434_vin5,para434_vin5,1,1,0,0,12
981342,para435_vin5,para435_vin5,1,1,0,0,12
981343,paṭiggahānatirittā,patiggahanatiritta,1,1,0,0,18
981344,attādānavaggo,attadanavaggo,2,2,0,0,13
981345,para436_vin5,para436_vin5,1,1,0,0,12
981346,para437_vin5,para437_vin5,1,1,0,0,12
981347,para438_vin5,para438_vin5,1,1,0,0,12
981348,para439_vin5,para439_vin5,1,1,0,0,12
981349,para440_vin5,para440_vin5,1,1,0,0,12
981350,ādātukāmenupāli,adatukamenupali,1,1,0,0,15
981351,para441_vin5,para441_vin5,1,1,0,0,12
981352,para442_vin5,para442_vin5,1,1,0,0,12
981353,dhutaṅgavaggo,dhutangavaggo,2,2,0,0,13
981354,para443_vin5,para443_vin5,1,1,0,0,12
981355,sosānikāti,sosanikati,1,1,0,0,10
981356,tecīvarikāti,tecivarikati,1,1,0,0,12
981357,sapadānacārikāti,sapadanacarikati,1,1,0,0,16
981358,nesajjikāti,nesajjikati,1,1,0,0,11
981359,yathāsanthatikāti,yathasanthatikati,1,1,0,0,17
981360,ekāsanikāti,ekasanikati,1,1,0,0,11
981361,khalupacchābhattikāti,khalupacchabhattikati,1,1,0,0,21
981362,pattapiṇḍikāti,pattapindikati,2,2,0,0,14
981363,piṇḍipaṃsu,pindipamsu,1,1,0,0,10
981364,rukkhasusānapañcamaṃ,rukkhasusanapancamam,1,1,0,0,20
981365,tecīvarañceva,tecivaranceva,1,1,0,0,13
981366,sapadānanesajjikā,sapadananesajjika,1,1,0,0,17
981367,santhatekāsanañceva,santhatekasananceva,1,1,0,0,19
981368,khalupacchā,khalupaccha,1,1,0,0,11
981369,para444_vin5,para444_vin5,1,1,0,0,12
981370,pācittiyagāmī,pacittiyagami,1,1,0,0,13
981371,para445_vin5,para445_vin5,1,1,0,0,12
981372,para446_vin5,para446_vin5,1,1,0,0,12
981373,sappaṭikammāpaṭikammaṃ,sappatikammapatikammam,2,2,0,0,22
981374,para447_vin5,para447_vin5,1,1,0,0,12
981375,pasuttakatā,pasuttakata,1,1,0,0,11
981376,para448_vin5,para448_vin5,1,1,0,0,12
981377,para449_vin5,para449_vin5,1,1,0,0,12
981378,byasanānī,byasanani,2,2,0,0,9
981379,omaddi,omaddi,1,1,0,0,6
981380,veramaṇīpi,veramanipi,1,1,0,0,10
981381,bhikkhunovādavaggo,bhikkhunovadavaggo,2,2,0,0,18
981382,para450_vin5,para450_vin5,1,1,0,0,12
981383,bhikkhunisaṅgheneva,bhikkhunisangheneva,7,7,0,0,19
981384,bhikkhunisaṅghenā,bhikkhunisanghena,1,1,0,0,17
981385,para451_vin5,para451_vin5,1,1,0,0,12
981386,para452_vin5,para452_vin5,1,1,0,0,12
981387,para453_vin5,para453_vin5,1,1,0,0,12
981388,para454_vin5,para454_vin5,1,1,0,0,12
981389,bhikkhunīheva,bhikkhuniheva,1,1,0,0,13
981390,sākacchāsu,sakacchasu,1,1,0,0,10
981391,ubbāhikavaggo,ubbahikavaggo,2,2,0,0,13
981392,para455_vin5,para455_vin5,1,1,0,0,12
981393,paḷāsābhibhūto,palasabhibhuto,2,2,0,0,14
981394,issābhibhūto,issabhibhuto,2,2,0,0,12
981395,akhamo,akhamo,1,1,0,0,6
981396,apadakkhiṇaggāhī,apadakkhinaggahi,1,1,0,0,16
981397,para456_vin5,para456_vin5,1,1,0,0,12
981398,bālotveva,balotveva,11,11,0,0,9
981399,ṭhānaṭhānakusalo,thanathanakusalo,1,1,0,0,16
981400,adhikaraṇavūpasamavaggo,adhikaranavupasamavaggo,2,2,0,0,23
981401,para457_vin5,para457_vin5,1,1,0,0,12
981402,para458_vin5,para458_vin5,1,1,0,0,12
981403,āveṇibhāvaṃ,avenibhavam,1,1,0,0,11
981404,saṅghabhedakavaggo,sanghabhedakavaggo,2,2,0,0,18
981405,para459_vin5,para459_vin5,1,1,0,0,12
981406,voharena,voharena,2,2,0,0,8
981407,salākena,salakena,2,2,0,0,8
981408,diṭṭhinissitā,ditthinissita,2,2,0,0,13
981409,dutiyasaṅghabhedakavaggo,dutiyasanghabhedakavaggo,2,2,0,0,24
981410,para460_vin5,para460_vin5,1,1,0,0,12
981411,kaṇhapakkhamhi,kanhapakkhamhi,1,1,0,0,14
981412,sukkapakkhamhi,sukkapakkhamhi,1,1,0,0,14
981413,jānathāti,janathati,1,1,0,0,9
981414,para461_vin5,para461_vin5,1,1,0,0,12
981415,para462_vin5,para462_vin5,1,1,0,0,12
981416,vinayabyākaraṇā,vinayabyakarana,5,5,0,0,15
981417,para463_vin5,para463_vin5,1,1,0,0,12
981418,para464_vin5,para464_vin5,1,1,0,0,12
981419,khajjabhājako,khajjabhajako,1,1,0,0,13
981420,āvāsikabyākaraṇā,avasikabyakarana,1,1,0,0,16
981421,bhattusenāsanāni,bhattusenasanani,1,1,0,0,16
981422,bhaṇḍacīvaraggāho,bhandacivaraggaho,1,1,0,0,17
981423,appasāṭiyagāhako,appasatiyagahako,1,1,0,0,16
981424,pesakoti,pesakoti,1,1,0,0,8
981425,kathinatthāravaggo,kathinattharavaggo,2,2,0,0,18
981426,para465_vin5,para465_vin5,1,1,0,0,12
981427,para466_vin5,para466_vin5,1,1,0,0,12
981428,para467_vin5,para467_vin5,1,1,0,0,12
981429,para468_vin5,para468_vin5,1,1,0,0,12
981430,para469_vin5,para469_vin5,1,1,0,0,12
981431,kathinatthāraniddā,kathinattharanidda,1,1,0,0,18
981432,yāgukhādane,yagukhadane,1,1,0,0,11
981433,pārivāsi,parivasi,1,1,0,0,8
981434,vanditabbakanti,vanditabbakanti,1,1,0,0,15
981435,vohārāvikammena,voharavikammena,1,1,0,0,15
981436,bhikkhunimeva,bhikkhunimeva,1,1,0,0,13
981437,ubbāhikādhikaraṇaṃ,ubbahikadhikaranam,1,1,0,0,18
981438,kathinañca,kathinanca,1,1,0,0,10
981439,vin5_15,vin5_15,1,1,0,0,7
981440,atthāpattisamuṭṭhānaṃ,atthapattisamutthanam,1,1,0,0,21
981441,para470_vin5,para470_vin5,1,1,0,0,12
981442,para471_vin5,para471_vin5,1,1,0,0,12
981443,para472_vin5,para472_vin5,1,1,0,0,12
981444,para473_vin5,para473_vin5,1,1,0,0,12
981445,acittakusalā,acittakusala,1,1,0,0,12
981446,yathādhammena,yathadhammena,1,1,0,0,13
981447,vin5_16,vin5_16,1,1,0,0,7
981448,kāyikādiāpatti,kayikadiapatti,1,1,0,0,14
981449,para474_vin5,para474_vin5,1,1,0,0,12
981450,chāpattiyo,chapattiyo,1,1,0,0,10
981451,katettha,katettha,6,6,0,0,8
981452,duṭṭhullacchādanā,dutthullacchadana,2,2,0,0,17
981453,nadipārapaccayā,nadiparapaccaya,2,2,0,0,15
981454,katimaṃsesu,katimamsesu,2,2,0,0,11
981455,desanāgāminiyādiāpatti,desanagaminiyadiapatti,1,1,0,0,22
981456,para475_vin5,para475_vin5,1,1,0,0,12
981457,para476_vin5,para476_vin5,1,1,0,0,12
981458,vohārapaccayā,voharapaccaya,2,2,0,0,13
981459,katinañceva,katinanceva,4,4,0,0,11
981460,piṇḍapātapaccayā,pindapatapaccaya,2,2,0,0,16
981461,katānisaṃse,katanisamse,1,1,0,0,11
981462,kataṅgiko,katangiko,1,1,0,0,9
981463,titthiyavattanā,titthiyavattana,2,2,0,0,15
981464,kativācikā,kativacika,1,1,0,0,10
981465,avandanīyapuggalādi,avandaniyapuggaladi,1,1,0,0,19
981466,para477_vin5,para477_vin5,1,1,0,0,12
981467,nābhivādetabbā,nabhivadetabba,2,2,0,0,14
981468,añjalisāmicena,anjalisamicena,2,2,0,0,14
981469,sabbevādhammikā,sabbevadhammika,1,1,0,0,15
981470,desitaṃnantajinena,desitamnantajinena,2,2,0,0,18
981471,chaūnadiyaḍḍhasatā,chaunadiyaddhasata,1,1,0,0,18
981472,kappaṭṭhā,kappattha,1,1,0,0,9
981473,nāpāyikā,napayika,2,2,0,0,8
981474,soḷasakammādi,solasakammadi,1,1,0,0,13
981475,para478_vin5,para478_vin5,1,1,0,0,12
981476,suvissajjitaṃ,suvissajjitam,1,1,0,0,13
981477,pucchāvissajjanāya,pucchavissajjanaya,1,1,0,0,18
981478,asuttakanti,asuttakanti,1,1,0,0,11
981479,vin5_17,vin5_17,1,1,0,0,7
981480,avippavāsapañhā,avippavasapanha,1,1,0,0,15
981481,para479_vin5,para479_vin5,1,1,0,0,12
981482,sunāsito,sunasito,1,1,0,0,8
981483,pārājikādipañhā,parajikadipanha,1,1,0,0,15
981484,para480_vin5,para480_vin5,1,1,0,0,12
981485,suddhakena,suddhakena,1,1,0,0,10
981486,vaggapaccayā,vaggapaccaya,1,1,0,0,12
981487,cehi,cehi,1,1,0,0,4
981488,cānantaraṃ,canantaram,1,1,0,0,10
981489,acodayitvā,acodayitva,2,2,0,0,10
981490,assārayitvā,assarayitva,1,1,0,0,11
981491,codayitvā,codayitva,2,2,0,0,9
981492,sārayitvā,sarayitva,1,1,0,0,9
981493,pācittiyādipañhā,pacittiyadipanha,1,1,0,0,16
981494,para481_vin5,para481_vin5,1,1,0,0,12
981495,kappakatampi,kappakatampi,1,1,0,0,12
981496,sāsaṅkasammataṃ,sasankasammatam,1,1,0,0,15
981497,garahiyo,garahiyo,3,3,0,0,8
981498,ekupajjhāyo,ekupajjhayo,1,1,0,0,11
981499,sunāsitaṃ,sunasitam,1,1,0,0,9
981500,padavītiyo,padavitiyo,1,1,0,0,10
981501,adhiṭṭhitañcatthaṅgate,adhitthitancatthangate,1,1,0,0,22
981502,cāraññakaṃ,carannakam,1,1,0,0,10
981503,tissitthī,tissitthi,1,1,0,0,9
981504,detāpajjatī,detapajjati,1,1,0,0,11
981505,sedamocanikā,sedamocanika,1,1,0,0,12
981506,viññūvibhāvitā,vinnuvibhavita,1,1,0,0,14
981507,vin5_18,vin5_18,1,1,0,0,7
981508,para482_vin5,para482_vin5,1,1,0,0,12
981509,para483_vin5,para483_vin5,1,1,0,0,12
981510,para484_vin5,para484_vin5,1,1,0,0,12
981511,para485_vin5,para485_vin5,1,1,0,0,12
981512,para486_vin5,para486_vin5,1,1,0,0,12
981513,para487_vin5,para487_vin5,1,1,0,0,12
981514,para488_vin5,para488_vin5,1,1,0,0,12
981515,para489_vin5,para489_vin5,1,1,0,0,12
981516,para490_vin5,para490_vin5,1,1,0,0,12
981517,para491_vin5,para491_vin5,1,1,0,0,12
981518,para492_vin5,para492_vin5,1,1,0,0,12
981519,para493_vin5,para493_vin5,1,1,0,0,12
981520,para494_vin5,para494_vin5,1,1,0,0,12
981521,para495_vin5,para495_vin5,1,1,0,0,12
981522,para496_vin5,para496_vin5,1,1,0,0,12
981523,para497_vin5,para497_vin5,1,1,0,0,12
981524,atthavasavaggo,atthavasavaggo,2,2,0,0,14
981525,para498_vin5,para498_vin5,1,1,0,0,12
981526,paññattavaggo,pannattavaggo,4,4,0,0,13
981527,para499_vin5,para499_vin5,1,1,0,0,12
981528,para500_vin5,para500_vin5,1,1,0,0,12
981529,navasaṅgahavaggo,navasangahavaggo,2,2,0,0,16
981530,para501_vin5,para501_vin5,1,1,0,0,12
981531,samuṭṭhānasaṅgaho,samutthanasangaho,1,1,0,0,17
981532,adhikaraṇasaṅgaho,adhikaranasangaho,1,1,0,0,17
981533,samathasaṅgahoti,samathasangahoti,1,1,0,0,16
981534,vūpasamepi,vupasamepi,1,1,0,0,10
981535,attakāmanti,attakamanti,1,1,0,0,11
981536,sañcarittanti,sancarittanti,1,1,0,0,13
981537,anuddhaṃsananti,anuddhamsananti,2,2,0,0,15
981538,paṭinissajjananti,patinissajjananti,4,4,0,0,17
981539,vinayāraho,vinayaraho,1,1,0,0,10
981540,saṅghapuggalañca,sanghapuggalanca,2,2,0,0,16
981541,khaṇḍacchāyā,khandacchaya,1,1,0,0,12
981542,nimittakā,nimittaka,1,1,0,0,9
981543,bahinadī,bahinadi,1,1,0,0,8
981544,vīsativaggā,visativagga,1,1,0,0,11
981545,navaṭhānikā,navathanika,1,1,0,0,11
981546,sattaṭhānikā,sattathanika,1,1,0,0,12
981547,dummaṅku,dummanku,1,1,0,0,8
981548,veravajjabhayañceva,veravajjabhayanceva,1,1,0,0,19
981549,dhammaṭṭhapanā,dhammatthapana,1,1,0,0,14
981550,vinayānuggahā,vinayanuggaha,1,1,0,0,13
981551,ukkhepana,ukkhepana,1,1,0,0,9
981552,apalokanañatti,apalokananatti,1,1,0,0,14
981553,apaññattenupaññattaṃ,apannattenupannattam,1,1,0,0,20
981554,amūḷhapaṭiyebhuyya,amulhapatiyebhuyya,1,1,0,0,18
981555,nāmaāpattikā,namaapattika,1,1,0,0,12
