1,amha,.pron:base.,,,我,,,,1,100,4,irregular,zh-hans
2,arahant,.n:base.,,arahati,阿拉漢,,,,1,100,7,irregular,zh-hans
3,ta,.pron:base.,,,其,,,,1,100,2,irregular,zh-hans
4,ya,.pron:base.,,,凡…者$任何$任何人$任何事,,,,1,100,2,irregular,zh-hans
5,amha,.pron:base.,,,I,,,,1,100,4,irregular,en
6,arahant,.n:base.,,arahati,arahant,,,,1,100,7,irregular,en
7,ta,.pron:base.,,,that,,,,1,100,2,irregular,en
8,ya,.pron:base.,,,which$who$that,,,,1,100,2,irregular,en
9,ahaṃ,.pron.,.1p.$.sg.$.nom.,amha,,,,,1,100,4,irregular,en
10,amhākaṃ,.pron.,.1p.$.pl.$.acc.,amha,,,,,1,100,7,irregular,en
11,amhākaṃ,.pron.,.1p.$.pl.$.dat.,amha,,,,,1,100,7,irregular,en
12,amhākaṃ,.pron.,.1p.$.pl.$.gen.,amha,,,,,1,100,7,irregular,en
13,amhaṃ,.pron.,.1p.$.pl.$.dat.,amha,,,,,1,100,5,irregular,en
14,amhaṃ,.pron.,.1p.$.pl.$.gen.,amha,,,,,1,100,5,irregular,en
15,amhe,.pron.,.1p.$.pl.$.acc.,amha,,,,,1,100,4,irregular,en
16,amhe,.pron.,.1p.$.pl.$.nom.,amha,,,,,1,100,4,irregular,en
17,amhebhi,.pron.,.1p.$.pl.$.abl.,amha,,,,,1,100,7,irregular,en
18,amhebhi,.pron.,.1p.$.pl.$.inst.,amha,,,,,1,100,7,irregular,en
19,amhehi,.pron.,.1p.$.pl.$.abl.,amha,,,,,1,100,6,irregular,en
20,amhehi,.pron.,.1p.$.pl.$.inst.,amha,,,,,1,100,6,irregular,en
21,amhesu,.pron.,.1p.$.pl.$.loc.,amha,,,,,1,100,6,irregular,en
22,asmākaṃ,.pron.,.1p.$.pl.$.dat.,amha,,,,,1,100,7,irregular,en
23,asmākaṃ,.pron.,.1p.$.pl.$.gen.,amha,,,,,1,100,7,irregular,en
24,asmāsu,.pron.,.1p.$.pl.$.loc.,amha,,,,,1,100,6,irregular,en
25,asme,.pron.,.1p.$.pl.$.acc.,amha,,,,,1,100,4,irregular,en
26,maṃ,.pron.,.1p.$.sg.$.acc.,amha,,,,,1,100,3,irregular,en
27,mama,.pron.,.1p.$.sg.$.dat.,amha,,,,,1,100,4,irregular,en
28,mama,.pron.,.1p.$.sg.$.gen.,amha,,,,,1,100,4,irregular,en
29,mamaṃ,.pron.,.1p.$.sg.$.acc.,amha,,,,,1,100,5,irregular,en
30,mamaṃ,.pron.,.1p.$.sg.$.dat.,amha,,,,,1,100,5,irregular,en
31,mamaṃ,.pron.,.1p.$.sg.$.gen.,amha,,,,,1,100,5,irregular,en
32,mayā,.pron.,.1p.$.sg.$.abl.,amha,,,,,1,100,4,irregular,en
33,mayā,.pron.,.1p.$.sg.$.inst.,amha,,,,,1,100,4,irregular,en
34,mayaṃ,.pron.,.1p.$.pl.$.nom.,amha,,,,,1,100,5,irregular,en
35,mayhaṃ,.pron.,.1p.$.sg.$.dat.,amha,,,,,1,100,6,irregular,en
36,mayhaṃ,.pron.,.1p.$.sg.$.gen.,amha,,,,,1,100,6,irregular,en
37,mayi,.pron.,.1p.$.sg.$.loc.,amha,,,,,1,100,4,irregular,en
38,me,.pron.,.1p.$.sg.$.dat.,amha,,,,,1,100,2,irregular,en
39,me,.pron.,.1p.$.sg.$.gen.,amha,,,,,1,100,2,irregular,en
40,me,.pron.,.1p.$.sg.$.inst.,amha,,,,,1,100,2,irregular,en
41,arahā,.n.,.m.$.sg.$.nom.,arahant,,,,,1,100,5,irregular,en
42,arahaṃ,.n.,.m.$.sg.$.nom.,arahant,,,,,1,100,6,irregular,en
43,arahantaṃ,.n.,.m.$.sg.$.acc.,arahant,,,,,1,100,9,irregular,en
44,arahantamhi,.n.,.m.$.sg.$.loc.,arahant,,,,,1,100,11,irregular,en
45,arahantānaṃ.,.n.,.m.$.pl.$.gen.,arahant,,,,,1,100,12,irregular,en
46,arahantī,.n.,.f.$.sg.$.nom.,arahant,婀拉嫨,,arahanta+[ī],,1,100,8,irregular,zh-hans
47,arahanto,.n.,.m.$.pl.$.nom.,arahant,,,,,1,100,8,irregular,en
48,arahatā,.n.,.m.$.sg.$.inst.,arahant,,,,,1,100,7,irregular,en
49,arahatā,.n.,.m.$.sg.$.abl.,arahant,,,,,1,100,7,irregular,en
50,arahataṃ,.n.,.m.$.pl.$.gen.,arahant,,,,,1,100,8,irregular,en
51,arahati,.n.,.m.$.sg.$.loc.,arahant,,,,,1,100,7,irregular,en
52,arahati,.n.,.f.$.sg.$.nom.,arahant,婀拉嫨,,arahanta+[i],,1,100,7,irregular,zh-hans
53,arahato,.n.,.m.$.sg.$.dat.,arahant,,,,,1,100,7,irregular,en
54,arahato,.n.,.m.$.sg.$.gen.,arahant,,,,,1,100,7,irregular,en
55,asu,.pron:base.,,,某某$那样,,,,1,100,3,Kosalla_China,zh-hans
56,asu,.pron:base.,,,such and such,,,,1,100,3,Kosalla_China,en
57,amu,.pron:base.,,,某某$那样,,,,1,100,3,Kosalla_China,zh-hans
58,amu,.pron:base.,,,such and such,,,,1,100,3,Kosalla_China,en
59,aduṃ,.pron.,.nt.$.sg.$.acc.,asu,,,,,1,100,4,irregular,en
60,aduṃ,.pron.,.nt.$.sg.$.nom.,asu,,,,,1,100,4,irregular,en
61,adussa,.pron.,.m.$.sg.$.dat.,asu,,,,,1,100,6,irregular,en
62,adussa,.pron.,.nt.$.sg.$.dat.,asu,,,,,1,100,6,irregular,en
63,adussa,.pron.,.m.$.sg.$.gen.,asu,,,,,1,100,6,irregular,en
64,adussa,.pron.,.nt.$.sg.$.gen.,asu,,,,,1,100,6,irregular,en
65,amu,.pron.,.m.$.sg.$.nom.,asu,,,,,1,100,3,irregular,en
66,amū,.pron.,.f.$.pl.$.acc.,asu,,,,,1,100,3,irregular,en
67,amū,.pron.,.m.$.pl.$.acc.,asu,,,,,1,100,3,irregular,en
68,amū,.pron.,.nt.$.pl.$.acc.,asu,,,,,1,100,3,irregular,en
69,amū,.pron.,.f.$.pl.$.nom.,asu,,,,,1,100,3,irregular,en
70,amū,.pron.,.m.$.pl.$.nom.,asu,,,,,1,100,3,irregular,en
71,amū,.pron.,.nt.$.pl.$.nom.,asu,,,,,1,100,3,irregular,en
72,amūbhi,.pron.,.f.$.pl.$.abl.,asu,,,,,1,100,6,irregular,en
73,amūbhi,.pron.,.m.$.pl.$.abl.,asu,,,,,1,100,6,irregular,en
74,amūbhi,.pron.,.nt.$.pl.$.abl.,asu,,,,,1,100,6,irregular,en
75,amūbhi,.pron.,.f.$.pl.$.inst.,asu,,,,,1,100,6,irregular,en
76,amūbhi,.pron.,.m.$.pl.$.inst.,asu,,,,,1,100,6,irregular,en
77,amūbhi,.pron.,.nt.$.pl.$.inst.,asu,,,,,1,100,6,irregular,en
78,amūhi,.pron.,.f.$.pl.$.abl.,asu,,,,,1,100,5,irregular,en
79,amūhi,.pron.,.m.$.pl.$.abl.,asu,,,,,1,100,5,irregular,en
80,amūhi,.pron.,.nt.$.pl.$.abl.,asu,,,,,1,100,5,irregular,en
81,amūhi,.pron.,.f.$.pl.$.inst.,asu,,,,,1,100,5,irregular,en
82,amūhi,.pron.,.m.$.pl.$.inst.,asu,,,,,1,100,5,irregular,en
83,amūhi,.pron.,.nt.$.pl.$.inst.,asu,,,,,1,100,5,irregular,en
84,amuṃ,.pron.,.f.$.sg.$.acc.,asu,,,,,1,100,4,irregular,en
85,amuṃ,.pron.,.m.$.sg.$.acc.,asu,,,,,1,100,4,irregular,en
86,amuṃ,.pron.,.nt.$.sg.$.acc.,asu,,,,,1,100,4,irregular,en
87,amumhā,.pron.,.m.$.sg.$.abl.,asu,,,,,1,100,6,irregular,en
88,amumhā,.pron.,.nt.$.sg.$.abl.,asu,,,,,1,100,6,irregular,en
89,amumhi,.pron.,.m.$.sg.$.loc.,asu,,,,,1,100,6,irregular,en
90,amumhi,.pron.,.nt.$.sg.$.loc.,asu,,,,,1,100,6,irregular,en
91,amunā,.pron.,.m.$.sg.$.inst.,asu,,,,,1,100,5,irregular,en
92,amunā,.pron.,.nt.$.sg.$.inst.,asu,,,,,1,100,5,irregular,en
93,amūni,.pron.,.nt.$.pl.$.acc.,asu,,,,,1,100,5,irregular,en
94,amūni,.pron.,.nt.$.pl.$.nom.,asu,,,,,1,100,5,irregular,en
95,amūsaṃ,.pron.,.f.$.pl.$.dat.,asu,,,,,1,100,6,irregular,en
96,amūsaṃ,.pron.,.m.$.pl.$.dat.,asu,,,,,1,100,6,irregular,en
97,amūsaṃ,.pron.,.nt.$.pl.$.dat.,asu,,,,,1,100,6,irregular,en
98,amūsaṃ,.pron.,.f.$.pl.$.gen.,asu,,,,,1,100,6,irregular,en
99,amūsaṃ,.pron.,.m.$.pl.$.gen.,asu,,,,,1,100,6,irregular,en
100,amūsaṃ,.pron.,.nt.$.pl.$.gen.,asu,,,,,1,100,6,irregular,en
101,amūsānaṃ,.pron.,.f.$.pl.$.dat.,asu,,,,,1,100,8,irregular,en
102,amūsānaṃ,.pron.,.m.$.pl.$.dat.,asu,,,,,1,100,8,irregular,en
103,amūsānaṃ,.pron.,.nt.$.pl.$.dat.,asu,,,,,1,100,8,irregular,en
104,amūsānaṃ,.pron.,.f.$.pl.$.gen.,asu,,,,,1,100,8,irregular,en
105,amūsānaṃ,.pron.,.m.$.pl.$.gen.,asu,,,,,1,100,8,irregular,en
106,amūsānaṃ,.pron.,.nt.$.pl.$.gen.,asu,,,,,1,100,8,irregular,en
107,amusmā,.pron.,.m.$.sg.$.abl.,asu,,,,,1,100,6,irregular,en
108,amusmā,.pron.,.nt.$.sg.$.abl.,asu,,,,,1,100,6,irregular,en
109,amusmiṃ,.pron.,.m.$.sg.$.loc.,asu,,,,,1,100,7,irregular,en
110,amusmiṃ,.pron.,.nt.$.sg.$.loc.,asu,,,,,1,100,7,irregular,en
111,amussa,.pron.,.m.$.sg.$.dat.,asu,,,,,1,100,6,irregular,en
112,amussa,.pron.,.nt.$.sg.$.dat.,asu,,,,,1,100,6,irregular,en
113,amussa,.pron.,.m.$.sg.$.gen.,asu,,,,,1,100,6,irregular,en
114,amussa,.pron.,.nt.$.sg.$.gen.,asu,,,,,1,100,6,irregular,en
115,amussā,.pron.,.f.$.sg.$.dat.,asu,,,,,1,100,6,irregular,en
116,amussā,.pron.,.f.$.sg.$.gen.,asu,,,,,1,100,6,irregular,en
117,amussaṃ,.pron.,.f.$.sg.$.loc.,asu,,,,,1,100,7,irregular,en
118,amūsu,.pron.,.f.$.pl.$.loc.,asu,,,,,1,100,5,irregular,en
119,amūsu,.pron.,.m.$.pl.$.loc.,asu,,,,,1,100,5,irregular,en
120,amūsu,.pron.,.nt.$.pl.$.loc.,asu,,,,,1,100,5,irregular,en
121,amuyā,.pron.,.f.$.sg.$.abl.,asu,,,,,1,100,5,irregular,en
122,amuyā,.pron.,.f.$.sg.$.dat.,asu,,,,,1,100,5,irregular,en
123,amuyā,.pron.,.f.$.sg.$.gen.,asu,,,,,1,100,5,irregular,en
124,amuyā,.pron.,.f.$.sg.$.inst.,asu,,,,,1,100,5,irregular,en
125,amuyaṃ,.pron.,.f.$.sg.$.loc.,asu,,,,,1,100,6,irregular,en
126,amuyo,.pron.,.f.$.pl.$.acc.,asu,,,,,1,100,5,irregular,en
127,amuyo,.pron.,.m.$.pl.$.acc.,asu,,,,,1,100,5,irregular,en
128,amuyo,.pron.,.f.$.pl.$.nom.,asu,,,,,1,100,5,irregular,en
129,amuyo,.pron.,.m.$.pl.$.nom.,asu,,,,,1,100,5,irregular,en
130,asu,.pron.,.f.$.sg.$.nom.,asu,,,,,1,100,3,irregular,en
131,asu,.pron.,.m.$.sg.$.nom.,asu,,,,,1,100,3,irregular,en
132,aduṃ,.pron.,.nt.$.sg.$.acc.,amu,,,,,1,100,4,irregular,en
133,aduṃ,.pron.,.nt.$.sg.$.nom.,amu,,,,,1,100,4,irregular,en
134,adussa,.pron.,.m.$.sg.$.dat.,amu,,,,,1,100,6,irregular,en
135,adussa,.pron.,.nt.$.sg.$.dat.,amu,,,,,1,100,6,irregular,en
136,adussa,.pron.,.m.$.sg.$.gen.,amu,,,,,1,100,6,irregular,en
137,adussa,.pron.,.nt.$.sg.$.gen.,amu,,,,,1,100,6,irregular,en
138,amu,.pron.,.m.$.sg.$.nom.,amu,,,,,1,100,3,irregular,en
139,amū,.pron.,.f.$.pl.$.acc.,amu,,,,,1,100,3,irregular,en
140,amū,.pron.,.m.$.pl.$.acc.,amu,,,,,1,100,3,irregular,en
141,amū,.pron.,.nt.$.pl.$.acc.,amu,,,,,1,100,3,irregular,en
142,amū,.pron.,.f.$.pl.$.nom.,amu,,,,,1,100,3,irregular,en
143,amū,.pron.,.m.$.pl.$.nom.,amu,,,,,1,100,3,irregular,en
144,amū,.pron.,.nt.$.pl.$.nom.,amu,,,,,1,100,3,irregular,en
145,amūbhi,.pron.,.f.$.pl.$.abl.,amu,,,,,1,100,6,irregular,en
146,amūbhi,.pron.,.m.$.pl.$.abl.,amu,,,,,1,100,6,irregular,en
147,amūbhi,.pron.,.nt.$.pl.$.abl.,amu,,,,,1,100,6,irregular,en
148,amūbhi,.pron.,.f.$.pl.$.inst.,amu,,,,,1,100,6,irregular,en
149,amūbhi,.pron.,.m.$.pl.$.inst.,amu,,,,,1,100,6,irregular,en
150,amūbhi,.pron.,.nt.$.pl.$.inst.,amu,,,,,1,100,6,irregular,en
151,amūhi,.pron.,.f.$.pl.$.abl.,amu,,,,,1,100,5,irregular,en
152,amūhi,.pron.,.m.$.pl.$.abl.,amu,,,,,1,100,5,irregular,en
153,amūhi,.pron.,.nt.$.pl.$.abl.,amu,,,,,1,100,5,irregular,en
154,amūhi,.pron.,.f.$.pl.$.inst.,amu,,,,,1,100,5,irregular,en
155,amūhi,.pron.,.m.$.pl.$.inst.,amu,,,,,1,100,5,irregular,en
156,amūhi,.pron.,.nt.$.pl.$.inst.,amu,,,,,1,100,5,irregular,en
157,amuṃ,.pron.,.f.$.sg.$.acc.,amu,,,,,1,100,4,irregular,en
158,amuṃ,.pron.,.m.$.sg.$.acc.,amu,,,,,1,100,4,irregular,en
159,amuṃ,.pron.,.nt.$.sg.$.acc.,amu,,,,,1,100,4,irregular,en
160,amumhā,.pron.,.m.$.sg.$.abl.,amu,,,,,1,100,6,irregular,en
161,amumhā,.pron.,.nt.$.sg.$.abl.,amu,,,,,1,100,6,irregular,en
162,amumhi,.pron.,.m.$.sg.$.loc.,amu,,,,,1,100,6,irregular,en
163,amumhi,.pron.,.nt.$.sg.$.loc.,amu,,,,,1,100,6,irregular,en
164,amunā,.pron.,.m.$.sg.$.inst.,amu,,,,,1,100,5,irregular,en
165,amunā,.pron.,.nt.$.sg.$.inst.,amu,,,,,1,100,5,irregular,en
166,amūni,.pron.,.nt.$.pl.$.acc.,amu,,,,,1,100,5,irregular,en
167,amūni,.pron.,.nt.$.pl.$.nom.,amu,,,,,1,100,5,irregular,en
168,amūsaṃ,.pron.,.f.$.pl.$.dat.,amu,,,,,1,100,6,irregular,en
169,amūsaṃ,.pron.,.m.$.pl.$.dat.,amu,,,,,1,100,6,irregular,en
170,amūsaṃ,.pron.,.nt.$.pl.$.dat.,amu,,,,,1,100,6,irregular,en
171,amūsaṃ,.pron.,.f.$.pl.$.gen.,amu,,,,,1,100,6,irregular,en
172,amūsaṃ,.pron.,.m.$.pl.$.gen.,amu,,,,,1,100,6,irregular,en
173,amūsaṃ,.pron.,.nt.$.pl.$.gen.,amu,,,,,1,100,6,irregular,en
174,amūsānaṃ,.pron.,.f.$.pl.$.dat.,amu,,,,,1,100,8,irregular,en
175,amūsānaṃ,.pron.,.m.$.pl.$.dat.,amu,,,,,1,100,8,irregular,en
176,amūsānaṃ,.pron.,.nt.$.pl.$.dat.,amu,,,,,1,100,8,irregular,en
177,amūsānaṃ,.pron.,.f.$.pl.$.gen.,amu,,,,,1,100,8,irregular,en
178,amūsānaṃ,.pron.,.m.$.pl.$.gen.,amu,,,,,1,100,8,irregular,en
179,amūsānaṃ,.pron.,.nt.$.pl.$.gen.,amu,,,,,1,100,8,irregular,en
180,amusmā,.pron.,.m.$.sg.$.abl.,amu,,,,,1,100,6,irregular,en
181,amusmā,.pron.,.nt.$.sg.$.abl.,amu,,,,,1,100,6,irregular,en
182,amusmiṃ,.pron.,.m.$.sg.$.loc.,amu,,,,,1,100,7,irregular,en
183,amusmiṃ,.pron.,.nt.$.sg.$.loc.,amu,,,,,1,100,7,irregular,en
184,amussa,.pron.,.m.$.sg.$.dat.,amu,,,,,1,100,6,irregular,en
185,amussa,.pron.,.nt.$.sg.$.dat.,amu,,,,,1,100,6,irregular,en
186,amussa,.pron.,.m.$.sg.$.gen.,amu,,,,,1,100,6,irregular,en
187,amussa,.pron.,.nt.$.sg.$.gen.,amu,,,,,1,100,6,irregular,en
188,amussā,.pron.,.f.$.sg.$.dat.,amu,,,,,1,100,6,irregular,en
189,amussā,.pron.,.f.$.sg.$.gen.,amu,,,,,1,100,6,irregular,en
190,amussaṃ,.pron.,.f.$.sg.$.loc.,amu,,,,,1,100,7,irregular,en
191,amūsu,.pron.,.f.$.pl.$.loc.,amu,,,,,1,100,5,irregular,en
192,amūsu,.pron.,.m.$.pl.$.loc.,amu,,,,,1,100,5,irregular,en
193,amūsu,.pron.,.nt.$.pl.$.loc.,amu,,,,,1,100,5,irregular,en
194,amuyā,.pron.,.f.$.sg.$.abl.,amu,,,,,1,100,5,irregular,en
195,amuyā,.pron.,.f.$.sg.$.dat.,amu,,,,,1,100,5,irregular,en
196,amuyā,.pron.,.f.$.sg.$.gen.,amu,,,,,1,100,5,irregular,en
197,amuyā,.pron.,.f.$.sg.$.inst.,amu,,,,,1,100,5,irregular,en
198,amuyaṃ,.pron.,.f.$.sg.$.loc.,amu,,,,,1,100,6,irregular,en
199,amuyo,.pron.,.f.$.pl.$.acc.,amu,,,,,1,100,5,irregular,en
200,amuyo,.pron.,.m.$.pl.$.acc.,amu,,,,,1,100,5,irregular,en
201,amuyo,.pron.,.f.$.pl.$.nom.,amu,,,,,1,100,5,irregular,en
202,amuyo,.pron.,.m.$.pl.$.nom.,amu,,,,,1,100,5,irregular,en
203,asu,.pron.,.f.$.sg.$.nom.,amu,,,,,1,100,3,irregular,en
204,asu,.pron.,.m.$.sg.$.nom.,amu,,,,,1,100,3,irregular,en
205,ima,.pron:base.,,,此$这,,,,1,100,3,Kosalla_China,zh-hans
206,ima,.pron:base.,,,this,,,,1,100,3,Kosalla_China,en
207,aminā,.pron.,.nt.$.sg.$.inst.,ima,,,,,1,100,5,irregular,en
208,anena,.pron.,.m.$.sg.$.inst.,ima,,,,,1,100,5,irregular,en
209,anena,.pron.,.nt.$.sg.$.inst.,ima,,,,,1,100,5,irregular,en
210,āsaṃ,.pron.,.f.$.pl.$.dat.,ima,,,,,1,100,4,irregular,en
211,āsaṃ,.pron.,.f.$.pl.$.gen.,ima,,,,,1,100,4,irregular,en
212,asmā,.pron.,.m.$.sg.$.abl.,ima,,,,,1,100,4,irregular,en
213,asmā,.pron.,.nt.$.sg.$.abl.,ima,,,,,1,100,4,irregular,en
214,asmiṃ,.pron.,.m.$.sg.$.loc.,ima,,,,,1,100,5,irregular,en
215,asmiṃ,.pron.,.nt.$.sg.$.loc.,ima,,,,,1,100,5,irregular,en
216,assa,.pron.,.m.$.sg.$.dat.,ima,,,,,1,100,4,irregular,en
217,assa,.pron.,.nt.$.sg.$.dat.,ima,,,,,1,100,4,irregular,en
218,assa,.pron.,.m.$.sg.$.gen.,ima,,,,,1,100,4,irregular,en
219,assa,.pron.,.nt.$.sg.$.gen.,ima,,,,,1,100,4,irregular,en
220,assā,.pron.,.f.$.sg.$.dat.,ima,,,,,1,100,4,irregular,en
221,assā,.pron.,.f.$.sg.$.gen.,ima,,,,,1,100,4,irregular,en
222,assaṃ,.pron.,.f.$.sg.$.loc.,ima,,,,,1,100,5,irregular,en
223,assāya,.pron.,.f.$.sg.$.dat.,ima,,,,,1,100,6,irregular,en
224,assāya,.pron.,.f.$.sg.$.gen.,ima,,,,,1,100,6,irregular,en
225,ayaṃ,.pron.,.f.$.sg.$.nom.,ima,,,,,1,100,4,irregular,en
226,ayaṃ,.pron.,.m.$.sg.$.nom.,ima,,,,,1,100,4,irregular,en
227,ebhi,.pron.,.m.$.pl.$.abl.,ima,,,,,1,100,4,irregular,en
228,ebhi,.pron.,.nt.$.pl.$.abl.,ima,,,,,1,100,4,irregular,en
229,ebhi,.pron.,.m.$.pl.$.inst.,ima,,,,,1,100,4,irregular,en
230,ebhi,.pron.,.nt.$.pl.$.inst.,ima,,,,,1,100,4,irregular,en
231,ehi,.pron.,.m.$.pl.$.abl.,ima,,,,,1,100,3,irregular,en
232,ehi,.pron.,.nt.$.pl.$.abl.,ima,,,,,1,100,3,irregular,en
233,ehi,.pron.,.m.$.pl.$.inst.,ima,,,,,1,100,3,irregular,en
234,ehi,.pron.,.nt.$.pl.$.inst.,ima,,,,,1,100,3,irregular,en
235,esaṃ,.pron.,.m.$.pl.$.dat.,ima,,,,,1,100,4,irregular,en
236,esaṃ,.pron.,.nt.$.pl.$.dat.,ima,,,,,1,100,4,irregular,en
237,esaṃ,.pron.,.m.$.pl.$.gen.,ima,,,,,1,100,4,irregular,en
238,esaṃ,.pron.,.nt.$.pl.$.gen.,ima,,,,,1,100,4,irregular,en
239,esānaṃ,.pron.,.m.$.pl.$.dat.,ima,,,,,1,100,6,irregular,en
240,esānaṃ,.pron.,.nt.$.pl.$.dat.,ima,,,,,1,100,6,irregular,en
241,esānaṃ,.pron.,.m.$.pl.$.gen.,ima,,,,,1,100,6,irregular,en
242,esānaṃ,.pron.,.nt.$.pl.$.gen.,ima,,,,,1,100,6,irregular,en
243,esu,.pron.,.m.$.pl.$.loc.,ima,,,,,1,100,3,irregular,en
244,esu,.pron.,.nt.$.pl.$.loc.,ima,,,,,1,100,3,irregular,en
245,idaṃ,.pron.,.nt.$.sg.$.acc.,ima,,,,,1,100,4,irregular,en
246,idaṃ,.pron.,.nt.$.sg.$.nom.,ima,,,,,1,100,4,irregular,en
247,imā,.pron.,.f.$.pl.$.acc.,ima,,,,,1,100,3,irregular,en
248,imā,.pron.,.f.$.pl.$.nom.,ima,,,,,1,100,3,irregular,en
249,imābhi,.pron.,.f.$.pl.$.abl.,ima,,,,,1,100,6,irregular,en
250,imābhi,.pron.,.f.$.pl.$.inst.,ima,,,,,1,100,6,irregular,en
251,imāhi,.pron.,.f.$.pl.$.abl.,ima,,,,,1,100,5,irregular,en
252,imāhi,.pron.,.f.$.pl.$.inst.,ima,,,,,1,100,5,irregular,en
253,imaṃ,.pron.,.f.$.sg.$.acc.,ima,,,,,1,100,4,irregular,en
254,imaṃ,.pron.,.m.$.sg.$.acc.,ima,,,,,1,100,4,irregular,en
255,imaṃ,.pron.,.nt.$.sg.$.acc.,ima,,,,,1,100,4,irregular,en
256,imaṃ,.pron.,.nt.$.sg.$.nom.,ima,,,,,1,100,4,irregular,en
257,imamhā,.pron.,.m.$.sg.$.abl.,ima,,,,,1,100,6,irregular,en
258,imamhā,.pron.,.nt.$.sg.$.abl.,ima,,,,,1,100,6,irregular,en
259,imamhi,.pron.,.m.$.sg.$.loc.,ima,,,,,1,100,6,irregular,en
260,imamhi,.pron.,.nt.$.sg.$.loc.,ima,,,,,1,100,6,irregular,en
261,imāni,.pron.,.nt.$.pl.$.acc.,ima,,,,,1,100,5,irregular,en
262,imāni,.pron.,.nt.$.pl.$.nom.,ima,,,,,1,100,5,irregular,en
263,imāsaṃ,.pron.,.f.$.pl.$.dat.,ima,,,,,1,100,6,irregular,en
264,imāsaṃ,.pron.,.f.$.pl.$.gen.,ima,,,,,1,100,6,irregular,en
265,imāsaṃ,.pron.,.f.$.sg.$.loc.,ima,,,,,1,100,6,irregular,en
266,imāsānaṃ,.pron.,.f.$.pl.$.dat.,ima,,,,,1,100,8,irregular,en
267,imāsānaṃ,.pron.,.f.$.pl.$.gen.,ima,,,,,1,100,8,irregular,en
268,imasmā,.pron.,.m.$.sg.$.abl.,ima,,,,,1,100,6,irregular,en
269,imasmā,.pron.,.nt.$.sg.$.abl.,ima,,,,,1,100,6,irregular,en
270,imasmiṃ,.pron.,.m.$.sg.$.loc.,ima,,,,,1,100,7,irregular,en
271,imasmiṃ,.pron.,.nt.$.sg.$.loc.,ima,,,,,1,100,7,irregular,en
272,imassa,.pron.,.m.$.sg.$.dat.,ima,,,,,1,100,6,irregular,en
273,imassa,.pron.,.nt.$.sg.$.dat.,ima,,,,,1,100,6,irregular,en
274,imassa,.pron.,.m.$.sg.$.gen.,ima,,,,,1,100,6,irregular,en
275,imassa,.pron.,.nt.$.sg.$.gen.,ima,,,,,1,100,6,irregular,en
276,imassā,.pron.,.f.$.sg.$.dat.,ima,,,,,1,100,6,irregular,en
277,imāsu,.pron.,.f.$.pl.$.loc.,ima,,,,,1,100,5,irregular,en
278,imāya,.pron.,.f.$.sg.$.abl.,ima,,,,,1,100,5,irregular,en
279,imāya,.pron.,.f.$.sg.$.dat.,ima,,,,,1,100,5,irregular,en
280,imāya,.pron.,.f.$.sg.$.gen.,ima,,,,,1,100,5,irregular,en
281,imāya,.pron.,.f.$.sg.$.inst.,ima,,,,,1,100,5,irregular,en
282,imāyaṃ,.pron.,.f.$.sg.$.loc.,ima,,,,,1,100,6,irregular,en
283,imāyo,.pron.,.f.$.pl.$.acc.,ima,,,,,1,100,5,irregular,en
284,imāyo,.pron.,.f.$.pl.$.nom.,ima,,,,,1,100,5,irregular,en
285,ime,.pron.,.m.$.pl.$.acc.,ima,,,,,1,100,3,irregular,en
286,ime,.pron.,.m.$.pl.$.nom.,ima,,,,,1,100,3,irregular,en
287,imebhi,.pron.,.m.$.pl.$.abl.,ima,,,,,1,100,6,irregular,en
288,imebhi,.pron.,.nt.$.pl.$.abl.,ima,,,,,1,100,6,irregular,en
289,imebhi,.pron.,.m.$.pl.$.inst.,ima,,,,,1,100,6,irregular,en
290,imebhi,.pron.,.nt.$.pl.$.inst.,ima,,,,,1,100,6,irregular,en
291,imehi,.pron.,.m.$.pl.$.abl.,ima,,,,,1,100,5,irregular,en
292,imehi,.pron.,.nt.$.pl.$.abl.,ima,,,,,1,100,5,irregular,en
293,imehi,.pron.,.m.$.pl.$.inst.,ima,,,,,1,100,5,irregular,en
294,imehi,.pron.,.nt.$.pl.$.inst.,ima,,,,,1,100,5,irregular,en
295,imesaṃ,.pron.,.m.$.pl.$.dat.,ima,,,,,1,100,6,irregular,en
296,imesaṃ,.pron.,.nt.$.pl.$.dat.,ima,,,,,1,100,6,irregular,en
297,imesaṃ,.pron.,.m.$.pl.$.gen.,ima,,,,,1,100,6,irregular,en
298,imesaṃ,.pron.,.nt.$.pl.$.gen.,ima,,,,,1,100,6,irregular,en
299,imesānaṃ,.pron.,.m.$.pl.$.dat.,ima,,,,,1,100,8,irregular,en
300,imesānaṃ,.pron.,.nt.$.pl.$.dat.,ima,,,,,1,100,8,irregular,en
301,imesānaṃ,.pron.,.m.$.pl.$.gen.,ima,,,,,1,100,8,irregular,en
302,imesānaṃ,.pron.,.nt.$.pl.$.gen.,ima,,,,,1,100,8,irregular,en
303,imesu,.pron.,.m.$.pl.$.loc.,ima,,,,,1,100,5,irregular,en
304,imesu,.pron.,.nt.$.pl.$.loc.,ima,,,,,1,100,5,irregular,en
305,iminā,.pron.,.m.$.sg.$.inst.,ima,,,,,1,100,5,irregular,en
306,iminā,.pron.,.nt.$.sg.$.inst.,ima,,,,,1,100,5,irregular,en
307,imissa,.pron.,.m.$.sg.$.dat.,ima,,,,,1,100,6,irregular,en
308,imissa,.pron.,.m.$.sg.$.gen.,ima,,,,,1,100,6,irregular,en
309,imissā,.pron.,.f.$.sg.$.gen.,ima,,,,,1,100,6,irregular,en
310,imissā,.pron.,.f.$.sg.$.loc.,ima,,,,,1,100,6,irregular,en
311,imissaṃ,.pron.,.f.$.sg.$.loc.,ima,,,,,1,100,7,irregular,en
312,imissāya,.pron.,.f.$.sg.$.dat.,ima,,,,,1,100,8,irregular,en
313,imissāya,.pron.,.f.$.sg.$.gen.,ima,,,,,1,100,8,irregular,en
314,bhagava,.n.,.m.$.sg.$.voc.,bhagavant,,,,,1,100,7,irregular,en
315,bhagavā,.n.,.m.$.sg.$.nom.,bhagavant,,,,,1,100,7,irregular,en
316,bhagavaṃ,.n.,.m.$.sg.$.acc.,bhagavant,,,,,1,100,8,irregular,en
317,bhagavantaṃ,.n.,.m.$.sg.$.acc.,bhagavant,,,,,1,100,11,irregular,en
318,bhagavatā,.n.,.m.$.sg.$.inst.,bhagavant,,,,,1,100,9,irregular,en
319,bhagavatā,.n.,.m.$.sg.$.abl.,bhagavant,,,,,1,100,9,irregular,en
320,bhagavataṃ,.n.,.m.$.pl.$.gen.,bhagavant,,,,,1,100,10,irregular,en
321,bhagavati,.n.,.m.$.sg.$.loc.,bhagavant,,,,,1,100,9,irregular,en
322,bhagavato,.n.,.m.$.sg.$.dat.,bhagavant,,,,,1,100,9,irregular,en
323,bhagavato,.n.,.m.$.sg.$.gen.,bhagavant,,,,,1,100,9,irregular,en
324,bhavaṃ,.pron.,.m.$.sg.$.nom.,bhavant,,,,,1,100,6,irregular,en
325,bhavaṃ,.pron.,.m.$.sg.$.voc.,bhavant,,,,,1,100,6,irregular,en
326,bhavantaṃ,.pron.,.m.$.sg.$.acc.,bhavant,,,,,1,100,9,irregular,en
327,bhavante,.pron.,.m.$.pl.$.acc.,bhavant,,,,,1,100,8,irregular,en
328,bhavantehi,.pron.,.m.$.pl.$.inst.,bhavant,,,,,1,100,10,irregular,en
329,bhavantī,.pron.,.f.$.sg.$.nom.,bhavant,,,,,1,100,8,irregular,en
330,bhavanto,.pron.,.m.$.pl.$.nom.,bhavant,,,,,1,100,8,irregular,en
331,bhavanto,.pron.,.m.$.pl.$.voc.,bhavant,,,,,1,100,8,irregular,en
332,bhavataṃ,.pron.,.m.$.pl.$.gen.,bhavant,,,,,1,100,8,irregular,en
333,bhavatī,.pron.,.f.$.sg.$.nom.,bhavant,,,,,1,100,7,irregular,en
334,bho,.pron.,.m.$.sg.$.voc.,bhavant,,,,,1,100,3,irregular,en
335,bhonto,.pron.,.m.$.pl.$.nom.,bhavant,,,,,1,100,6,irregular,en
336,bhonto,.pron.,.m.$.pl.$.voc.,bhavant,,,,,1,100,6,irregular,en
337,bhotā,.pron.,.m.$.sg.$.inst.,bhavant,,,,,1,100,5,irregular,en
338,bhoti,.pron.,.f.$.sg.$.voc.,bhavant,,,,,1,100,5,irregular,en
339,bhotī,.pron.,.f.$.sg.$.nom.,bhavant,,,,,1,100,5,irregular,en
340,bhotiṃ,.pron.,.f.$.sg.$.acc.,bhavant,,,,,1,100,6,irregular,en
341,bhotiyā,.pron.,.f.$.sg.$.loc.,bhavant,,,,,1,100,7,irregular,en
342,bhotiyo,.pron.,.f.$.pl.$.nom.,bhavant,,,,,1,100,7,irregular,en
343,bhotiyo,.pron.,.f.$.pl.$.voc.,bhavant,,,,,1,100,7,irregular,en
344,bhoto,.pron.,.m.$.sg.$.gen.,bhavant,,,,,1,100,5,irregular,en
345,bhikkhave,.n.,.m.$.pl.$.voc.,bhikkhu,,,,,1,100,9,irregular,en
346,bhikkhavo,.n.,.m.$.pl.$.nom.,bhikkhu,,,,,1,100,9,irregular,en
347,bhikkhavo,.n.,.m.$.pl.$.voc.,bhikkhu,,,,,1,100,9,irregular,en
348,bhikkhu,.n.,.m.$.sg.$.nom.,bhikkhu,,,,,1,100,7,irregular,en
349,bhikkhu,.n.,.m.$.sg.$.voc.,bhikkhu,,,,,1,100,7,irregular,en
350,bhikkhū,.n.,.m.$.pl.$.nom.,bhikkhu,,,,,1,100,7,irregular,en
351,bhikkhūhi,.n.,.m.$.pl.$.inst.,bhikkhu,,,,,1,100,9,irregular,en
352,bhikkhuṃ,.n.,.m.$.sg.$.acc.,bhikkhu,,,,,1,100,8,irregular,en
353,bhikkhunā,.n.,.m.$.sg.$.inst.,bhikkhu,,,,,1,100,9,irregular,en
354,bhikkhunaṃ,.n.,.m.$.sg.$.acc.,bhikkhu,,,,,1,100,10,irregular,en
355,bhikkhunaṃ,.n.,.m.$.pl.$.dat.,bhikkhu,,,,,1,100,10,irregular,en
356,bhikkhunaṃ,.n.,.m.$.pl.$.gen.,bhikkhu,,,,,1,100,10,irregular,en
357,bhikkhūnaṃ,.n.,.m.$.pl.$.dat.,bhikkhu,,,,,1,100,10,irregular,en
358,bhikkhūnaṃ,.n.,.m.$.pl.$.gen.,bhikkhu,,,,,1,100,10,irregular,en
359,bhikkhuno,.n.,.m.$.sg.$.dat.,bhikkhu,,,,,1,100,9,irregular,en
360,bhikkhuno,.n.,.m.$.sg.$.gen.,bhikkhu,,,,,1,100,9,irregular,en
361,bhikkhussa,.n.,.m.$.sg.$.dat.,bhikkhu,,,,,1,100,10,irregular,en
362,bhikkhussa,.n.,.m.$.sg.$.dat.,bhikkhu,,,,,1,100,10,irregular,en
363,bhikkhussa,.n.,.m.$.sg.$.gen.,bhikkhu,,,,,1,100,10,irregular,en
364,bhikkhusu,.n.,.m.$.pl.$.loc.,bhikkhu,,,,,1,100,9,irregular,en
365,bhikkhūsu,.n.,.m.$.pl.$.loc.,bhikkhu,,,,,1,100,9,irregular,en
366,brahmā,.n.,.m.$.sg.$.nom.,brahma,,,,,1,100,6,irregular,en
367,brahmā,.n.,.m.$.pl.$.nom.,brahma,,,,,1,100,6,irregular,en
368,brahmaṃ,.n.,.m.$.sg.$.nom.,brahma,,,,,1,100,7,irregular,en
369,brahmaṃ,.n.,.m.$.sg.$.acc.,brahma,,,,,1,100,7,irregular,en
370,brahmanā,.n.,.m.$.sg.$.inst.,brahma,,,,,1,100,8,irregular,en
371,brahmanā,.n.,.m.$.sg.$.abl.,brahma,,,,,1,100,8,irregular,en
372,brahmāna,.n.,.m.$.pl.$.nom.,brahma,,,,,1,100,8,irregular,en
373,brahmānaṃ,.n.,.m.$.sg.$.acc.,brahma,,,,,1,100,9,irregular,en
374,brahmānaṃ,.n.,.m.$.pl.$.gen.,brahma,,,,,1,100,9,irregular,en
375,brahmāse,.n.,.m.$.pl.$.nom.,brahma,,,,,1,100,8,irregular,en
376,brahme,.n.,.m.$.sg.$.voc.,brahma,,,,,1,100,6,irregular,en
377,brahmunā,.n.,.m.$.sg.$.inst.,brahma,,,,,1,100,8,irregular,en
378,brahmunā,.n.,.m.$.sg.$.abl.,brahma,,,,,1,100,8,irregular,en
379,brahmuno,.n.,.m.$.sg.$.dat.,brahma,,,,,1,100,8,irregular,en
380,brahmuno,.n.,.m.$.sg.$.gen.,brahma,,,,,1,100,8,irregular,en
381,catassannaṃ,.num.,.dat.,catu,,,,,1,100,11,irregular,en
382,catassannaṃ,.num.,.f.$.dat.,catu,,,,,1,100,11,irregular,en
383,catassannaṃ,.num.,.gen.,catu,,,,,1,100,11,irregular,en
384,catassannaṃ,.num.,.f.$.gen.,catu,,,,,1,100,11,irregular,en
385,catasso,.num.,.f.$.nom.,catu,,,,,1,100,7,irregular,en
386,catasso,.num.,.f.$.acc.,catu,,,,,1,100,7,irregular,en
387,cattāri,.num.,.nom.,catu,,,,,1,100,7,irregular,en
388,cattāri,.num.,.acc.,catu,,,,,1,100,7,irregular,en
389,cattāro,.num.,.m.$.nom.,catu,,,,,1,100,7,irregular,en
390,cattāro,.num.,.m.$.acc.,catu,,,,,1,100,7,irregular,en
391,catūbhi,.num.,.m.$.inst.,catu,,,,,1,100,7,irregular,en
392,catūbhi,.num.,.inst.,catu,,,,,1,100,7,irregular,en
393,catūbhi,.num.,.f.$.inst.,catu,,,,,1,100,7,irregular,en
394,catūbhi,.num.,.m.$.abl.,catu,,,,,1,100,7,irregular,en
395,catūbhi,.num.,.abl.,catu,,,,,1,100,7,irregular,en
396,catūbhi,.num.,.f.$.abl.,catu,,,,,1,100,7,irregular,en
397,catuhi,.num.,.m.$.inst.,catu,,,,,1,100,6,irregular,en
398,catuhi,.num.,.inst.,catu,,,,,1,100,6,irregular,en
399,catuhi,.num.,.f.$.inst.,catu,,,,,1,100,6,irregular,en
400,catuhi,.num.,.m.$.abl.,catu,,,,,1,100,6,irregular,en
401,catuhi,.num.,.abl.,catu,,,,,1,100,6,irregular,en
402,catuhi,.num.,.f.$.abl.,catu,,,,,1,100,6,irregular,en
403,catūhi,.num.,.m.$.inst.,catu,,,,,1,100,6,irregular,en
404,catūhi,.num.,.inst.,catu,,,,,1,100,6,irregular,en
405,catūhi,.num.,.f.$.inst.,catu,,,,,1,100,6,irregular,en
406,catūhi,.num.,.m.$.abl.,catu,,,,,1,100,6,irregular,en
407,catūhi,.num.,.abl.,catu,,,,,1,100,6,irregular,en
408,catūhi,.num.,.f.$.abl.,catu,,,,,1,100,6,irregular,en
409,catunnaṃ,.num.,.m.$.dat.,catu,,,,,1,100,8,irregular,en
410,catunnaṃ,.num.,.m.$.gen.,catu,,,,,1,100,8,irregular,en
411,caturo,.num.,.m.$.nom.,catu,,,,,1,100,6,irregular,en
412,caturo,.num.,.m.$.acc.,catu,,,,,1,100,6,irregular,en
413,catusu,.num.,.m.$.loc.,catu,,,,,1,100,6,irregular,en
414,catusu,.num.,.loc.,catu,,,,,1,100,6,irregular,en
415,catusu,.num.,.f.$.loc.,catu,,,,,1,100,6,irregular,en
416,catūsu,.num.,.m.$.loc.,catu,,,,,1,100,6,irregular,en
417,catūsu,.num.,.loc.,catu,,,,,1,100,6,irregular,en
418,catūsu,.num.,.f.$.loc.,catu,,,,,1,100,6,irregular,en
419,eta,.pron:base.,,,其$他$她$它,,,,1,100,3,Kosalla_China,zh-hans
420,eta,.pron:base.,,,the one$he$she$it,,,,1,100,3,Kosalla_China,en
421,enaṃ,.pron.,.m.$.sg.$.acc.,eta,,,,,1,100,4,irregular,en
422,esa,.pron.,.m.$.sg.$.nom.,eta,,,,,1,100,3,irregular,en
423,esā,.pron.,.f.$.sg.$.nom.,eta,,,,,1,100,3,irregular,en
424,eso,.pron.,.m.$.sg.$.nom.,eta,,,,,1,100,3,irregular,en
425,etā,.pron.,.f.$.pl.$.acc.,eta,,,,,1,100,3,irregular,en
426,etā,.pron.,.f.$.pl.$.acc.,eta,,,,,1,100,3,irregular,en
427,etā,.pron.,.f.$.pl.$.nom.,eta,,,,,1,100,3,irregular,en
428,etābhi,.pron.,.f.$.pl.$.abl.,eta,,,,,1,100,6,irregular,en
429,etābhi,.pron.,.f.$.pl.$.inst.,eta,,,,,1,100,6,irregular,en
430,etad,.pron.,.nt.$.sg.$.acc.,eta,,,,,1,100,4,irregular,en
431,etad,.pron.,.nt.$.sg.$.nom.,eta,,,,,1,100,4,irregular,en
432,etāhi,.pron.,.f.$.pl.$.abl.,eta,,,,,1,100,5,irregular,en
433,etāhi,.pron.,.f.$.pl.$.inst.,eta,,,,,1,100,5,irregular,en
434,etaṃ,.pron.,.f.$.sg.$.acc.,eta,,,,,1,100,4,irregular,en
435,etaṃ,.pron.,.m.$.sg.$.acc.,eta,,,,,1,100,4,irregular,en
436,etaṃ,.pron.,.nt.$.sg.$.acc.,eta,,,,,1,100,4,irregular,en
437,etaṃ,.pron.,.nt.$.sg.$.nom.,eta,,,,,1,100,4,irregular,en
438,etamhā,.pron.,.m.$.sg.$.abl.,eta,,,,,1,100,6,irregular,en
439,etamhā,.pron.,.nt.$.sg.$.abl.,eta,,,,,1,100,6,irregular,en
440,etamhi,.pron.,.m.$.sg.$.loc.,eta,,,,,1,100,6,irregular,en
441,etamhi,.pron.,.nt.$.sg.$.loc.,eta,,,,,1,100,6,irregular,en
442,etāni,.pron.,.nt.$.pl.$.acc.,eta,,,,,1,100,5,irregular,en
443,etāni,.pron.,.nt.$.pl.$.nom.,eta,,,,,1,100,5,irregular,en
444,etāsaṃ,.pron.,.f.$.sg.$.loc.,eta,,,,,1,100,6,irregular,en
445,etasmā,.pron.,.m.$.sg.$.abl.,eta,,,,,1,100,6,irregular,en
446,etasmā,.pron.,.nt.$.sg.$.abl.,eta,,,,,1,100,6,irregular,en
447,etasmiṃ,.pron.,.m.$.sg.$.loc.,eta,,,,,1,100,7,irregular,en
448,etasmiṃ,.pron.,.nt.$.sg.$.loc.,eta,,,,,1,100,7,irregular,en
449,etassa,.pron.,.m.$.sg.$.dat.,eta,,,,,1,100,6,irregular,en
450,etassa,.pron.,.nt.$.sg.$.dat.,eta,,,,,1,100,6,irregular,en
451,etassa,.pron.,.m.$.sg.$.gen.,eta,,,,,1,100,6,irregular,en
452,etassa,.pron.,.nt.$.sg.$.gen.,eta,,,,,1,100,6,irregular,en
453,etassaṃ,.pron.,.f.$.sg.$.loc.,eta,,,,,1,100,7,irregular,en
454,etassāya,.pron.,.f.$.sg.$.dat.,eta,,,,,1,100,8,irregular,en
455,etassāya,.pron.,.f.$.sg.$.gen.,eta,,,,,1,100,8,irregular,en
456,etāsu,.pron.,.f.$.pl.$.loc.,eta,,,,,1,100,5,irregular,en
457,etāya,.pron.,.f.$.sg.$.abl.,eta,,,,,1,100,5,irregular,en
458,etāya,.pron.,.f.$.sg.$.inst.,eta,,,,,1,100,5,irregular,en
459,etāya,.pron.,.f.$.sg.$.loc.,eta,,,,,1,100,5,irregular,en
460,etāyaṃ,.pron.,.f.$.sg.$.loc.,eta,,,,,1,100,6,irregular,en
461,etāyo,.pron.,.f.$.pl.$.acc.,eta,,,,,1,100,5,irregular,en
462,etāyo,.pron.,.f.$.pl.$.nom.,eta,,,,,1,100,5,irregular,en
463,ete,.pron.,.m.$.pl.$.acc.,eta,,,,,1,100,3,irregular,en
464,ete,.pron.,.m.$.pl.$.nom.,eta,,,,,1,100,3,irregular,en
465,etebhi,.pron.,.m.$.pl.$.abl.,eta,,,,,1,100,6,irregular,en
466,etebhi,.pron.,.nt.$.pl.$.abl.,eta,,,,,1,100,6,irregular,en
467,etebhi,.pron.,.m.$.pl.$.inst.,eta,,,,,1,100,6,irregular,en
468,etebhi,.pron.,.nt.$.pl.$.inst.,eta,,,,,1,100,6,irregular,en
469,etehi,.pron.,.m.$.pl.$.abl.,eta,,,,,1,100,5,irregular,en
470,etehi,.pron.,.nt.$.pl.$.abl.,eta,,,,,1,100,5,irregular,en
471,etehi,.pron.,.m.$.pl.$.inst.,eta,,,,,1,100,5,irregular,en
472,etehi,.pron.,.nt.$.pl.$.inst.,eta,,,,,1,100,5,irregular,en
473,etena,.pron.,.m.$.sg.$.inst.,eta,,,,,1,100,5,irregular,en
474,etena,.pron.,.nt.$.sg.$.inst.,eta,,,,,1,100,5,irregular,en
475,etesaṃ,.pron.,.m.$.pl.$.dat.,eta,,,,,1,100,6,irregular,en
476,etesaṃ,.pron.,.nt.$.pl.$.dat.,eta,,,,,1,100,6,irregular,en
477,etesaṃ,.pron.,.m.$.pl.$.gen.,eta,,,,,1,100,6,irregular,en
478,etesaṃ,.pron.,.nt.$.pl.$.gen.,eta,,,,,1,100,6,irregular,en
479,etesānaṃ,.pron.,.m.$.pl.$.dat.,eta,,,,,1,100,8,irregular,en
480,etesānaṃ,.pron.,.nt.$.pl.$.dat.,eta,,,,,1,100,8,irregular,en
481,etesānaṃ,.pron.,.m.$.pl.$.gen.,eta,,,,,1,100,8,irregular,en
482,etesānaṃ,.pron.,.nt.$.pl.$.gen.,eta,,,,,1,100,8,irregular,en
483,etesu,.pron.,.m.$.pl.$.loc.,eta,,,,,1,100,5,irregular,en
484,etesu,.pron.,.nt.$.pl.$.loc.,eta,,,,,1,100,5,irregular,en
485,etissā,.pron.,.f.$.sg.$.dat.,eta,,,,,1,100,6,irregular,en
486,etissā,.pron.,.f.$.sg.$.dat.,eta,,,,,1,100,6,irregular,en
487,etissā,.pron.,.f.$.sg.$.gen.,eta,,,,,1,100,6,irregular,en
488,etissā,.pron.,.f.$.sg.$.gen.,eta,,,,,1,100,6,irregular,en
489,etissaṃ,.pron.,.f.$.sg.$.loc.,eta,,,,,1,100,7,irregular,en
490,go,.n:base.,,,牛,,,,1,100,2,Kosalla_China,zh-hans
491,go,.n:base.,,,bull$cow,,,,1,100,2,Kosalla_China,en
492,gavā,.n.,.m.$.sg.$.abl.,go,,,,,1,100,4,irregular,en
493,gavaṃ,.n.,.m.$.sg.$.acc.,go,,,,,1,100,5,irregular,en
494,gavaṃ,.n.,.m.$.pl.$.gen.,go,,,,,1,100,5,irregular,en
495,gāvaṃ,.n.,.m.$.sg.$.acc.,go,,,,,1,100,5,irregular,en
496,gavamhā,.n.,.m.$.sg.$.abl.,go,,,,,1,100,7,irregular,en
497,gavamhi,.n.,.m.$.sg.$.loc.,go,,,,,1,100,7,irregular,en
498,gāvamhi,.n.,.m.$.sg.$.loc.,go,,,,,1,100,7,irregular,en
499,gavassa,.n.,.m.$.sg.$.gen.,go,,,,,1,100,7,irregular,en
500,gave,.n.,.m.$.sg.$.loc.,go,,,,,1,100,4,irregular,en
501,gavena,.n.,.m.$.sg.$.inst.,go,,,,,1,100,6,irregular,en
502,gāvena,.n.,.m.$.sg.$.inst.,go,,,,,1,100,6,irregular,en
503,gavesu,.n.,.m.$.pl.$.loc.,go,,,,,1,100,6,irregular,en
504,gāvesu,.n.,.m.$.pl.$.loc.,go,,,,,1,100,6,irregular,en
505,gāvo,.n.,.m.$.pl.$.nom.,go,,,,,1,100,4,irregular,en
506,gāvo,.n.,.m.$.pl.$.acc.,go,,,,,1,100,4,irregular,en
507,go,.n.,.m.$.sg.$.nom.,go,,,,,1,100,2,irregular,en
508,gohi,.n.,.m.$.pl.$.inst.,go,,,,,1,100,4,irregular,en
509,gohi,.n.,.m.$.pl.$.abl.,go,,,,,1,100,4,irregular,en
510,gonaṃ,.n.,.m.$.pl.$.gen.,go,,,,,1,100,5,irregular,en
511,gosu,.n.,.m.$.pl.$.loc.,go,,,,,1,100,4,irregular,en
512,gunnaṃ,.n.,.m.$.pl.$.gen.,go,,,,,1,100,6,irregular,en
513,ka,.pron:base.,,,什么$何$谁$怎么$孰$啥,,,,1,100,2,Kosalla_China,zh-hans
514,ka,.pron:base.,,,what$who$how,,,,1,100,2,Kosalla_China,en
515,kā,.pron.,.f.$.pl.$.acc.,ka,,,,,1,100,2,irregular,en
516,kā,.pron.,.f.$.sg.$.nom.,ka,,,,,1,100,2,irregular,en
517,kā,.pron.,.f.$.pl.$.nom.,ka,,,,,1,100,2,irregular,en
518,kābhi,.pron.,.f.$.pl.$.abl.,ka,,,,,1,100,5,irregular,en
519,kābhi,.pron.,.f.$.pl.$.inst.,ka,,,,,1,100,5,irregular,en
520,kāhi,.pron.,.f.$.pl.$.abl.,ka,,,,,1,100,4,irregular,en
521,kāhi,.pron.,.f.$.pl.$.inst.,ka,,,,,1,100,4,irregular,en
522,kaṃ,.pron.,.f.$.sg.$.acc.,ka,,,,,1,100,3,irregular,en
523,kaṃ,.pron.,.m.$.sg.$.acc.,ka,,,,,1,100,3,irregular,en
524,kamhā,.pron.,.m.$.sg.$.abl.,ka,,,,,1,100,5,irregular,en
525,kamhā,.pron.,.nt.$.sg.$.abl.,ka,,,,,1,100,5,irregular,en
526,kamhi,.pron.,.m.$.sg.$.loc.,ka,,,,,1,100,5,irregular,en
527,kamhi,.pron.,.nt.$.sg.$.loc.,ka,,,,,1,100,5,irregular,en
528,kāni,.pron.,.nt.$.pl.$.acc.,ka,,,,,1,100,4,irregular,en
529,kāni,.pron.,.nt.$.pl.$.nom.,ka,,,,,1,100,4,irregular,en
530,kāsaṃ,.pron.,.f.$.pl.$.dat.,ka,,,,,1,100,5,irregular,en
531,kāsaṃ,.pron.,.f.$.pl.$.gen.,ka,,,,,1,100,5,irregular,en
532,kāsānaṃ,.pron.,.f.$.pl.$.dat.,ka,,,,,1,100,7,irregular,en
533,kāsānaṃ,.pron.,.f.$.pl.$.gen.,ka,,,,,1,100,7,irregular,en
534,kasmā,.pron.,.m.$.sg.$.abl.,ka,,,,,1,100,5,irregular,en
535,kasmā,.pron.,.nt.$.sg.$.abl.,ka,,,,,1,100,5,irregular,en
536,kasmiṃ,.pron.,.m.$.sg.$.loc.,ka,,,,,1,100,6,irregular,en
537,kasmiṃ,.pron.,.nt.$.sg.$.loc.,ka,,,,,1,100,6,irregular,en
538,kassa,.pron.,.m.$.sg.$.dat.,ka,,,,,1,100,5,irregular,en
539,kassa,.pron.,.nt.$.sg.$.dat.,ka,,,,,1,100,5,irregular,en
540,kassa,.pron.,.m.$.sg.$.gen.,ka,,,,,1,100,5,irregular,en
541,kassa,.pron.,.nt.$.sg.$.gen.,ka,,,,,1,100,5,irregular,en
542,kassā,.pron.,.f.$.sg.$.abl.,ka,,,,,1,100,5,irregular,en
543,kassā,.pron.,.f.$.sg.$.dat.,ka,,,,,1,100,5,irregular,en
544,kassā,.pron.,.f.$.sg.$.gen.,ka,,,,,1,100,5,irregular,en
545,kassā,.pron.,.f.$.sg.$.loc.,ka,,,,,1,100,5,irregular,en
546,kassaṃ,.pron.,.f.$.sg.$.loc.,ka,,,,,1,100,6,irregular,en
547,kāsu,.pron.,.f.$.pl.$.loc.,ka,,,,,1,100,4,irregular,en
548,katama,.pron.,.f.$.pl.$.loc.,ka,,,,,1,100,6,irregular,en
549,kāya,.pron.,.f.$.sg.$.abl.,ka,,,,,1,100,4,irregular,en
550,kāya,.pron.,.f.$.sg.$.dat.,ka,,,,,1,100,4,irregular,en
551,kāya,.pron.,.f.$.sg.$.gen.,ka,,,,,1,100,4,irregular,en
552,kāya,.pron.,.f.$.sg.$.inst.,ka,,,,,1,100,4,irregular,en
553,kāyaṃ,.pron.,.f.$.sg.$.loc.,ka,,,,,1,100,5,irregular,en
554,kāyo,.pron.,.f.$.pl.$.acc.,ka,,,,,1,100,4,irregular,en
555,kāyo,.pron.,.f.$.pl.$.nom.,ka,,,,,1,100,4,irregular,en
556,ke,.pron.,.m.$.pl.$.acc.,ka,,,,,1,100,2,irregular,en
557,ke,.pron.,.m.$.sg.$.nom.,ka,,,,,1,100,2,irregular,en
558,ke,.pron.,.m.$.pl.$.nom.,ka,,,,,1,100,2,irregular,en
559,kebhi,.pron.,.m.$.pl.$.abl.,ka,,,,,1,100,5,irregular,en
560,kebhi,.pron.,.nt.$.pl.$.abl.,ka,,,,,1,100,5,irregular,en
561,kebhi,.pron.,.m.$.pl.$.inst.,ka,,,,,1,100,5,irregular,en
562,kebhi,.pron.,.nt.$.pl.$.inst.,ka,,,,,1,100,5,irregular,en
563,kehi,.pron.,.m.$.pl.$.abl.,ka,,,,,1,100,4,irregular,en
564,kehi,.pron.,.nt.$.pl.$.abl.,ka,,,,,1,100,4,irregular,en
565,kehi,.pron.,.m.$.pl.$.inst.,ka,,,,,1,100,4,irregular,en
566,kehi,.pron.,.nt.$.pl.$.inst.,ka,,,,,1,100,4,irregular,en
567,kena,.pron.,.m.$.sg.$.inst.,ka,,,,,1,100,4,irregular,en
568,kena,.pron.,.nt.$.sg.$.inst.,ka,,,,,1,100,4,irregular,en
569,kesaṃ,.pron.,.m.$.pl.$.dat.,ka,,,,,1,100,5,irregular,en
570,kesaṃ,.pron.,.nt.$.pl.$.dat.,ka,,,,,1,100,5,irregular,en
571,kesaṃ,.pron.,.m.$.pl.$.gen.,ka,,,,,1,100,5,irregular,en
572,kesaṃ,.pron.,.nt.$.pl.$.gen.,ka,,,,,1,100,5,irregular,en
573,kesānaṃ,.pron.,.m.$.pl.$.dat.,ka,,,,,1,100,7,irregular,en
574,kesānaṃ,.pron.,.nt.$.pl.$.dat.,ka,,,,,1,100,7,irregular,en
575,kesānaṃ,.pron.,.m.$.pl.$.gen.,ka,,,,,1,100,7,irregular,en
576,kesānaṃ,.pron.,.nt.$.pl.$.gen.,ka,,,,,1,100,7,irregular,en
577,kesu,.pron.,.m.$.pl.$.loc.,ka,,,,,1,100,4,irregular,en
578,kesu,.pron.,.nt.$.pl.$.loc.,ka,,,,,1,100,4,irregular,en
579,kiṃ,.pron.,.nt.$.sg.$.acc.,ka,,,,,1,100,3,irregular,en
580,kiṃ,.pron.,.nt.$.sg.$.nom.,ka,,,,,1,100,3,irregular,en
581,kissa,.pron.,.m.$.sg.$.dat.,ka,,,,,1,100,5,irregular,en
582,kissa,.pron.,.nt.$.sg.$.dat.,ka,,,,,1,100,5,irregular,en
583,kissa,.pron.,.m.$.sg.$.gen.,ka,,,,,1,100,5,irregular,en
584,kissa,.pron.,.nt.$.sg.$.gen.,ka,,,,,1,100,5,irregular,en
585,ko,.pron.,.m.$.sg.$.nom.,ka,,,,,1,100,2,irregular,en
586,pitu,.n:base.,.m.,,父$父亲$爸爸$老爸$老豆,,,,1,100,4,Kosalla_China,zh-hans
587,pitu,.n:base.,.m.,,father$dad,,,,1,100,4,Kosalla_China,en
588,petyā,.n.,.m.$.sg.$.inst.,pitu,,,,,1,100,5,irregular,en
589,pita,.n.,.m.$.sg.$.voc.,pitu,,,,,1,100,4,irregular,en
590,pitā,.n.,.m.$.sg.$.nom.,pitu,,,,,1,100,4,irregular,en
591,pitā,.n.,.m.$.sg.$.voc.,pitu,,,,,1,100,4,irregular,en
592,pitānaṁ,.n.,.m.$.pl.$.dat.,pitu,,,,,1,100,7,irregular,en
593,pitānaṁ,.n.,.m.$.pl.$.gen.,pitu,,,,,1,100,7,irregular,en
594,pitarā,.n.,.m.$.sg.$.abl.,pitu,,,,,1,100,6,irregular,en
595,pitarā,.n.,.m.$.sg.$.inst.,pitu,,,,,1,100,6,irregular,en
596,pitaraṃ,.n.,.m.$.sg.$.acc.,pitu,,,,,1,100,7,irregular,en
597,pitarānaṁ,.n.,.m.$.pl.$.gen.,pitu,,,,,1,100,9,irregular,en
598,pitare,.n.,.m.$.pl.$.acc.,pitu,,,,,1,100,6,irregular,en
599,pitarebhi,.n.,.m.$.pl.$.abl.,pitu,,,,,1,100,9,irregular,en
600,pitarebhi,.n.,.m.$.pl.$.inst.,pitu,,,,,1,100,9,irregular,en
601,pitarehi,.n.,.m.$.pl.$.abl.,pitu,,,,,1,100,8,irregular,en
602,pitarehi,.n.,.m.$.pl.$.inst.,pitu,,,,,1,100,8,irregular,en
603,pitaresu,.n.,.m.$.pl.$.loc.,pitu,,,,,1,100,8,irregular,en
604,pitari,.n.,.m.$.sg.$.loc.,pitu,,,,,1,100,6,irregular,en
605,pitaro,.n.,.m.$.pl.$.acc.,pitu,,,,,1,100,6,irregular,en
606,pitaro,.n.,.m.$.pl.$.nom.,pitu,,,,,1,100,6,irregular,en
607,pitaro,.n.,.m.$.pl.$.voc.,pitu,,,,,1,100,6,irregular,en
608,pitito,.n.,.m.$.sg.$.abl.,pitu,,,,,1,100,6,irregular,en
609,pitu,.n.,.m.$.sg.$.dat.,pitu,,,,,1,100,4,irregular,en
610,pitu,.n.,.m.$.sg.$.gen.,pitu,,,,,1,100,4,irregular,en
611,pitū,.n.,.m.$.pl.$.acc.,pitu,,,,,1,100,4,irregular,en
612,pitūbhi,.n.,.m.$.pl.$.abl.,pitu,,,,,1,100,7,irregular,en
613,pitūbhi,.n.,.m.$.pl.$.inst.,pitu,,,,,1,100,7,irregular,en
614,pitūhi,.n.,.m.$.pl.$.abl.,pitu,,,,,1,100,6,irregular,en
615,pitūhi,.n.,.m.$.pl.$.inst.,pitu,,,,,1,100,6,irregular,en
616,pitunā,.n.,.m.$.sg.$.inst.,pitu,,,,,1,100,6,irregular,en
617,pitūnaṃ,.n.,.m.$.pl.$.dat.,pitu,,,,,1,100,7,irregular,en
618,pitūnaṃ,.n.,.m.$.pl.$.gen.,pitu,,,,,1,100,7,irregular,en
619,pitunnaṃ,.n.,.m.$.pl.$.dat.,pitu,,,,,1,100,8,irregular,en
620,pitunnaṃ,.n.,.m.$.pl.$.gen.,pitu,,,,,1,100,8,irregular,en
621,pituno,.n.,.m.$.sg.$.dat.,pitu,,,,,1,100,6,irregular,en
622,pituno,.n.,.m.$.sg.$.gen.,pitu,,,,,1,100,6,irregular,en
623,pitussa,.n.,.m.$.sg.$.dat.,pitu,,,,,1,100,7,irregular,en
624,pitussa,.n.,.m.$.sg.$.gen.,pitu,,,,,1,100,7,irregular,en
625,pitusu,.n.,.m.$.pl.$.loc.,pitu,,,,,1,100,6,irregular,en
626,pitūsu,.n.,.m.$.pl.$.loc.,pitu,,,,,1,100,6,irregular,en
627,sabba,.ti:base.,,,一切$全部$所有的,,,,1,100,5,Kosalla_China,zh-hans
628,sabba,.ti:base.,,,all$whole,,,,1,100,5,Kosalla_China,en
629,sabba,.ti.,.m.$.sg.$.voc.,sabba,,,,,1,100,5,irregular,en
630,sabba,.ti.,.nt.$.sg.$.voc.,sabba,,,,,1,100,5,irregular,en
631,sabbā,.ti.,.f.$.pl.$.acc.,sabba,,,,,1,100,5,irregular,en
632,sabbā,.ti.,.f.$.sg.$.nom.,sabba,,,,,1,100,5,irregular,en
633,sabbā,.ti.,.f.$.pl.$.nom.,sabba,,,,,1,100,5,irregular,en
634,sabbā,.ti.,.m.$.sg.$.voc.,sabba,,,,,1,100,5,irregular,en
635,sabbā,.ti.,.nt.$.sg.$.voc.,sabba,,,,,1,100,5,irregular,en
636,sabbābhi,.ti.,.f.$.pl.$.abl.,sabba,,,,,1,100,8,irregular,en
637,sabbābhi,.ti.,.f.$.pl.$.inst.,sabba,,,,,1,100,8,irregular,en
638,sabbāhi,.ti.,.f.$.pl.$.abl.,sabba,,,,,1,100,7,irregular,en
639,sabbāhi,.ti.,.f.$.pl.$.inst.,sabba,,,,,1,100,7,irregular,en
640,sabbaṃ,.ti.,.f.$.sg.$.acc.,sabba,,,,,1,100,6,irregular,en
641,sabbaṃ,.ti.,.m.$.sg.$.acc.,sabba,,,,,1,100,6,irregular,en
642,sabbaṃ,.ti.,.nt.$.sg.$.acc.,sabba,,,,,1,100,6,irregular,en
643,sabbaṃ,.ti.,.nt.$.sg.$.nom.,sabba,,,,,1,100,6,irregular,en
644,sabbamhā,.ti.,.m.$.sg.$.abl.,sabba,,,,,1,100,8,irregular,en
645,sabbamhā,.ti.,.nt.$.sg.$.abl.,sabba,,,,,1,100,8,irregular,en
646,sabbamhi,.ti.,.m.$.sg.$.loc.,sabba,,,,,1,100,8,irregular,en
647,sabbamhi,.ti.,.nt.$.sg.$.loc.,sabba,,,,,1,100,8,irregular,en
648,sabbāni,.ti.,.nt.$.pl.$.acc.,sabba,,,,,1,100,7,irregular,en
649,sabbāni,.ti.,.nt.$.pl.$.nom.,sabba,,,,,1,100,7,irregular,en
650,sabbāni,.ti.,.nt.$.pl.$.voc.,sabba,,,,,1,100,7,irregular,en
651,sabbāsaṃ,.ti.,.f.$.pl.$.dat.,sabba,,,,,1,100,8,irregular,en
652,sabbāsaṃ,.ti.,.f.$.pl.$.gen.,sabba,,,,,1,100,8,irregular,en
653,sabbāsānaṃ,.ti.,.f.$.pl.$.dat.,sabba,,,,,1,100,10,irregular,en
654,sabbāsānaṃ,.ti.,.f.$.pl.$.gen.,sabba,,,,,1,100,10,irregular,en
655,sabbasmā,.ti.,.m.$.sg.$.abl.,sabba,,,,,1,100,8,irregular,en
656,sabbasmā,.ti.,.nt.$.sg.$.abl.,sabba,,,,,1,100,8,irregular,en
657,sabbasmiṃ,.ti.,.m.$.sg.$.loc.,sabba,,,,,1,100,9,irregular,en
658,sabbasmiṃ,.ti.,.nt.$.sg.$.loc.,sabba,,,,,1,100,9,irregular,en
659,sabbassa,.ti.,.m.$.sg.$.dat.,sabba,,,,,1,100,8,irregular,en
660,sabbassa,.ti.,.nt.$.sg.$.dat.,sabba,,,,,1,100,8,irregular,en
661,sabbassa,.ti.,.m.$.sg.$.gen.,sabba,,,,,1,100,8,irregular,en
662,sabbassa,.ti.,.nt.$.sg.$.gen.,sabba,,,,,1,100,8,irregular,en
663,sabbassā,.ti.,.f.$.sg.$.dat.,sabba,,,,,1,100,8,irregular,en
664,sabbassā,.ti.,.f.$.sg.$.gen.,sabba,,,,,1,100,8,irregular,en
665,sabbassā,.ti.,.f.$.sg.$.loc.,sabba,,,,,1,100,8,irregular,en
666,sabbassaṃ,.ti.,.f.$.sg.$.loc.,sabba,,,,,1,100,9,irregular,en
667,sabbāsu,.ti.,.f.$.pl.$.loc.,sabba,,,,,1,100,7,irregular,en
668,sabbāya,.ti.,.f.$.sg.$.abl.,sabba,,,,,1,100,7,irregular,en
669,sabbāya,.ti.,.f.$.sg.$.dat.,sabba,,,,,1,100,7,irregular,en
670,sabbāya,.ti.,.f.$.sg.$.gen.,sabba,,,,,1,100,7,irregular,en
671,sabbāya,.ti.,.f.$.sg.$.inst.,sabba,,,,,1,100,7,irregular,en
672,sabbāya,.ti.,.f.$.sg.$.loc.,sabba,,,,,1,100,7,irregular,en
673,sabbāyaṃ,.ti.,.f.$.sg.$.loc.,sabba,,,,,1,100,8,irregular,en
674,sabbāyo,.ti.,.f.$.pl.$.acc.,sabba,,,,,1,100,7,irregular,en
675,sabbāyo,.ti.,.f.$.pl.$.nom.,sabba,,,,,1,100,7,irregular,en
676,sabbāyo,.ti.,.f.$.pl.$.voc.,sabba,,,,,1,100,7,irregular,en
677,sabbe,.ti.,.m.$.pl.$.acc.,sabba,,,,,1,100,5,irregular,en
678,sabbe,.ti.,.m.$.pl.$.nom.,sabba,,,,,1,100,5,irregular,en
679,sabbe,.ti.,.f.$.sg.$.voc.,sabba,,,,,1,100,5,irregular,en
680,sabbe,.ti.,.m.$.pl.$.voc.,sabba,,,,,1,100,5,irregular,en
681,sabbebhi,.ti.,.m.$.pl.$.abl.,sabba,,,,,1,100,8,irregular,en
682,sabbebhi,.ti.,.nt.$.pl.$.abl.,sabba,,,,,1,100,8,irregular,en
683,sabbebhi,.ti.,.m.$.pl.$.inst.,sabba,,,,,1,100,8,irregular,en
684,sabbebhi,.ti.,.nt.$.pl.$.inst.,sabba,,,,,1,100,8,irregular,en
685,sabbehi,.ti.,.m.$.pl.$.abl.,sabba,,,,,1,100,7,irregular,en
686,sabbehi,.ti.,.nt.$.pl.$.abl.,sabba,,,,,1,100,7,irregular,en
687,sabbehi,.ti.,.m.$.pl.$.inst.,sabba,,,,,1,100,7,irregular,en
688,sabbehi,.ti.,.nt.$.pl.$.inst.,sabba,,,,,1,100,7,irregular,en
689,sabbena,.ti.,.m.$.sg.$.inst.,sabba,,,,,1,100,7,irregular,en
690,sabbena,.ti.,.nt.$.sg.$.inst.,sabba,,,,,1,100,7,irregular,en
691,sabbesaṃ,.ti.,.m.$.pl.$.dat.,sabba,,,,,1,100,8,irregular,en
692,sabbesaṃ,.ti.,.nt.$.pl.$.dat.,sabba,,,,,1,100,8,irregular,en
693,sabbesaṃ,.ti.,.m.$.pl.$.gen.,sabba,,,,,1,100,8,irregular,en
694,sabbesaṃ,.ti.,.nt.$.pl.$.gen.,sabba,,,,,1,100,8,irregular,en
695,sabbesānaṃ,.ti.,.m.$.pl.$.dat.,sabba,,,,,1,100,10,irregular,en
696,sabbesānaṃ,.ti.,.nt.$.pl.$.dat.,sabba,,,,,1,100,10,irregular,en
697,sabbesānaṃ,.ti.,.m.$.pl.$.gen.,sabba,,,,,1,100,10,irregular,en
698,sabbesānaṃ,.ti.,.nt.$.pl.$.gen.,sabba,,,,,1,100,10,irregular,en
699,sabbesu,.ti.,.m.$.pl.$.loc.,sabba,,,,,1,100,7,irregular,en
700,sabbesu,.ti.,.nt.$.pl.$.loc.,sabba,,,,,1,100,7,irregular,en
701,sabbo,.ti.,.m.$.sg.$.nom.,sabba,,,,,1,100,5,irregular,en
702,naṃ,.pron.,.f.$.sg.$.acc.,ta,,,,,1,100,3,irregular,en
703,naṃ,.pron.,.m.$.sg.$.acc.,ta,,,,,1,100,3,irregular,en
704,nesaṃ,.pron.,.m.$.pl.$.dat.,ta,,,,,1,100,5,irregular,en
705,nesaṃ,.pron.,.nt.$.pl.$.dat.,ta,,,,,1,100,5,irregular,en
706,nesaṃ,.pron.,.m.$.pl.$.gen.,ta,,,,,1,100,5,irregular,en
707,nesaṃ,.pron.,.nt.$.pl.$.gen.,ta,,,,,1,100,5,irregular,en
708,nesānaṃ,.pron.,.m.$.pl.$.dat.,ta,,,,,1,100,7,irregular,en
709,nesānaṃ,.pron.,.nt.$.pl.$.dat.,ta,,,,,1,100,7,irregular,en
710,nesānaṃ,.pron.,.m.$.pl.$.gen.,ta,,,,,1,100,7,irregular,en
711,nesānaṃ,.pron.,.nt.$.pl.$.gen.,ta,,,,,1,100,7,irregular,en
712,sa,.pron.,.m.$.sg.$.nom.,ta,,,,,1,100,2,irregular,en
713,sā,.pron.,.f.$.sg.$.nom.,ta,,,,,1,100,2,irregular,en
714,se,.pron.,.nt.$.sg.$.acc.,ta,,,,,1,100,2,irregular,en
715,se,.pron.,.nt.$.sg.$.nom.,ta,,,,,1,100,2,irregular,en
716,so,.pron.,.m.$.sg.$.nom.,ta,,,,,1,100,2,irregular,en
717,tā,.pron.,.f.$.pl.$.acc.,ta,,,,,1,100,2,irregular,en
718,tā,.pron.,.f.$.pl.$.nom.,ta,,,,,1,100,2,irregular,en
719,tābhi,.pron.,.f.$.pl.$.abl.,ta,,,,,1,100,5,irregular,en
720,tābhi,.pron.,.f.$.pl.$.inst.,ta,,,,,1,100,5,irregular,en
721,tad,.pron.,.nt.$.sg.$.acc.,ta,,,,,1,100,3,irregular,en
722,tad,.pron.,.nt.$.sg.$.nom.,ta,,,,,1,100,3,irregular,en
723,tadaṃ,.pron.,.nt.$.sg.$.acc.,ta,,,,,1,100,5,irregular,en
724,tadaṃ,.pron.,.nt.$.sg.$.nom.,ta,,,,,1,100,5,irregular,en
725,tāhi,.pron.,.f.$.pl.$.abl.,ta,,,,,1,100,4,irregular,en
726,tāhi,.pron.,.f.$.pl.$.inst.,ta,,,,,1,100,4,irregular,en
727,taṃ,.pron.,.f.$.sg.$.acc.,ta,,,,,1,100,3,irregular,en
728,taṃ,.pron.,.m.$.sg.$.acc.,ta,,,,,1,100,3,irregular,en
729,taṃ,.pron.,.nt.$.sg.$.acc.,ta,,,,,1,100,3,irregular,en
730,taṃ,.pron.,.nt.$.sg.$.nom.,ta,,,,,1,100,3,irregular,en
731,tamhā,.pron.,.m.$.sg.$.abl.,ta,,,,,1,100,5,irregular,en
732,tamhā,.pron.,.nt.$.sg.$.abl.,ta,,,,,1,100,5,irregular,en
733,tamhi,.pron.,.m.$.sg.$.loc.,ta,,,,,1,100,5,irregular,en
734,tamhi,.pron.,.nt.$.sg.$.loc.,ta,,,,,1,100,5,irregular,en
735,tāni,.pron.,.nt.$.pl.$.acc.,ta,,,,,1,100,4,irregular,en
736,tāni,.pron.,.nt.$.pl.$.nom.,ta,,,,,1,100,4,irregular,en
737,tāsaṃ,.pron.,.f.$.pl.$.dat.,ta,,,,,1,100,5,irregular,en
738,tāsaṃ,.pron.,.f.$.pl.$.gen.,ta,,,,,1,100,5,irregular,en
739,tāsaṃ,.pron.,.f.$.sg.$.loc.,ta,,,,,1,100,5,irregular,en
740,tāsānaṃ,.pron.,.f.$.pl.$.dat.,ta,,,,,1,100,7,irregular,en
741,tāsānaṃ,.pron.,.f.$.pl.$.gen.,ta,,,,,1,100,7,irregular,en
742,tasmā,.pron.,.m.$.sg.$.abl.,ta,,,,,1,100,5,irregular,en
743,tasmā,.pron.,.nt.$.sg.$.abl.,ta,,,,,1,100,5,irregular,en
744,tasmiṃ,.pron.,.m.$.sg.$.loc.,ta,,,,,1,100,6,irregular,en
745,tasmiṃ,.pron.,.nt.$.sg.$.loc.,ta,,,,,1,100,6,irregular,en
746,tassa,.pron.,.m.$.sg.$.dat.,ta,,,,,1,100,5,irregular,en
747,tassa,.pron.,.nt.$.sg.$.dat.,ta,,,,,1,100,5,irregular,en
748,tassa,.pron.,.m.$.sg.$.gen.,ta,,,,,1,100,5,irregular,en
749,tassa,.pron.,.nt.$.sg.$.gen.,ta,,,,,1,100,5,irregular,en
750,tassā,.pron.,.f.$.sg.$.dat.,ta,,,,,1,100,5,irregular,en
751,tassā,.pron.,.f.$.sg.$.gen.,ta,,,,,1,100,5,irregular,en
752,tassaṃ,.pron.,.f.$.sg.$.loc.,ta,,,,,1,100,6,irregular,en
753,tassāya,.pron.,.f.$.sg.$.dat.,ta,,,,,1,100,7,irregular,en
754,tassāya,.pron.,.f.$.sg.$.gen.,ta,,,,,1,100,7,irregular,en
755,tāsu,.pron.,.f.$.pl.$.loc.,ta,,,,,1,100,4,irregular,en
756,tato,.pron.,.m.$.sg.$.abl.,ta,,,,,1,100,4,irregular,en
757,tato,.pron.,.nt.$.sg.$.abl.,ta,,,,,1,100,4,irregular,en
758,tāya,.pron.,.f.$.sg.$.abl.,ta,,,,,1,100,4,irregular,en
759,tāya,.pron.,.f.$.sg.$.inst.,ta,,,,,1,100,4,irregular,en
760,tāyaṃ,.pron.,.f.$.sg.$.loc.,ta,,,,,1,100,5,irregular,en
761,tāyo,.pron.,.f.$.pl.$.acc.,ta,,,,,1,100,4,irregular,en
762,tāyo,.pron.,.f.$.pl.$.nom.,ta,,,,,1,100,4,irregular,en
763,te,.pron.,.m.$.pl.$.acc.,ta,,,,,1,100,2,irregular,en
764,te,.pron.,.nt.$.pl.$.acc.,ta,,,,,1,100,2,irregular,en
765,te,.pron.,.m.$.pl.$.nom.,ta,,,,,1,100,2,irregular,en
766,te,.pron.,.nt.$.pl.$.nom.,ta,,,,,1,100,2,irregular,en
767,tebhi,.pron.,.m.$.pl.$.abl.,ta,,,,,1,100,5,irregular,en
768,tebhi,.pron.,.nt.$.pl.$.abl.,ta,,,,,1,100,5,irregular,en
769,tebhi,.pron.,.m.$.pl.$.inst.,ta,,,,,1,100,5,irregular,en
770,tebhi,.pron.,.nt.$.pl.$.inst.,ta,,,,,1,100,5,irregular,en
771,tehi,.pron.,.m.$.pl.$.abl.,ta,,,,,1,100,4,irregular,en
772,tehi,.pron.,.nt.$.pl.$.abl.,ta,,,,,1,100,4,irregular,en
773,tehi,.pron.,.m.$.pl.$.inst.,ta,,,,,1,100,4,irregular,en
774,tehi,.pron.,.nt.$.pl.$.inst.,ta,,,,,1,100,4,irregular,en
775,tena,.pron.,.m.$.sg.$.inst.,ta,,,,,1,100,4,irregular,en
776,tena,.pron.,.nt.$.sg.$.inst.,ta,,,,,1,100,4,irregular,en
777,tesaṃ,.pron.,.m.$.pl.$.dat.,ta,,,,,1,100,5,irregular,en
778,tesaṃ,.pron.,.nt.$.pl.$.dat.,ta,,,,,1,100,5,irregular,en
779,tesaṃ,.pron.,.m.$.pl.$.gen.,ta,,,,,1,100,5,irregular,en
780,tesaṃ,.pron.,.nt.$.pl.$.gen.,ta,,,,,1,100,5,irregular,en
781,tesānaṃ,.pron.,.m.$.pl.$.dat.,ta,,,,,1,100,7,irregular,en
782,tesānaṃ,.pron.,.nt.$.pl.$.dat.,ta,,,,,1,100,7,irregular,en
783,tesānaṃ,.pron.,.m.$.pl.$.gen.,ta,,,,,1,100,7,irregular,en
784,tesānaṃ,.pron.,.nt.$.pl.$.gen.,ta,,,,,1,100,7,irregular,en
785,tesu,.pron.,.m.$.pl.$.loc.,ta,,,,,1,100,4,irregular,en
786,tesu,.pron.,.nt.$.pl.$.loc.,ta,,,,,1,100,4,irregular,en
787,tissā,.pron.,.f.$.sg.$.dat.,ta,,,,,1,100,5,irregular,en
788,tissā,.pron.,.f.$.sg.$.gen.,ta,,,,,1,100,5,irregular,en
789,tissaṃ,.pron.,.f.$.sg.$.loc.,ta,,,,,1,100,6,irregular,en
790,tissāya,.pron.,.f.$.sg.$.dat.,ta,,,,,1,100,7,irregular,en
791,tissāya,.pron.,.f.$.sg.$.gen.,ta,,,,,1,100,7,irregular,en
792,tumhākaṃ,.pron.,.2p.$.pl.$.acc.,tumha,,,,,1,100,8,irregular,en
793,tumhākaṃ,.pron.,.2p.$.pl.$.dat.,tumha,,,,,1,100,8,irregular,en
794,tumhākaṃ,.pron.,.2p.$.pl.$.gen.,tumha,,,,,1,100,8,irregular,en
795,tumham,.pron.,.2p.$.pl.$.dat.,tumha,,,,,1,100,6,irregular,en
796,tumham,.pron.,.2p.$.pl.$.gen.,tumha,,,,,1,100,6,irregular,en
797,tumhaṃ,.pron.,.2p.$.sg.$.dat.,tumha,,,,,1,100,6,irregular,en
798,tumhaṃ,.pron.,.2p.$.sg.$.gen.,tumha,,,,,1,100,6,irregular,en
799,tumhe,.pron.,.2p.$.pl.$.acc.,tumha,,,,,1,100,5,irregular,en
800,tumhe,.pron.,.2p.$.pl.$.nom.,tumha,,,,,1,100,5,irregular,en
801,tumhebhi,.pron.,.2p.$.pl.$.abl.,tumha,,,,,1,100,8,irregular,en
802,tumhebhi,.pron.,.2p.$.pl.$.inst.,tumha,,,,,1,100,8,irregular,en
803,tumhehi,.pron.,.2p.$.pl.$.abl.,tumha,,,,,1,100,7,irregular,en
804,tumhehi,.pron.,.2p.$.pl.$.inst.,tumha,,,,,1,100,7,irregular,en
805,tumhesu,.pron.,.2p.$.pl.$.loc.,tumha,,,,,1,100,7,irregular,en
806,tuvaṃ,.pron.,.2p.$.sg.$.acc.,tumha,,,,,1,100,5,irregular,en
807,tuvaṃ,.pron.,.2p.$.sg.$.nom.,tumha,,,,,1,100,5,irregular,en
808,tuyham,.pron.,.2p.$.sg.$.dat.,tumha,,,,,1,100,6,irregular,en
809,tuyham,.pron.,.2p.$.sg.$.gen.,tumha,,,,,1,100,6,irregular,en
810,tvam,.pron.,.2p.$.sg.$.acc.,tumha,,,,,1,100,4,irregular,en
811,tvam,.pron.,.2p.$.sg.$.nom.,tumha,,,,,1,100,4,irregular,en
812,tvayā,.pron.,.2p.$.sg.$.abl.,tumha,,,,,1,100,5,irregular,en
813,tvayā,.pron.,.2p.$.sg.$.inst.,tumha,,,,,1,100,5,irregular,en
814,tvayi,.pron.,.2p.$.sg.$.loc.,tumha,,,,,1,100,5,irregular,en
815,vayaṃ,.pron.,.2p.$.pl.$.nom.,tumha,,,,,1,100,5,irregular,en
816,vo,.pron.,.2p.$.pl.$.acc.,tumha,,,,,1,100,2,irregular,en
817,vo,.pron.,.2p.$.pl.$.dat.,tumha,,,,,1,100,2,irregular,en
818,vo,.pron.,.2p.$.pl.$.gen.,tumha,,,,,1,100,2,irregular,en
819,yā,.pron.,.f.$.pl.$.acc.,ya,,,,,1,100,2,irregular,en
820,yā,.pron.,.f.$.sg.$.nom.,ya,,,,,1,100,2,irregular,en
821,yā,.pron.,.f.$.pl.$.nom.,ya,,,,,1,100,2,irregular,en
822,yābhi,.pron.,.f.$.pl.$.abl.,ya,,,,,1,100,5,irregular,en
823,yābhi,.pron.,.f.$.pl.$.inst.,ya,,,,,1,100,5,irregular,en
824,yad,.pron.,.nt.$.sg.$.acc.,ya,,,,,1,100,3,irregular,en
825,yad,.pron.,.nt.$.sg.$.nom.,ya,,,,,1,100,3,irregular,en
826,yāhi,.pron.,.f.$.pl.$.abl.,ya,,,,,1,100,4,irregular,en
827,yāhi,.pron.,.f.$.pl.$.inst.,ya,,,,,1,100,4,irregular,en
828,yaṃ,.pron.,.f.$.sg.$.acc.,ya,,,,,1,100,3,irregular,en
829,yaṃ,.pron.,.m.$.sg.$.acc.,ya,,,,,1,100,3,irregular,en
830,yaṃ,.pron.,.nt.$.sg.$.acc.,ya,,,,,1,100,3,irregular,en
831,yaṃ,.pron.,.nt.$.sg.$.nom.,ya,,,,,1,100,3,irregular,en
832,yamhā,.pron.,.m.$.sg.$.abl.,ya,,,,,1,100,5,irregular,en
833,yamhā,.pron.,.nt.$.sg.$.abl.,ya,,,,,1,100,5,irregular,en
834,yamhi,.pron.,.m.$.sg.$.loc.,ya,,,,,1,100,5,irregular,en
835,yamhi,.pron.,.nt.$.sg.$.loc.,ya,,,,,1,100,5,irregular,en
836,yāni,.pron.,.nt.$.pl.$.acc.,ya,,,,,1,100,4,irregular,en
837,yāni,.pron.,.nt.$.pl.$.nom.,ya,,,,,1,100,4,irregular,en
838,yāsaṃ,.pron.,.f.$.pl.$.dat.,ya,,,,,1,100,5,irregular,en
839,yāsaṃ,.pron.,.f.$.pl.$.gen.,ya,,,,,1,100,5,irregular,en
840,yāsānaṃ,.pron.,.f.$.pl.$.dat.,ya,,,,,1,100,7,irregular,en
841,yāsānaṃ,.pron.,.f.$.pl.$.gen.,ya,,,,,1,100,7,irregular,en
842,yasmā,.pron.,.m.$.sg.$.abl.,ya,,,,,1,100,5,irregular,en
843,yasmā,.pron.,.nt.$.sg.$.abl.,ya,,,,,1,100,5,irregular,en
844,yasmiṃ,.pron.,.m.$.sg.$.loc.,ya,,,,,1,100,6,irregular,en
845,yasmiṃ,.pron.,.nt.$.sg.$.loc.,ya,,,,,1,100,6,irregular,en
846,yassa,.pron.,.m.$.sg.$.dat.,ya,,,,,1,100,5,irregular,en
847,yassa,.pron.,.nt.$.sg.$.dat.,ya,,,,,1,100,5,irregular,en
848,yassa,.pron.,.m.$.sg.$.gen.,ya,,,,,1,100,5,irregular,en
849,yassa,.pron.,.nt.$.sg.$.gen.,ya,,,,,1,100,5,irregular,en
850,yassā,.pron.,.f.$.sg.$.dat.,ya,,,,,1,100,5,irregular,en
851,yassā,.pron.,.f.$.sg.$.gen.,ya,,,,,1,100,5,irregular,en
852,yassaṃ,.pron.,.f.$.sg.$.loc.,ya,,,,,1,100,6,irregular,en
853,yāsu,.pron.,.f.$.pl.$.loc.,ya,,,,,1,100,4,irregular,en
854,yāya,.pron.,.f.$.sg.$.abl.,ya,,,,,1,100,4,irregular,en
855,yāya,.pron.,.f.$.sg.$.dat.,ya,,,,,1,100,4,irregular,en
856,yāya,.pron.,.f.$.sg.$.gen.,ya,,,,,1,100,4,irregular,en
857,yāya,.pron.,.f.$.sg.$.inst.,ya,,,,,1,100,4,irregular,en
858,yāya,.pron.,.f.$.sg.$.loc.,ya,,,,,1,100,4,irregular,en
859,yāyaṃ,.pron.,.f.$.sg.$.loc.,ya,,,,,1,100,5,irregular,en
860,yāyo,.pron.,.f.$.pl.$.acc.,ya,,,,,1,100,4,irregular,en
861,yāyo,.pron.,.f.$.pl.$.nom.,ya,,,,,1,100,4,irregular,en
862,ye,.pron.,.m.$.pl.$.acc.,ya,,,,,1,100,2,irregular,en
863,ye,.pron.,.nt.$.sg.$.acc.,ya,,,,,1,100,2,irregular,en
864,ye,.pron.,.nt.$.pl.$.acc.,ya,,,,,1,100,2,irregular,en
865,ye,.pron.,.m.$.pl.$.nom.,ya,,,,,1,100,2,irregular,en
866,ye,.pron.,.nt.$.sg.$.nom.,ya,,,,,1,100,2,irregular,en
867,ye,.pron.,.nt.$.pl.$.nom.,ya,,,,,1,100,2,irregular,en
868,yebhi,.pron.,.m.$.pl.$.abl.,ya,,,,,1,100,5,irregular,en
869,yebhi,.pron.,.nt.$.pl.$.abl.,ya,,,,,1,100,5,irregular,en
870,yebhi,.pron.,.m.$.pl.$.inst.,ya,,,,,1,100,5,irregular,en
871,yebhi,.pron.,.nt.$.pl.$.inst.,ya,,,,,1,100,5,irregular,en
872,yehi,.pron.,.m.$.pl.$.abl.,ya,,,,,1,100,4,irregular,en
873,yehi,.pron.,.nt.$.pl.$.abl.,ya,,,,,1,100,4,irregular,en
874,yehi,.pron.,.m.$.pl.$.inst.,ya,,,,,1,100,4,irregular,en
875,yehi,.pron.,.nt.$.pl.$.inst.,ya,,,,,1,100,4,irregular,en
876,yena,.pron.,.m.$.sg.$.inst.,ya,,,,,1,100,4,irregular,en
877,yena,.pron.,.nt.$.sg.$.inst.,ya,,,,,1,100,4,irregular,en
878,yesaṃ,.pron.,.m.$.pl.$.dat.,ya,,,,,1,100,5,irregular,en
879,yesaṃ,.pron.,.nt.$.pl.$.dat.,ya,,,,,1,100,5,irregular,en
880,yesaṃ,.pron.,.m.$.pl.$.gen.,ya,,,,,1,100,5,irregular,en
881,yesaṃ,.pron.,.nt.$.pl.$.gen.,ya,,,,,1,100,5,irregular,en
882,yesānaṃ,.pron.,.m.$.pl.$.dat.,ya,,,,,1,100,7,irregular,en
883,yesānaṃ,.pron.,.nt.$.pl.$.dat.,ya,,,,,1,100,7,irregular,en
884,yesānaṃ,.pron.,.m.$.pl.$.gen.,ya,,,,,1,100,7,irregular,en
885,yesānaṃ,.pron.,.nt.$.pl.$.gen.,ya,,,,,1,100,7,irregular,en
886,yesu,.pron.,.m.$.pl.$.loc.,ya,,,,,1,100,4,irregular,en
887,yesu,.pron.,.nt.$.pl.$.loc.,ya,,,,,1,100,4,irregular,en
888,yo,.pron.,.m.$.sg.$.nom.,ya,,,,,1,100,2,irregular,en
889,arahantī,.n.,.f.$.sg.$.acc.,arahant,婀拉嫨,,arahanta+[ī],,1,100,8,irregular,zh-hans
890,arahati,.n.,.f.$.sg.$.acc.,arahant,婀拉嫨,,arahanta+[i],,1,100,7,irregular,zh-hans
891,arahantī,.n.,.f.$.pl.$.nom.,arahant,婀拉嫨,,arahanta+[ī],,1,100,8,irregular,zh-hans
892,arahantī,.n.,.f.$.pl.$.acc.,arahant,婀拉嫨,,arahanta+[ī],,1,100,8,irregular,zh-hans
893,tumha,.pron:base.,,,你,,,,1,100,8,Kosalla_China,zh-hans
894,tumha,.pron:base.,,,you,,,,1,100,8,Kosalla_China,en
895,tumhākaṃ,.pron.,.2p.$.pl.$.acc.,tumha,,,,,1,100,8,irregular,en
896,tumhākaṃ,.pron.,.2p.$.pl.$.dat.,tumha,,,,,1,100,8,irregular,en
897,tumhākaṃ,.pron.,.2p.$.pl.$.gen.,tumha,,,,,1,100,8,irregular,en
898,tumhaṃ,.pron.,.2p.$.pl.$.dat.,tumha,,,,,1,100,6,irregular,en
899,tumhaṃ,.pron.,.2p.$.pl.$.gen.,tumha,,,,,1,100,6,irregular,en
900,tumhe,.pron.,.2p.$.pl.$.nom.,tumha,,,,,1,100,5,irregular,en
901,tumhe,.pron.,.2p.$.pl.$.acc.,tumha,,,,,1,100,5,irregular,en
902,tumhebhi,.pron.,.2p.$.pl.$.ins.,tumha,,,,,1,100,8,irregular,en
903,tumhebhi,.pron.,.2p.$.pl.$.abl.,tumha,,,,,1,100,8,irregular,en
904,tumhehi,.pron.,.2p.$.pl.$.ins.,tumha,,,,,1,100,7,irregular,en
905,tumhehi,.pron.,.2p.$.pl.$.abl.,tumha,,,,,1,100,7,irregular,en
906,tumhesu,.pron.,.2p.$.pl.$.loc.,tumha,,,,,1,100,7,irregular,en
907,vo,.pron.,.2p.$.pl.$.abl.,tumha,,,,,1,100,2,irregular,en
908,vo,.pron.,.2p.$.pl.$.ins.,tumha,,,,,1,100,2,irregular,en
909,vo,.pron.,.2p.$.pl.$.acc.,tumha,,,,,1,100,2,irregular,en
910,vo,.pron.,.2p.$.pl.$.dat.,tumha,,,,,1,100,2,irregular,en
911,vo,.pron.,.2p.$.pl.$.gen.,tumha,,,,,1,100,2,irregular,en
912,taṃ,.pron.,.2p.$.sg.$.nom.,tumha,,,,,1,100,3,irregular,en
913,taṃ,.pron.,.2p.$.sg.$.acc.,tumha,,,,,1,100,3,irregular,en
914,tava,.pron.,.2p.$.sg.$.dat.,tumha,,,,,1,100,4,irregular,en
915,tava,.pron.,.2p.$.sg.$.gen.,tumha,,,,,1,100,4,irregular,en
916,tavaṃ,.pron.,.2p.$.sg.$.acc.,tumha,,,,,1,100,5,irregular,en
917,tavaṃ,.pron.,.2p.$.sg.$.dat.,tumha,,,,,1,100,5,irregular,en
918,tavaṃ,.pron.,.2p.$.sg.$.gen.,tumha,,,,,1,100,5,irregular,en
919,tayā,.pron.,.2p.$.sg.$.ins.,tumha,,,,,1,100,4,irregular,en
920,tayā,.pron.,.2p.$.sg.$.abl.,tumha,,,,,1,100,4,irregular,en
921,tayi,.pron.,.2p.$.sg.$.loc.,tumha,,,,,1,100,4,irregular,en
922,te,.pron.,.2p.$.sg.$.ins.,tumha,,,,,1,100,2,irregular,en
923,te,.pron.,.2p.$.sg.$.abl.,tumha,,,,,1,100,2,irregular,en
924,te,.pron.,.2p.$.sg.$.dat.,tumha,,,,,1,100,2,irregular,en
925,te,.pron.,.2p.$.sg.$.gen.,tumha,,,,,1,100,2,irregular,en
926,tumhaṃ,.pron.,.2p.$.sg.$.dat.,tumha,,,,,1,100,6,irregular,en
927,tumhaṃ,.pron.,.2p.$.sg.$.gen.,tumha,,,,,1,100,6,irregular,en
928,tuvaṃ,.pron.,.2p.$.sg.$.nom.,tumha,,,,,1,100,5,irregular,en
929,tuvaṃ,.pron.,.2p.$.sg.$.acc.,tumha,,,,,1,100,5,irregular,en
930,tuyhaṃ,.pron.,.2p.$.sg.$.dat.,tumha,,,,,1,100,6,irregular,en
931,tuyhaṃ,.pron.,.2p.$.sg.$.gen.,tumha,,,,,1,100,6,irregular,en
932,tvaṃ,.pron.,.2p.$.sg.$.nom.,tumha,,,,,1,100,4,irregular,en
933,tvaṃ,.pron.,.2p.$.sg.$.acc.,tumha,,,,,1,100,4,irregular,en
934,tvayā,.pron.,.2p.$.sg.$.ins.,tumha,,,,,1,100,5,irregular,en
935,tvayā,.pron.,.2p.$.sg.$.abl.,tumha,,,,,1,100,5,irregular,en
936,tvayi,.pron.,.2p.$.sg.$.loc.,tumha,,,,,1,100,5,irregular,en
937,hā,.ind.,.interj.,,唉！,,,,1,100,2,vn,zh-hans
938,ah,.ind.,.interj.,,啊！$哎呀！,,,,1,100,2,vn,zh-hans
939,handa,.ind.,.interj.,,好了（表容许）,,,,1,100,5,vn,zh-hans
940,aṅga,.ind.,.interj.,,诚然,,,,1,100,4,vn,zh-hans
941,bho,.ind.,.interj.,,您$大德$友,,,,1,100,3,vn,zh-hans
942,hare,.ind.,.interj.,,小子$老兄（用来称呼晚辈）,,,,1,100,4,vn,zh-hans
943,bhaṇe,.pron.,.1p.$.sg.$.refl.,bhaṇati,对下属的称呼,,,,1,100,5,vn,zh-hans
944,maññe,.pron.,.1p.$.sg.$.refl.,maññati,我想$我敢说$我认为,,,,1,100,5,vn,zh-hans
945,hā,.ind.,.interj.,,alas,,,,1,100,2,Kosalla_China,en
946,handa,.ind.,.interj.,,come!,,,,1,100,5,Kosalla_China,en
947,aṅga,.ind.,.interj.,,indeed!,,,,1,100,4,Kosalla_China,en
948,bho,.ind.,.interj.,,Sir!$I say!$friend!,,,,1,100,3,Kosalla_China,en
949,bhaṇe,.pron.,.1p.$.sg.$.refl.,bhaṇati,I say there!,,,,1,100,5,Kosalla_China,en
950,maññe,.pron.,.1p.$.sg.$.refl.,maññati,methinks!$Indare say!$I suppose!,,,,1,100,5,Kosalla_China,en
951,ahaha,.ind.,.interj.,,唉$啊$呜呼,,,,1,100,5,vn,zh-hans
952,aho vata,.ind.,.interj.,,啊！,,,,1,100,8,vn,zh-hans
953,are,.ind.,.interj.,,喂$嘿$小子$我说呀,,,,1,100,3,vn,zh-hans
954,dhi,.ind.,.interj.,,呸$可耻$倒霉,,,,1,100,3,vn,zh-hans
955,dhī,.ind.,.interj.,,呸$可耻$倒霉,,,,1,100,3,vn,zh-hans
956,sādhu,.ind.,.interj.,,太好了$萨度,,,,1,100,5,vn,zh-hans
957,amā,.ind.,.interj.,,yes!$truly!,,,,1,100,3,Kosalla_China,en
958,atha,.ind.,.conj.,,and$then$now,,,,1,100,4,Kosalla_China,en
959,atho,.ind.,.conj.,,and also$then,,,,1,100,4,Kosalla_China,en
960,ca,.ind.,.conj.,,and$also$but$even,,,,1,100,2,Kosalla_China,en
961,saha,.ind.,.conj.,,and,,,,1,100,4,Kosalla_China,en
962,atha vā,.ind.,.conj.,,or else$rather,,,,1,100,7,Kosalla_China,en
963,uda,.ind.,.conj.,,or,,,,1,100,3,Kosalla_China,en
964,uda vā,.ind.,.conj.,,either .. or,,,,1,100,6,Kosalla_China,en
965,tathāvā,.ind.,.conj.,,nevertheless,,,,1,100,7,Kosalla_China,en
966,na vā,.ind.,.conj.,,or not,,,,1,100,5,Kosalla_China,en
967,yadi vā,.ind.,.conj.,,whether,,,,1,100,7,Kosalla_China,en
968,yadi vā.. yadi vā,.ind.,.conj.,,whether or,,,,1,100,17,Kosalla_China,en
969,vā,.ind.,.conj.,,or,,,,1,100,2,Kosalla_China,en
970,ce,.ind.,.conj.,,if$if not,,,,1,100,2,Kosalla_China,en
971,yadi evaṃ,.ind.,.conj.,,if so,,,,1,100,9,Kosalla_China,en
972,yajjevaṃ,.ind.,.conj.,,if so,,,,1,100,8,Kosalla_China,en
973,yadi sace,.ind.,.conj.,,if,,,,1,100,9,Kosalla_China,en
974,amā,.ind.,.interj.,,是的$对呀,,,,1,100,3,vn,zh-hans
975,atha,.ind.,.conj.,,和$然后$现在,,,,1,100,4,vn,zh-hans
976,atho,.ind.,.conj.,,和$也$然后,,,,1,100,4,vn,zh-hans
977,ca,.ind.,.conj.,,和$也$但$甚至,,,,1,100,2,vn,zh-hans
978,saha,.ind.,.conj.,,以及,,,,1,100,4,vn,zh-hans
979,atha vā,.ind.,.conj.,,否则$不然$反而,,,,1,100,7,vn,zh-hans
980,uda,.ind.,.conj.,,或,,,,1,100,3,vn,zh-hans
981,uda vā,.ind.,.conj.,,抑…或,,,,1,100,6,vn,zh-hans
982,tathāvā,.ind.,.conj.,,然而$仍然,,,,1,100,7,vn,zh-hans
983,na vā,.ind.,.conj.,,否则的话,,,,1,100,5,vn,zh-hans
984,yadi vā,.ind.,.conj.,,是否$哪一个,,,,1,100,7,vn,zh-hans
985,yadi vā.. yadi vā,.ind.,.conj.,,无论…还是,,,,1,100,18,vn,zh-hans
986,vā,.ind.,.conj.,,或,,,,1,100,2,vn,zh-hans
987,ce,.ind.,.conj.,,如果,,,,1,100,2,vn,zh-hans
988,yadi evaṃ,.ind.,.conj.,,如果…的话,,,,1,100,9,vn,zh-hans
989,yajjevaṃ,.ind.,.conj.,,如果…的话,,,,1,100,8,vn,zh-hans
990,yadi sace,.ind.,.conj.,,如果,,,,1,100,9,vn,zh-hans
991,hi,.ind.,.conj.,,for$because$certainly,,,,1,100,2,Kosalla_China,en
992,hi,.ind.,.conj.,,为了$因为$当然,,,,1,100,2,vn,zh-hans
993,labhati,.v:base.,,labha,get,,,,1,100,7,Kosalla_China,en
994,labhati,.v:base.,,labha,得$获得$取得$收获$收到$达到,,,,1,100,8,vn,zh-hans
995,labhiṃsu,.v.,.3p.$.pl.$.aor.,labhati,,,,,1,100,8,vn,en
996,alabhiṃsu,.v.,.3p.$.pl.$.aor.,labhati,,,,,1,100,9,vn,en
997,labhitha,.v.,.2p.$.pl.$.aor.,labhati,,,,,1,100,8,vn,en
998,alabhitha,.v.,.2p.$.pl.$.aor.,labhati,,,,,1,100,9,vn,en
999,labhimha,.v.,.1p.$.pl.$.aor.,labhati,,,,,1,100,8,vn,en
1000,alabhimha,.v.,.1p.$.pl.$.aor.,labhati,,,,,1,100,9,vn,en
1001,labhimhā,.v.,.1p.$.pl.$.aor.,labhati,,,,,1,100,8,vn,en
1002,alabhimhā,.v.,.1p.$.pl.$.aor.,labhati,,,,,1,100,9,vn,en
1003,labhi,.v.,.3p.$.sg.$.aor.,labhati,,,,,1,100,5,vn,en
1004,alabhi,.v.,.3p.$.sg.$.aor.,labhati,,,,,1,100,6,vn,en
1005,alattha,.v.,.3p.$.sg.$.aor.,labhati,,,,,1,100,7,vn,en
1006,labha,.v.,.2p.$.sg.$.aor.,labhati,,,,,1,100,5,vn,en
1007,alabha,.v.,.2p.$.sg.$.aor.,labhati,,,,,1,100,6,vn,en
1008,labhi,.v.,.2p.$.sg.$.aor.,labhati,,,,,1,100,5,vn,en
1009,alabhi,.v.,.2p.$.sg.$.aor.,labhati,,,,,1,100,6,vn,en
1010,labhiṃ,.v.,.1p.$.sg.$.aor.,labhati,,,,,1,100,6,vn,en
1011,alabhiṃ,.v.,.1p.$.sg.$.aor.,labhati,,,,,1,100,7,vn,en
1012,alatthaṃ,.v.,.1p.$.sg.$.aor.,labhati,,,,,1,100,8,vn,en
1013,atthi,.v:base.,,asa,是$有$在$存在,,,,1,100,5,vn,zh-hans
1014,atthi,.v:base.,,asa,be$have$become,,,,1,100,5,Kosalla_China,en
1015,atthi,.v.,.3p.$.sg.$.pres.,atthi,,,,,1,100,5,vn,en
1016,asi,.v.,.2p.$.sg.$.pres.,atthi,,,,,1,100,3,vn,en
1017,attha,.v.,.2p.$.pl.$.pres.,atthi,,,,,1,100,5,vn,en
1018,āsi,.v.,.3p.$.sg.$.aor.,atthi,,,,,1,100,3,vn,en
1019,āsi,.v.,.2p.$.sg.$.aor.,atthi,,,,,1,100,3,vn,en
1020,āsiṃ,.v.,.1p.$.sg.$.aor.,atthi,,,,,1,100,4,vn,en
1021,āsuṃ,.v.,.3p.$.pl.$.aor.,atthi,,,,,1,100,4,vn,en
1022,āsittha,.v.,.2p.$.pl.$.aor.,atthi,,,,,1,100,7,vn,en
1023,atthu,.v.,.3p.$.sg.$.imp.,atthi,,,,,1,100,5,vn,en
1024,āhi,.v.,.2p.$.sg.$.imp.,atthi,,,,,1,100,3,vn,en
1025,santu,.v.,.3p.$.pl.$.imp.,atthi,,,,,1,100,5,vn,en
1026,attha,.v.,.2p.$.pl.$.imp.,atthi,,,,,1,100,5,vn,en
1027,assatha,.v.,.2p.$.pl.$.opt.,atthi,,,,,1,100,7,vn,en
1028,assāma,.v.,.1p.$.pl.$.opt.,atthi,,,,,1,100,6,vn,en
1029,asmi,.v.,.1p.$.sg.$.pres.,atthi,,,,,1,100,4,vn,en
1030,amhi,.v.,.1p.$.sg.$.pres.,atthi,,,,,1,100,4,vn,en
1031,atthi,.v.,.3p.$.pl.$.pres.,atthi,,,,,1,100,5,vn,en
1032,santi,.v.,.3p.$.pl.$.pres.,atthi,,,,,1,100,5,vn,en
1033,asma,.v.,.1p.$.pl.$.pres.,atthi,,,,,1,100,4,vn,en
1034,amha,.v.,.1p.$.pl.$.pres.,atthi,,,,,1,100,4,vn,en
1035,āsiṃhā,.v.,.1p.$.pl.$.aor.,atthi,,,,,1,100,6,vn,en
1036,āsiṃha,.v.,.1p.$.pl.$.aor.,atthi,,,,,1,100,6,vn,en
1037,asmi,.v.,.1p.$.sg.$.imp.,atthi,,,,,1,100,4,vn,en
1038,amhi,.v.,.1p.$.sg.$.imp.,atthi,,,,,1,100,4,vn,en
1039,asma,.v.,.1p.$.pl.$.imp.,atthi,,,,,1,100,4,vn,en
1040,amha,.v.,.1p.$.pl.$.imp.,atthi,,,,,1,100,4,vn,en
1041,siyā,.v.,.3p.$.sg.$.opt.,atthi,,,,,1,100,4,vn,en
1042,assa,.v.,.3p.$.sg.$.opt.,atthi,,,,,1,100,4,vn,en
1043,siyā,.v.,.2p.$.sg.$.opt.,atthi,,,,,1,100,4,vn,en
1044,assa,.v.,.2p.$.sg.$.opt.,atthi,,,,,1,100,4,vn,en
1045,siyaṃ,.v.,.1p.$.sg.$.opt.,atthi,,,,,1,100,5,vn,en
1046,assaṃ,.v.,.1p.$.sg.$.opt.,atthi,,,,,1,100,5,vn,en
1047,siyuṃ,.v.,.3p.$.pl.$.opt.,atthi,,,,,1,100,5,vn,en
1048,assu,.v.,.3p.$.pl.$.opt.,atthi,,,,,1,100,4,vn,en
1049,siyaṃsu,.v.,.3p.$.pl.$.opt.,atthi,,,,,1,100,7,vn,en
1050,dadāti,.v:base.,,dā,给$提供$允许$移交,,,,1,100,6,vn,zh-hans
1051,dadāti,.v:base.,,dā,give,,,,1,100,6,Kosalla_China,en
1052,denti,.v.,.3p.$.pl.$.pres.,dadāti,,,,,1,100,5,vn,en
1053,dadanti,.v.,.3p.$.pl.$.pres.,dadāti,,,,,1,100,7,vn,en
1054,dajjanti,.v.,.3p.$.pl.$.pres.,dadāti,,,,,1,100,8,vn,en
1055,detha,.v.,.2p.$.pl.$.pres.,dadāti,,,,,1,100,5,vn,en
1056,dadātha,.v.,.2p.$.pl.$.pres.,dadāti,,,,,1,100,7,vn,en
1057,dajjātha,.v.,.2p.$.pl.$.pres.,dadāti,,,,,1,100,8,vn,en
1058,dema,.v.,.1p.$.pl.$.pres.,dadāti,,,,,1,100,4,vn,en
1059,dadāma,.v.,.1p.$.pl.$.pres.,dadāti,,,,,1,100,6,vn,en
1060,dajjāma,.v.,.1p.$.pl.$.pres.,dadāti,,,,,1,100,7,vn,en
1061,deti,.v.,.3p.$.sg.$.pres.,dadāti,,,,,1,100,4,vn,en
1062,dadāti,.v.,.3p.$.sg.$.pres.,dadāti,,,,,1,100,6,vn,en
1063,dajjāti,.v.,.3p.$.sg.$.pres.,dadāti,,,,,1,100,7,vn,en
1064,desi,.v.,.2p.$.sg.$.pres.,dadāti,,,,,1,100,4,vn,en
1065,dadāsi,.v.,.2p.$.sg.$.pres.,dadāti,,,,,1,100,6,vn,en
1066,dajjāsi,.v.,.2p.$.sg.$.pres.,dadāti,,,,,1,100,7,vn,en
1067,demi,.v.,.1p.$.sg.$.pres.,dadāti,,,,,1,100,4,vn,en
1068,dadāmi,.v.,.1p.$.sg.$.pres.,dadāti,,,,,1,100,6,vn,en
1069,dajjāmi,.v.,.1p.$.sg.$.pres.,dadāti,,,,,1,100,7,vn,en
1070,dadeyyuṃ,.v.,.3p.$.pl.$.opt.,dadāti,,,,,1,100,8,vn,en
1071,dajjeyyuṃ,.v.,.3p.$.pl.$.opt.,dadāti,,,,,1,100,9,vn,en
1072,dajjuṃ,.v.,.3p.$.pl.$.opt.,dadāti,,,,,1,100,6,vn,en
1073,deyyūṃ,.v.,.3p.$.pl.$.opt.,dadāti,,,,,1,100,6,vn,en
1074,dadeyyātha,.v.,.2p.$.pl.$.opt.,dadāti,,,,,1,100,10,vn,en
1075,dajjeyyātha,.v.,.2p.$.pl.$.opt.,dadāti,,,,,1,100,11,vn,en
1076,deyyātha,.v.,.2p.$.pl.$.opt.,dadāti,,,,,1,100,8,vn,en
1077,dadeyyāma,.v.,.1p.$.pl.$.opt.,dadāti,,,,,1,100,9,vn,en
1078,dajjeyyāma,.v.,.1p.$.pl.$.opt.,dadāti,,,,,1,100,10,vn,en
1079,deyyāma,.v.,.1p.$.pl.$.opt.,dadāti,,,,,1,100,7,vn,en
1080,dade,.v.,.1p.$.pl.$.opt.,dadāti,,,,,1,100,4,vn,en
1081,dadeyya,.v.,.3p.$.sg.$.opt.,dadāti,,,,,1,100,7,vn,en
1082,dajje,.v.,.3p.$.sg.$.opt.,dadāti,,,,,1,100,5,vn,en
1083,dajjeyya,.v.,.3p.$.sg.$.opt.,dadāti,,,,,1,100,8,vn,en
1084,dajjā,.v.,.3p.$.sg.$.opt.,dadāti,,,,,1,100,5,vn,en
1085,deyya,.v.,.3p.$.sg.$.opt.,dadāti,,,,,1,100,5,vn,en
1086,dadeyyāsi,.v.,.3p.$.sg.$.opt.,dadāti,,,,,1,100,9,vn,en
1087,dajjeyyāsi,.v.,.2p.$.sg.$.opt.,dadāti,,,,,1,100,10,vn,en
1088,deyyāsi,.v.,.2p.$.sg.$.opt.,dadāti,,,,,1,100,7,vn,en
1089,dadeyyāmi,.v.,.2p.$.sg.$.opt.,dadāti,,,,,1,100,9,vn,en
1090,dajjeyyāmi,.v.,.1p.$.sg.$.opt.,dadāti,,,,,1,100,10,vn,en
1091,deyyāmi,.v.,.1p.$.sg.$.opt.,dadāti,,,,,1,100,7,vn,en
1092,dajjaṃ,.v.,.1p.$.sg.$.opt.,dadāti,,,,,1,100,6,vn,en
1093,hoti,.v:base.,,hū,是$有$在$存在,,,,1,100,4,Kosalla_China,zh-hans
1094,hoti,.v:base.,,hū,be$have$become,,,,1,100,4,Kosalla_China,en
1095,hoti,.v.,.3p.$.sg.$.pres.,hoti,,,,,1,100,4,vn,en
1096,hosi,.v.,.2p.$.sg.$.pres.,hoti,,,,,1,100,4,vn,en
1097,homi,.v.,.1p.$.sg.$.pres.,hoti,,,,,1,100,4,vn,en
1098,honti,.v.,.3p.$.pl.$.pres.,hoti,,,,,1,100,5,vn,en
1099,hotha,.v.,.2p.$.pl.$.pres.,hoti,,,,,1,100,5,vn,en
1100,homa,.v.,.1p.$.pl.$.pres.,hoti,,,,,1,100,4,vn,en
1101,ahosi,.v.,.2p.$.sg.$.aor.,hoti,,,,,1,100,5,vn,en
1102,hontu,.v.,.3p.$.pl.$.imp.,hoti,,,,,1,100,5,vn,en
1103,hotha,.v.,.2p.$.pl.$.imp.,hoti,,,,,1,100,5,vn,en
1104,homa,.v.,.1p.$.pl.$.imp.,hoti,,,,,1,100,4,vn,en
1105,hotu,.v.,.3p.$.sg.$.imp.,hoti,,,,,1,100,4,vn,en
1106,hohi,.v.,.2p.$.sg.$.imp.,hoti,,,,,1,100,4,vn,en
1107,homi,.v.,.1p.$.sg.$.imp.,hoti,,,,,1,100,4,vn,en
1108,hehinti,.v.,.3p.$.pl.$.fut.,hoti,,,,,1,100,7,vn,en
1109,hehissanti,.v.,.3p.$.pl.$.fut.,hoti,,,,,1,100,10,vn,en
1110,hohinti,.v.,.3p.$.pl.$.fut.,hoti,,,,,1,100,7,vn,en
1111,hohissanti,.v.,.3p.$.pl.$.fut.,hoti,,,,,1,100,10,vn,en
1112,henti,.v.,.3p.$.pl.$.fut.,hoti,,,,,1,100,5,vn,en
1113,hessanti,.v.,.3p.$.pl.$.fut.,hoti,,,,,1,100,8,vn,en
1114,hehitha,.v.,.2p.$.pl.$.imp.,hoti,,,,,1,100,7,vn,en
1115,hehissatha,.v.,.2p.$.pl.$.imp.,hoti,,,,,1,100,10,vn,en
1116,hohitha,.v.,.2p.$.pl.$.imp.,hoti,,,,,1,100,7,vn,en
1117,hohissatha,.v.,.2p.$.pl.$.imp.,hoti,,,,,1,100,10,vn,en
1118,hetha,.v.,.2p.$.pl.$.imp.,hoti,,,,,1,100,5,vn,en
1119,hessatha,.v.,.2p.$.pl.$.imp.,hoti,,,,,1,100,8,vn,en
1120,hehīma,.v.,.1p.$.pl.$.imp.,hoti,,,,,1,100,6,vn,en
1121,hehissāma,.v.,.1p.$.pl.$.imp.,hoti,,,,,1,100,9,vn,en
1122,hohīma,.v.,.1p.$.pl.$.imp.,hoti,,,,,1,100,6,vn,en
1123,hohissāma,.v.,.1p.$.pl.$.imp.,hoti,,,,,1,100,9,vn,en
1124,hema,.v.,.1p.$.pl.$.imp.,hoti,,,,,1,100,4,vn,en
1125,hessāma,.v.,.1p.$.pl.$.imp.,hoti,,,,,1,100,7,vn,en
1126,hehiti,.v.,.3p.$.sg.$.imp.,hoti,,,,,1,100,6,vn,en
1127,hehissati,.v.,.3p.$.sg.$.imp.,hoti,,,,,1,100,9,vn,en
1128,hohiti,.v.,.3p.$.sg.$.imp.,hoti,,,,,1,100,6,vn,en
1129,hohissati,.v.,.3p.$.sg.$.imp.,hoti,,,,,1,100,9,vn,en
1130,heti,.v.,.3p.$.sg.$.imp.,hoti,,,,,1,100,4,vn,en
1131,hessati,.v.,.3p.$.sg.$.imp.,hoti,,,,,1,100,7,vn,en
1132,hehisi,.v.,.2p.$.sg.$.imp.,hoti,,,,,1,100,6,vn,en
1133,hehissasi,.v.,.2p.$.sg.$.imp.,hoti,,,,,1,100,9,vn,en
1134,hohisi,.v.,.2p.$.sg.$.imp.,hoti,,,,,1,100,6,vn,en
1135,hohissasi,.v.,.2p.$.sg.$.imp.,hoti,,,,,1,100,9,vn,en
1136,hesi,.v.,.2p.$.sg.$.imp.,hoti,,,,,1,100,4,vn,en
1137,hessasi,.v.,.2p.$.sg.$.imp.,hoti,,,,,1,100,7,vn,en
1138,hehīmi,.v.,.1p.$.sg.$.imp.,hoti,,,,,1,100,6,vn,en
1139,hehissāmi,.v.,.1p.$.sg.$.imp.,hoti,,,,,1,100,9,vn,en
1140,hohīmi,.v.,.1p.$.sg.$.imp.,hoti,,,,,1,100,6,vn,en
1141,hohissāmi,.v.,.1p.$.sg.$.imp.,hoti,,,,,1,100,9,vn,en
1142,hemi,.v.,.1p.$.sg.$.imp.,hoti,,,,,1,100,4,vn,en
1143,hessāmi,.v.,.1p.$.sg.$.imp.,hoti,,,,,1,100,7,vn,en
1144,hutvā,.v:ind.,,hoti,,,,,1,100,5,vn,en
1145,hotuṃ,.v:ind.,,hoti,,,,,1,100,5,vn,en
1146,heyyuṃ,.v.,.3p.$.pl.$.opt.,hoti,,,,,1,100,6,vn,en
1147,hupeyyuṃ,.v.,.3p.$.pl.$.opt.,hoti,,,,,1,100,8,vn,en
1148,huveyyuṃ,.v.,.3p.$.pl.$.opt.,hoti,,,,,1,100,8,vn,en
1149,Heyyātha,.v.,.2p.$.pl.$.opt.,hoti,,,,,1,100,8,vn,en
1150,Hupeyyātha,.v.,.2p.$.pl.$.opt.,hoti,,,,,1,100,10,vn,en
1151,huveyyātha,.v.,.2p.$.pl.$.opt.,hoti,,,,,1,100,10,vn,en
1152,Heyyāma,.v.,.1p.$.pl.$.opt.,hoti,,,,,1,100,7,vn,en
1153,Hupeyyāma,.v.,.1p.$.pl.$.opt.,hoti,,,,,1,100,9,vn,en
1154,huveyyāma,.v.,.1p.$.pl.$.opt.,hoti,,,,,1,100,9,vn,en
1155,heyya,.v.,.3p.$.sg.$.opt.,hoti,,,,,1,100,5,vn,en
1156,hupeyya,.v.,.3p.$.sg.$.opt.,hoti,,,,,1,100,7,vn,en
1157,huveyya,.v.,.3p.$.sg.$.opt.,hoti,,,,,1,100,7,vn,en
1158,Heyyāsi,.v.,.2p.$.sg.$.opt.,hoti,,,,,1,100,7,vn,en
1159,Hupeyyāsi,.v.,.2p.$.sg.$.opt.,hoti,,,,,1,100,9,vn,en
1160,huveyyāsi,.v.,.2p.$.sg.$.opt.,hoti,,,,,1,100,9,vn,en
1161,Heyyāmi,.v.,.1p.$.sg.$.opt.,hoti,,,,,1,100,7,vn,en
1162,Hupeyyāmi,.v.,.1p.$.sg.$.opt.,hoti,,,,,1,100,9,vn,en
1163,huveyyāmi,.v.,.1p.$.sg.$.opt.,hoti,,,,,1,100,9,vn,en
1164,ahesuṃ,.v.,.3p.$.pl.$.aor.,hoti,,,,,1,100,6,vn,en
1165,ahavuṃ,.v.,.3p.$.pl.$.aor.,hoti,,,,,1,100,6,vn,en
1166,ahosittha,.v.,.2p.$.pl.$.aor.,hoti,,,,,1,100,9,vn,en
1167,ahuvattha,.v.,.2p.$.pl.$.aor.,hoti,,,,,1,100,9,vn,en
1168,ahosimha,.v.,.1p.$.pl.$.aor.,hoti,,,,,1,100,8,vn,en
1169,ahumha,.v.,.1p.$.pl.$.aor.,hoti,,,,,1,100,6,vn,en
1170,ahumhā,.v.,.1p.$.pl.$.aor.,hoti,,,,,1,100,6,vn,en
1171,ahosi,.v.,.3p.$.sg.$.aor.,hoti,,,,,1,100,5,vn,en
1172,ahu,.v.,.3p.$.sg.$.aor.,hoti,,,,,1,100,3,vn,en
1173,ahosiṃ,.v.,.1p.$.sg.$.aor.,hoti,,,,,1,100,6,vn,en
1174,ahuṃ,.v.,.1p.$.sg.$.aor.,hoti,,,,,1,100,4,vn,en
1175,karoti,.v:base.,,kara,做$作$行动$制造$建立,,,,1,100,6,vn,zh-hans
1176,karoti,.v:base.,,kara,do$act$make$establish,,,,1,100,6,Kosalla_China,en
1177,karoti,.v.,.3p.$.sg.$.pres.,karoti,,,,,1,100,6,vn,en
1178,karosi,.v.,.2p.$.sg.$.pres.,karoti,,,,,1,100,6,vn,en
1179,karomi,.v.,.1p.$.sg.$.pres.,karoti,,,,,1,100,6,vn,en
1180,karonti,.v.,.3p.$.pl.$.pres.,karoti,,,,,1,100,7,vn,en
1181,karotha,.v.,.2p.$.pl.$.pres.,karoti,,,,,1,100,7,vn,en
1182,karoma,.v.,.1p.$.pl.$.pres.,karoti,,,,,1,100,6,vn,en
1183,akari,.v.,.3p.$.sg.$.aor.,karoti,,,,,1,100,5,vn,en
1184,akarī,.v.,.3p.$.sg.$.aor.,karoti,,,,,1,100,5,vn,en
1185,akariṃ,.v.,.1p.$.sg.$.aor.,karoti,,,,,1,100,6,vn,en
1186,akaṃsu,.v.,.3p.$.pl.$.aor.,karoti,,,,,1,100,6,vn,en
1187,akarittha,.v.,.2p.$.pl.$.aor.,karoti,,,,,1,100,9,vn,en
1188,akarimha,.v.,.1p.$.pl.$.aor.,karoti,,,,,1,100,8,vn,en
1189,kariṃ,.v.,.1p.$.sg.$.aor.,karoti,,,,,1,100,5,vn,en
1190,karittha,.v.,.2p.$.pl.$.aor.,karoti,,,,,1,100,8,vn,en
1191,karimha,.v.,.1p.$.pl.$.aor.,karoti,,,,,1,100,7,vn,en
1192,karissati,.v.,.3p.$.sg.$.fut.,karoti,,,,,1,100,9,vn,en
1193,karissasi,.v.,.2p.$.sg.$.fut.,karoti,,,,,1,100,9,vn,en
1194,karissāmi,.v.,.1p.$.sg.$.fut.,karoti,,,,,1,100,9,vn,en
1195,karissanti,.v.,.3p.$.pl.$.fut.,karoti,,,,,1,100,10,vn,en
1196,karissatha,.v.,.2p.$.pl.$.fut.,karoti,,,,,1,100,10,vn,en
1197,karissāma,.v.,.1p.$.pl.$.fut.,karoti,,,,,1,100,9,vn,en
1198,karotu,.v.,.3p.$.sg.$.imp.,karoti,,,,,1,100,6,vn,en
1199,karohi,.v.,.2p.$.sg.$.imp.,karoti,,,,,1,100,6,vn,en
1200,karomi,.v.,.1p.$.sg.$.imp.,karoti,,,,,1,100,6,vn,en
1201,karontu,.v.,.3p.$.pl.$.imp.,karoti,,,,,1,100,7,vn,en
1202,karotha,.v.,.2p.$.pl.$.imp.,karoti,,,,,1,100,7,vn,en
1203,karoma,.v.,.1p.$.pl.$.imp.,karoti,,,,,1,100,6,vn,en
1204,karitva,.v:ind.,,karoti,,,,,1,100,7,vn,en
1205,katvā,.v:ind.,,karoti,,,,,1,100,5,vn,en
1206,karituṃ,.v:ind.,,karoti,,,,,1,100,7,vn,en
1207,kātuṃ,.v:ind.,,karoti,,,,,1,100,5,vn,en
1208,akari,.v.,.2p.$.sg.$.aor.,karoti,,,,,1,100,5,vn,en
1209,akaro,.v.,.2p.$.sg.$.aor.,karoti,,,,,1,100,5,vn,en
1210,akariṃsu,.v.,.3p.$.pl.$.aor.,karoti,,,,,1,100,8,vn,en
1211,akaruṃ,.v.,.3p.$.pl.$.aor.,karoti,,,,,1,100,6,vn,en
1212,kari,.v.,.3p.$.sg.$.aor.,karoti,,,,,1,100,4,vn,en
1213,karī,.v.,.3p.$.sg.$.aor.,karoti,,,,,1,100,4,vn,en
1214,kari,.v.,.2p.$.sg.$.aor.,karoti,,,,,1,100,4,vn,en
1215,karo,.v.,.2p.$.sg.$.aor.,karoti,,,,,1,100,4,vn,en
1216,kariṃsu,.v.,.3p.$.pl.$.aor.,karoti,,,,,1,100,7,vn,en
1217,akaruṃ,.v.,.3p.$.pl.$.aor.,karoti,,,,,1,100,6,vn,en
1218,kaṃsu,.v.,.3p.$.pl.$.aor.,karoti,,,,,1,100,5,vn,en
1219,kareyya,.v.,.3p.$.sg.$.opt.,karoti,,,,,1,100,7,vn,en
1220,kayira,.v.,.3p.$.sg.$.opt.,karoti,,,,,1,100,6,vn,en
1221,kare,.v.,.3p.$.sg.$.opt.,karoti,,,,,1,100,4,vn,en
1222,kareyyāsi,.v.,.2p.$.sg.$.opt.,karoti,,,,,1,100,9,vn,en
1223,kayirāsi,.v.,.2p.$.sg.$.opt.,karoti,,,,,1,100,8,vn,en
1224,kareyyāmi,.v.,.1p.$.sg.$.opt.,karoti,,,,,1,100,9,vn,en
1225,kayirāmi,.v.,.1p.$.sg.$.opt.,karoti,,,,,1,100,8,vn,en
1226,kareyyuṃ,.v.,.3p.$.pl.$.opt.,karoti,,,,,1,100,8,vn,en
1227,kayiruṃ,.v.,.3p.$.pl.$.opt.,karoti,,,,,1,100,7,vn,en
1228,kareyyātha,.v.,.2p.$.pl.$.opt.,karoti,,,,,1,100,10,vn,en
1229,kayirātha,.v.,.2p.$.pl.$.opt.,karoti,,,,,1,100,9,vn,en
1230,kareyyāma,.v.,.1p.$.pl.$.opt.,karoti,,,,,1,100,9,vn,en
1231,kayirāma,.v.,.1p.$.pl.$.opt.,karoti,,,,,1,100,8,vn,en
1232,atta,.n:base.,.m.,,self,,,,1,100,4,vn,en
1233,atta,.n:base.,.m.,,自己,,,,1,100,4,Kosalla_China,zh-hans
1234,attā,.n.,.m.$.sg.$.nom.,atta,,,atta+[ā],,1,100,4,vn,en
1235,atta,.n.,.m.$.sg.$.voc.,atta,,,atta+[a],,1,100,4,vn,en
1236,attā,.n.,.m.$.sg.$.voc.,atta,,,atta+[ā],,1,100,4,vn,en
1237,attānaṃ,.n.,.m.$.sg.$.acc.,atta,,,atta+[ṃ],,1,100,7,vn,en
1238,attaṃ,.n.,.m.$.sg.$.acc.,atta,,,atta+[ṃ],,1,100,5,vn,en
1239,attanaṃ,.n.,.m.$.sg.$.acc.,atta,,,atta+[ṃ],,1,100,7,vn,en
1240,attano,.n.,.m.$.sg.$.gen.,atta,,,atta+[sa],,1,100,6,vn,en
1241,attassa,.n.,.m.$.sg.$.gen.,atta,,,atta+[sa],,1,100,7,vn,en
1242,attano,.n.,.m.$.sg.$.dat.,atta,,,atta+[to],,1,100,6,vn,en
1243,attassa,.n.,.m.$.sg.$.dat.,atta,,,atta+[sa],,1,100,7,vn,en
1244,attanā,.n.,.m.$.sg.$.inst.,atta,,,atta+[nā],,1,100,6,vn,en
1245,attena,.n.,.m.$.sg.$.inst.,atta,,,atta+[ena],,1,100,6,vn,en
1246,attanā,.n.,.m.$.sg.$.abl.,atta,,,atta+[ā],,1,100,6,vn,en
1247,attasmā,.n.,.m.$.sg.$.abl.,atta,,,atta+[smā],,1,100,7,vn,en
1248,attamhā,.n.,.m.$.sg.$.abl.,atta,,,atta+[mhā],,1,100,7,vn,en
1249,attani,.n.,.m.$.sg.$.loc.,atta,,,atta+[i],,1,100,6,vn,en
1250,attasmiṃ,.n.,.m.$.sg.$.loc.,atta,,,atta+[smiṃ],,1,100,8,vn,en
1251,attamhi,.n.,.m.$.sg.$.loc.,atta,,,atta+[mhi],,1,100,7,vn,en
1252,attāno,.n.,.m.$.pl.$.nom.,atta,,,atta+[o],,1,100,6,vn,en
1253,attā,.n.,.m.$.pl.$.nom.,atta,,,atta+[ā],,1,100,4,vn,en
1254,attāno,.n.,.m.$.pl.$.voc.,atta,,,atta+[o],,1,100,6,vn,en
1255,attā,.n.,.m.$.pl.$.voc.,atta,,,atta+[ā],,1,100,4,vn,en
1256,attāno,.n.,.m.$.pl.$.acc.,atta,,,atta+[o],,1,100,6,vn,en
1257,atte,.n.,.m.$.pl.$.acc.,atta,,,atta+[e],,1,100,4,vn,en
1258,attānaṃ,.n.,.m.$.pl.$.dat.,atta,,,atta+[naṃ],,1,100,7,vn,en
1259,attānaṃ,.n.,.m.$.pl.$.gen.,atta,,,atta+[naṃ],,1,100,7,vn,en
1260,attanehi,.n.,.m.$.pl.$.inst.,atta,,,atta+[ehi],,1,100,8,vn,en
1261,attanebhi,.n.,.m.$.pl.$.inst.,atta,,,atta+[ebhi],,1,100,9,vn,en
1262,attanehi,.n.,.m.$.pl.$.abl.,atta,,,atta+[ehi],,1,100,8,vn,en
1263,attanebhi,.n.,.m.$.pl.$.abl.,atta,,,atta+[ebhi],,1,100,9,vn,en
1264,attanesu,.n.,.m.$.pl.$.loc.,atta,,,atta+[su],,1,100,8,vn,en
1265,brahma,.n:base.,.m,,梵天神,,,,1,100,6,vn,zh-hans
1266,brahma,.n:base.,.m,,Most High God,,,,1,100,6,Kosalla_China,en
1267,brahmā,.n.,.m.$.sg.$.nom.,brahma,,,brahma+[ā],,1,100,6,vn,en
1268,brahme,.n.,.m.$.sg.$.voc.,brahma,,,brahma+[e],,1,100,6,vn,en
1269,brahmānaṃ,.n.,.m.$.sg.$.acc.,brahma,,,brahma+[ṃ],,1,100,9,vn,en
1270,brahmaṃ,.n.,.m.$.sg.$.acc.,brahma,,,brahma+[ṃ],,1,100,7,vn,en
1271,brahmuno,.n.,.m.$.sg.$.dat.,brahma,,,brahma+[to],,1,100,8,vn,en
1272,brahmassa,.n.,.m.$.sg.$.dat.,brahma,,,brahma+[sa],,1,100,9,vn,en
1273,brahmuno,.n.,.m.$.sg.$.gen.,brahma,,,brahma+[sa],,1,100,8,vn,en
1274,brahmassa,.n.,.m.$.sg.$.gen.,brahma,,,brahma+[sa],,1,100,9,vn,en
1275,brahmanā,.n.,.m.$.sg.$.inst.,brahma,,,brahma+[ena],,1,100,8,vn,en
1276,brahmunā,.n.,.m.$.sg.$.inst.,brahma,,,brahma+[ena],,1,100,8,vn,en
1277,brahmanā,.n.,.m.$.sg.$.abl.,brahma,,,brahma+[ena],,1,100,8,vn,en
1278,brahmunā,.n.,.m.$.sg.$.abl.,brahma,,,brahma+[ena],,1,100,8,vn,en
1279,brahme,.n.,.m.$.sg.$.loc.,brahma,,,brahma+[e],,1,100,6,vn,en
1280,brahmani,.n.,.m.$.sg.$.loc.,brahma,,,brahma+[ni],,1,100,8,vn,en
1281,brahmasmiṃ,.n.,.m.$.sg.$.loc.,brahma,,,brahma+[smiṃ],,1,100,10,vn,en
1282,brahmamhi,.n.,.m.$.sg.$.loc.,brahma,,,brahma+[mhi],,1,100,9,vn,en
1283,brahmāno,.n.,.m.$.pl.$.nom.,brahma,,,brahma+[o],,1,100,8,vn,en
1284,brahmā,.n.,.m.$.pl.$.nom.,brahma,,,brahma+[ā],,1,100,6,vn,en
1285,brahmāno,.n.,.m.$.pl.$.voc.,brahma,,,brahma+[o],,1,100,8,vn,en
1286,brahmā,.n.,.m.$.pl.$.voc.,brahma,,,brahma+[ā],,1,100,6,vn,en
1287,brahmāno,.n.,.m.$.pl.$.acc.,brahma,,,brahma+[o],,1,100,8,vn,en
1288,brahmānaṃ,.n.,.m.$.pl.$.dat.,brahma,,,brahma+[naṃ],,1,100,9,vn,en
1289,brahmunaṃ,.n.,.m.$.pl.$.dat.,brahma,,,brahma+[naṃ],,1,100,9,vn,en
1290,brahmānaṃ,.n.,.m.$.pl.$.gen.,brahma,,,brahma+[naṃ],,1,100,9,vn,en
1291,brahmunaṃ,.n.,.m.$.pl.$.gen.,brahma,,,brahma+[naṃ],,1,100,9,vn,en
1292,brahmehi,.n.,.m.$.pl.$.inst.,brahma,,,brahma+[ehi],,1,100,8,vn,en
1293,brahmebhi,.n.,.m.$.pl.$.inst.,brahma,,,brahma+[ebhi],,1,100,9,vn,en
1294,brahmūhi,.n.,.m.$.pl.$.inst.,brahma,,,brahma+[ehi],,1,100,8,vn,en
1295,brahmūbhi,.n.,.m.$.pl.$.inst.,brahma,,,brahma+[ebhi],,1,100,9,vn,en
1296,brahmehi,.n.,.m.$.pl.$.abl.,brahma,,,brahma+[ehi],,1,100,8,vn,en
1297,brahmebhi,.n.,.m.$.pl.$.abl.,brahma,,,brahma+[ebhi],,1,100,9,vn,en
1298,brahmūhi,.n.,.m.$.pl.$.abl.,brahma,,,brahma+[ehi],,1,100,8,vn,en
1299,brahmūbhi,.n.,.m.$.pl.$.abl.,brahma,,,brahma+[ebhi],,1,100,9,vn,en
1300,brahmesu,.n.,.m.$.pl.$.loc.,brahma,,,brahma+[su],,1,100,8,vn,en
1301,rāja,.n:base.,.m,,王$国王,,,,1,100,4,vn,zh-hans
1302,rāja,.n:base.,.m,,king,,,,1,100,4,Kosalla_China,en
1303,rājā,,.m.$.sg.$.nom.,rāja,,,rāja+[ā],,1,100,4,vn,en
1304,rājā,,.m.$.sg.$.voc.,rāja,,,rāja+[ā],,1,100,4,vn,en
1305,rāja,,.m.$.sg.$.voc.,rāja,,,rāja+[a],,1,100,4,vn,en
1306,rājānaṃ,,.m.$.sg.$.acc.,rāja,,,rāja+[ṃ],,1,100,7,vn,en
1307,rājaṃ,,.m.$.sg.$.acc.,rāja,,,rāja+[ṃ],,1,100,5,vn,en
1308,rañño,,.m.$.sg.$.dat.,rāja,,,rāja+[to],,1,100,5,vn,en
1309,rājino,,.m.$.sg.$.dat.,rāja,,,rāja+[to],,1,100,6,vn,en
1310,rājassa,,.m.$.sg.$.dat.,rāja,,,rāja+[sa],,1,100,7,vn,en
1311,rañño,,.m.$.sg.$.gen.,rāja,,,rāja+[to],,1,100,5,vn,en
1312,rājino,,.m.$.sg.$.gen.,rāja,,,rāja+[to],,1,100,6,vn,en
1313,rājassa,,.m.$.sg.$.gen.,rāja,,,rāja+[sa],,1,100,7,vn,en
1314,rañña,,.m.$.sg.$.inst.,rāja,,,rāja+[ena],,1,100,5,vn,en
1315,rājena,,.m.$.sg.$.inst.,rāja,,,rāja+[ena],,1,100,6,vn,en
1316,rājinā,,.m.$.sg.$.inst.,rāja,,,rāja+[ena],,1,100,6,vn,en
1317,raññā,,.m.$.sg.$.abl.,rāja,,,rāja+[ā],,1,100,5,vn,en
1318,rājasmā,,.m.$.sg.$.abl.,rāja,,,rāja+[smā],,1,100,7,vn,en
1319,rājamha,,.m.$.sg.$.abl.,rāja,,,rāja+[mha],,1,100,7,vn,en
1320,raññe,,.m.$.sg.$.loc.,rāja,,,rāja+[ne],,1,100,5,vn,en
1321,raññi,,.m.$.sg.$.loc.,rāja,,,rāja+[ni],,1,100,5,vn,en
1322,rājini,,.m.$.sg.$.loc.,rāja,,,rāja+[ini],,1,100,6,vn,en
1323,rājimhi,,.m.$.sg.$.loc.,rāja,,,rāja+[mhi],,1,100,7,vn,en
1324,rājismiṃ,,.m.$.sg.$.loc.,rāja,,,rāja+[smiṃ],,1,100,8,vn,en
1325,rājāno,,.m.$.pl.$.nom.,rāja,,,rāja+[o],,1,100,6,vn,en
1326,rājā,,.m.$.pl.$.nom.,rāja,,,rāja+[ā],,1,100,4,vn,en
1327,rājāno,,.m.$.pl.$.voc.,rāja,,,rāja+[o],,1,100,6,vn,en
1328,rājā,,.m.$.pl.$.voc.,rāja,,,rāja+[ā],,1,100,4,vn,en
1329,rājāno,,.m.$.pl.$.acc.,rāja,,,rāja+[o],,1,100,6,vn,en
1330,raññaṃ,,.m.$.pl.$.dat.,rāja,,,rāja+[naṃ],,1,100,6,vn,en
1331,rājūnaṃ,,.m.$.pl.$.dat.,rāja,,,rāja+[naṃ],,1,100,7,vn,en
1332,rājānaṃ,,.m.$.pl.$.dat.,rāja,,,rāja+[naṃ],,1,100,7,vn,en
1333,rājūhi,,.m.$.pl.$.inst.,rāja,,,rāja+[ehi],,1,100,6,vn,en
1334,rājūbhi,,.m.$.pl.$.inst.,rāja,,,rāja+[ebhi],,1,100,7,vn,en
1335,rājehi,,.m.$.pl.$.inst.,rāja,,,rāja+[ehi],,1,100,6,vn,en
1336,rājebhi,,.m.$.pl.$.inst.,rāja,,,rāja+[ebhi],,1,100,7,vn,en
1337,rājūsu,,.m.$.pl.$.loc.,rāja,,,rāja+[su],,1,100,6,vn,en
1338,rājesu,,.m.$.pl.$.loc.,rāja,,,rāja+[su],,1,100,6,vn,en
1339,raññaṃ,,.m.$.pl.$.gen.,rāja,,,rāja+[naṃ],,1,100,6,vn,en
1340,rājūnaṃ,,.m.$.pl.$.gen.,rāja,,,rāja+[naṃ],,1,100,7,vn,en
1341,rājānaṃ,,.m.$.pl.$.gen.,rāja,,,rāja+[naṃ],,1,100,7,vn,en
1342,rājūhi,,.m.$.pl.$.abl.,rāja,,,rāja+[ehi],,1,100,6,vn,en
1343,rājūbhi,,.m.$.pl.$.abl.,rāja,,,rāja+[ebhi],,1,100,7,vn,en
1344,rājehi,,.m.$.pl.$.abl.,rāja,,,rāja+[ehi],,1,100,6,vn,en
1345,rājebhi,,.m.$.pl.$.abl.,rāja,,,rāja+[ebhi],,1,100,7,vn,en
1346,puma,.n:base.,.m,,男人$阳性,,,,1,100,4,vn,zh-hans
1347,puma,.n:base.,.m,,male$masculin,,,,1,100,4,Kosalla_China,en
1348,pumā,.n.,.m.$.sg.$.nom.,puma,,,puma+[ā],,1,100,4,vn,en
1349,pumaṃ,.n.,.m.$.sg.$.voc.,puma,,,puma+[ṃ],,1,100,5,vn,en
1350,puma,.n.,.m.$.sg.$.voc.,puma,,,puma+[a],,1,100,4,vn,en
1351,pumaṃ,.n.,.m.$.sg.$.acc.,puma,,,puma+[ṃ],,1,100,5,vn,en
1352,pumānaṃ,.n.,.m.$.sg.$.acc.,puma,,,puma+[ṃ],,1,100,7,vn,en
1353,pumuno,.n.,.m.$.sg.$.dat.,puma,,,puma+[to],,1,100,6,vn,en
1354,pumassa,.n.,.m.$.sg.$.dat.,puma,,,puma+[sa],,1,100,7,vn,en
1355,pumuno,.n.,.m.$.sg.$.gen.,puma,,,puma+[to],,1,100,6,vn,en
1356,pumassa,.n.,.m.$.sg.$.gen.,puma,,,puma+[sa],,1,100,7,vn,en
1357,pumunā,.n.,.m.$.sg.$.inst.,puma,,,puma+[ena],,1,100,6,vn,en
1358,pumānā,.n.,.m.$.sg.$.inst.,puma,,,puma+[ena],,1,100,6,vn,en
1359,pumena,.n.,.m.$.sg.$.inst.,puma,,,puma+[ena],,1,100,6,vn,en
1360,pumunā,.n.,.m.$.sg.$.abl.,puma,,,puma+[ā],,1,100,6,vn,en
1361,pumānā,.n.,.m.$.sg.$.abl.,puma,,,puma+[ā],,1,100,6,vn,en
1362,pumā,.n.,.m.$.sg.$.abl.,puma,,,puma+[ā],,1,100,4,vn,en
1363,pumasmā,.n.,.m.$.sg.$.abl.,puma,,,puma+[smā],,1,100,7,vn,en
1364,pumamhā,.n.,.m.$.sg.$.abl.,puma,,,puma+[mhā],,1,100,7,vn,en
1365,pumāne,.n.,.m.$.sg.$.loc.,puma,,,puma+[ne],,1,100,6,vn,en
1366,pume,.n.,.m.$.sg.$.loc.,puma,,,puma+[e],,1,100,4,vn,en
1367,pumasmiṃ,.n.,.m.$.sg.$.loc.,puma,,,puma+[smiṃ],,1,100,8,vn,en
1368,pumamhi,.n.,.m.$.sg.$.loc.,puma,,,puma+[mhi],,1,100,7,vn,en
1369,pumāno,.n.,.m.$.pl.$.nom.,puma,,,puma+[o],,1,100,6,vn,en
1370,pumā,.n.,.m.$.pl.$.nom.,puma,,,puma+[ā],,1,100,4,vn,en
1371,pumāno,.n.,.m.$.pl.$.voc.,puma,,,puma+[o],,1,100,6,vn,en
1372,pumā,.n.,.m.$.pl.$.voc.,puma,,,puma+[ā],,1,100,4,vn,en
1373,pumāno,.n.,.m.$.pl.$.acc.,puma,,,puma+[o],,1,100,6,vn,en
1374,pume,.n.,.m.$.pl.$.acc.,puma,,,puma+[e],,1,100,4,vn,en
1375,pumānaṃ,.n.,.m.$.pl.$.dat.,puma,,,puma+[naṃ],,1,100,7,vn,en
1376,pumānaṃ,.n.,.m.$.pl.$.gen.,puma,,,puma+[naṃ],,1,100,7,vn,en
1377,pumānehi,.n.,.m.$.pl.$.inst.,puma,,,puma+[ehi],,1,100,8,vn,en
1378,pumānebhi,.n.,.m.$.pl.$.inst.,puma,,,puma+[ebhi],,1,100,9,vn,en
1379,pumehi,.n.,.m.$.pl.$.inst.,puma,,,puma+[ehi],,1,100,6,vn,en
1380,pumebhi,.n.,.m.$.pl.$.inst.,puma,,,puma+[ebhi],,1,100,7,vn,en
1381,pumānesu,.n.,.m.$.pl.$.loc.,puma,,,puma+[su],,1,100,8,vn,en
1382,pumāsu,.n.,.m.$.pl.$.loc.,puma,,,puma+[su],,1,100,6,vn,en
1383,pumesu,.n.,.m.$.pl.$.loc.,puma,,,puma+[su],,1,100,6,vn,en
1384,’ti,.ind.,,iti,[引号],,iti,,1,100,3,vn,zh-hans
1385,nti,.un.,,iti,[引号],,ṃ+[iti],,1,100,3,vn,zh-hans
1386,attano,.n.,.m.$.sg.$.gen.,atta,自己[的],,atta+[no],,1,100,6,vn,zh-hans
1387,tiādi,.un.,,,,,iti+ādi,,1,100,5,vn,en
1388,ceva,.un.,,,,,ca+eva,,1,100,4,vn,en
1389,sī,.note.,,sīha,[斯里兰卡]$[狮子国],,sī,,1,100,2,Kosalla_China,zh-hans
1390,syā,.note.,,,[暹罗],,syā,,1,100,3,Kosalla_China,zh-hans
1391,sī,.note.,,sīha,[Sinhala],,sī,,1,100,2,Kosalla_China,en
1392,syā,.note.,,,[Siam],,syā,,1,100,3,Kosalla_China,en
1393,pī,.note.,,,[PTS],,pī,,1,100,3,Kosalla_China,en
1394,pī,.note.,,,[巴利圣典协会],,pī,,1,100,3,Kosalla_China,zh-hans
1395,sī.,.note.,,sīha,[斯里兰卡]$[狮子国],,sī,,1,100,2,Kosalla_China,zh-hans
1396,syā.,.note.,,,[暹罗],,syā,,1,100,3,Kosalla_China,zh-hans
1397,sī.,.note.,,sīha,[Sinhala],,sī,,1,100,2,Kosalla_China,en
1398,syā.,.note.,,,[Siam],,syā,,1,100,3,Kosalla_China,en
1399,pī.,.note.,,,[PTS],,pī,,1,100,3,Kosalla_China,en
1400,pī.,.note.,,,[巴利圣典协会],,pī,,1,100,3,Kosalla_China,zh-hans
1401,hotīti,.un.,,,,,hoti+iti,,1,100,6,vn,en
1402,hetupaccayā,,,,[诸]因缘,,hetu+paccaya+[ā],因+缘+[等],1,100,11,vn,zh-hans
1403,tenāha,.un.,,,,,tena+ahaṃ,,1,100,6,vn,en
1404,pī,.note.,,,,,pī,,1,100,2,vn,en
1405,tiādīsu,.un.,,,,,iti+ādīsu,,1,100,7,vn,en
1406,cāti,.un.,,,,,ca+iti,,1,100,4,vn,en
1407,tiādimāha,.un.,,,,,iti+ādiṃ+āha,,1,100,9,vn,en
1408,etadavoca,.un.,,,,,eta+avoca,,1,100,9,vn,en
1409,eseva,.un.,,,,,esa+eva,,1,100,5,vn,en
1410,dī,.note.,,,长,,dīgha,,1,100,2,vn,zh-hans
1411,dī,.note.,,,Long,,dīgha,,1,100,2,Kosalla_China,en
1412,dī.,.note.,,,长,,dīgha,,1,100,2,vn,zh-hans
1413,dī.,.note.,,,Long,,dīgha,,1,100,2,Kosalla_China,en
1414,panettha,.un.,,,,,pana+ettha,,1,100,8,vn,en
1415,hetuyā,,,hetu,,,hetu+[yā],,1,100,6,vn,en
1416,teneva,.un.,,,,,tena+eva,,1,100,6,vn,en
1417,hevaṃ,.un.,,,,,hi+evaṃ,,1,100,5,vn,en
1418,vuttanti,.un.,,,,,vuttaṃ+iti,,1,100,8,vn,en
1419,tattheva,.un.,,,,,tattha+eva,,1,100,8,vn,en
1420,cettha,.un.,,,,,ca+ettha,,1,100,6,vn,en
1421,pañcahi,.un.,,,,,pañca+hi,,1,100,7,vn,en
1422,atthīti,.un.,,,,,atthi+iti,,1,100,7,vn,en
1423,etamatthaṃ,.un.,,,,,etaṃ+atthaṃ,,1,100,10,vn,en
1424,tasseva,.un.,,,,,tassa+eva,,1,100,7,vn,en
1425,gāthamāha,.un.,,,,,gāthaṃ+āha,,1,100,9,vn,en
1426,ntiādi,.un.,,,,,ṃ+iti+ādi,,1,100,6,vn,en
1427,ayampi,.un.,,,,,ayaṃ+api,,1,100,6,vn,en
1428,evañca,.un.,,,,,evaṃ+ca,,1,100,6,vn,en
1429,tipi,.un.,,,,,iti+api,,1,100,4,vn,en
1430,athassa,.un.,,,,,atha+assa,,1,100,7,vn,en
1431,tenupasaṅkami,.un.,,,,,tena+upasaṅkami,,1,100,13,vn,en
1432,tampi,.un.,,,,,taṃ+api,,1,100,5,vn,en
1433,pañcannaṃ,,,pañca,,,pañca+[naṃ],,1,100,9,vn,en
1434,sabbepi,.un.,,,,,sabbe+api,,1,100,7,vn,en
1435,caparaṃ,.un.,,,,,ca+paraṃ,,1,100,7,vn,en
1436,hī,.ind.,,,因为$的确,,hi,,1,100,2,vn,zh-hans
1437,evampi,.un.,,,,,evaṃ+api,,1,100,6,vn,en
1438,iccādi,.un.,,,,,iti+ādi,,1,100,6,vn,en
1439,vīriyaṃ,.n.,.nt.$.sg.$.acc.,,精进,,vīriya+[ṃ],,1,100,7,vn,zh-hans
1440,uppajjatīti,.un.,,,,,uppajjati+iti,,1,100,11,vn,en
1441,kathañca,.un.,,,,,kathaṃ+ca,,1,100,8,vn,en
1442,etadahosi,.un.,,,,,eta+ahosi,,1,100,9,vn,en
1443,tameva,.un.,,,,,taṃ+eva,,1,100,6,vn,en
1444,vuttañhetaṃ,.un.,,,,,vuttaṃ+hi+etaṃ,,1,100,11,vn,en
1445,yañca,.un.,,,,,yaṃ+ca,,1,100,5,vn,en
1446,vaṭṭatīti,.un.,,,,,vaṭṭati+iti,,1,100,9,vn,en
1447,ṭī,.note.,,ṭīkā,复註$疏,,ṭīkā,,1,100,2,vn,zh-hans
1448,hetupaccayena,,,,,,hetupaccaya+[ena],,1,100,13,vn,en
1449,etthāpi,.un.,,,,,ettha+api,,1,100,7,vn,en
1450,cūḷava,.note.,,cūḷavagga,,,cūḷa+vagga,,1,100,6,vn,en
1451,sayameva,.un.,,,,,sayaṃ+eva,,1,100,8,vn,en
1452,tañhi,.un.,,,,,taṃ+hi,,1,100,5,vn,en
1453,pañcasu,.num.,,,,,pañca+[su],,1,100,7,vn,en
1454,ayamettha,.un.,,,,,ayaṃ+ettha,,1,100,9,vn,en
1455,ayameva,.un.,,,,,ayaṃ+eva,,1,100,7,vn,en
1456,karotīti,.un.,,,,,karoti+iti,,1,100,8,vn,en
1457,etenāti,.un.,,,,,etena+iti,,1,100,7,vn,en
1458,evañhi,.un.,,,,,evaṃ+hi,,1,100,6,vn,en
1459,pahātabbo,.ti.,.m.$.sg.$.nom.,pahātabba,,,pahātabba+[o],,1,100,9,vn,en
1460,etthāti,.un.,,,,,ettha+iti,,1,100,7,vn,en
1461,idampi,.un.,,,,,idaṃ+api,,1,100,6,vn,en
1462,siyāti,.un.,,,,,siyā+iti,,1,100,6,vn,en
1463,samuṭṭhāti,.un.,,,,,samuṭṭhā+iti,,1,100,10,vn,en
1464,evametaṃ,.un.,,,,,evaṃ+etaṃ,,1,100,8,vn,en
1465,sampayuttakānaṃ,.ti.,.m.$.sg.$.gen.,sampayuttaka,,,sampayuttaka+[ānaṃ],,1,100,15,vn,en
1466,kathañhi,.un.,,,,,kathaṃ+hi,,1,100,8,vn,en
1467,idheva,.un.,,,,,idha+eva,,1,100,6,vn,en
1468,naadhipatiyā,.un.,,,,,na+adhipatiyā,,1,100,12,vn,en
1469,cāpi,.un.,,,,,ca+api,,1,100,4,vn,en
1470,kammapaccayena,.n.,.m.$.sg.$.abl.,kammapaccaya,,,kamma+paccaya+[ena],,1,100,14,vn,en
1471,idañca,.un.,,,,,idaṃ+ca,,1,100,6,vn,en
1472,tassattho,.un.,,,,,tassa+attho,,1,100,9,vn,en
1473,sahajātapaccayena,.n.,.m.$.sg.$.abl.,sahajātapaccaya,,,sahajāta+paccaya+[ena],,1,100,17,vn,en
1474,evamettha,.un.,,,,,evaṃ+ettha,,1,100,9,vn,en
1475,assāti,.un.,,,,,assa+iti,,1,100,6,vn,en
1476,ahampi,.un.,,,,,ahaṃ+pi,,1,100,6,vn,en
1477,gacchatīti,.un.,,,,,gacchati+iti,,1,100,10,vn,en
1478,dvepi,.un.,,,,,dve+api,,1,100,5,vn,en
1479,etassāti,.un.,,,,,etassa+ti,,1,100,8,vn,en
1480,chasu,,,cha,,,cha+[su],,1,100,5,vn,en
1481,idhāpi,.un.,,,,,idha+api,,1,100,6,vn,en
1482,diṭṭheva,.un.,,,,,diṭṭha+eva,,1,100,8,vn,en
1483,itipi,.un.,,,,,iti+api,,1,100,5,vn,en
1484,pavattatīti,.un.,,,,,pavattati+iti,,1,100,11,vn,en
1485,vuttāti,.un.,,,,,vuttā+iti,,1,100,7,vn,en
1486,ayañca,.un.,,,,,ayaṃ+ca,,1,100,6,vn,en
1487,idameva,.un.,,,,,idaṃ+eva,,1,100,7,vn,en
1488,sabbampi,.un.,,,,,sabbaṃ+api,,1,100,8,vn,en
1489,uppajjissatīti,.un.,,,,,uppajjissati+iti,,1,100,14,vn,en
1490,nāpi,.un.,,,,,na+api,,1,100,4,vn,en
1491,bhikkhusaṅghassa,.n.,.m.$.gen.,bhikkhusaṅgha,,,bhikkhu+saṅgha+[ssa],,1,100,16,vn,en
1492,evamassa,.un.,,,,,evaṃ+assa,,1,100,8,vn,en
1493,ayañhi,.un.,,,,,ayaṃ+hi,,1,100,6,vn,en
1494,chahi,.un.,,,,,cha+hi,,1,100,5,vn,en
1495,etthā,.ind.,.adv.,ettha,,,ettha,,1,100,5,vn,en
1496,viyāti,.un.,,,,,viya+iti,,1,100,6,vn,en
1497,katihi,.un.,,,,,kati+hi,,1,100,6,vn,en
1498,ayamattho,.un.,,,,,ayaṃ+attho,,1,100,9,vn,en
1499,tasmiṃyeva,.un.,,,,,tasmiṃ+eva,,1,100,10,vn,en
1500,imamatthaṃ,.un.,,,,,imaṃ+atthaṃ,,1,100,10,vn,en
1501,ahameva,.un.,,,,,ahaṃ+eva,,1,100,7,vn,en
1502,satipi,.un.,,,,,sati+api,,1,100,6,vn,en
1503,cittasamuṭṭhānañca,.un.,,,,,cittasamuṭṭhānaṃ+ca,,1,100,18,vn,en
1504,sacepi,.un.,,,,,sace+api,,1,100,6,vn,en
1505,pahātabbahetuko,.ti.,.m.$.sg.$.nom.,,,,pahātabba+hetuka+[o],,1,100,15,vn,en
1506,ubhopi,.un.,,,,,ubho+api,,1,100,6,vn,en
1507,aññepi,.un.,,,,,aññe+api,,1,100,6,vn,en
1508,ntipi,.un.,,,,,iti+api,,1,100,5,vn,en
1509,cepi,.un.,,,,,ce+api,,1,100,4,vn,en
1510,cittasamuṭṭhānānañca,.un.,,,,,cittasamuṭṭhānānaṃ+ca,,1,100,20,vn,en
1511,vuccatīti,.un.,,,,,vuccati+iti,,1,100,9,vn,en
1512,sesesupi,.un.,,,,,sesesu+api,,1,100,8,vn,en
1513,dutiyampi,.un.,,,,,dutiyaṃ+api,,1,100,9,vn,en
1514,dasahi,.un.,,,,,dasa+hi,,1,100,6,vn,en
1515,kāmarāgānusayañca,.un.,,,,,kāmarāgānusayaṃ+ca,,1,100,17,vn,en
1516,yampi,.un.,,,,,yaṃ+api,,1,100,5,vn,en
1517,sabbāpi,.un.,,,,,sabbā+api,,1,100,7,vn,en
1518,bhikkhusaṅghaṃ,.n.,.m.$.sg.$.acc.,bhikkhusaṅgha,,,bhikkhu+saṅgha+[ṃ],,1,100,14,vn,en
1519,uttānameva,.un.,,,,,uttānaṃ+eva,,1,100,10,vn,en
1520,sāpi,.un.,,,,,sā+api,,1,100,4,vn,en
1521,vivicceva,.un.,,,,,vivicca+eva,,1,100,9,vn,en
1522,paṭighānusayañca,.un.,,,,,paṭighānusayaṃ+ca,,1,100,16,vn,en
1523,ekameva,.un.,,,,,ekaṃ+eva,,1,100,7,vn,en
1524,aṭṭhahi,.un.,,,,,aṭṭha+hi,,1,100,7,vn,en
1525,vuttameva,.un.,,,,,vuttaṃ+eva,,1,100,9,vn,en
1526,tatiyampi,.un.,,,,,tatiyaṃ+api,,1,100,9,vn,en
1527,vatthuñca,.un.,,,,,vatthuṃ+ca,,1,100,9,vn,en
1528,sabbeva,.un.,,,,,sabbe+eva,,1,100,7,vn,en
1529,dassāmī,.v.,.1p.$.sg.$.fut.,dāti,,,dāti+[ssāmi],,1,100,7,vn,en
1530,ahosīti,.un.,,,,,ahosi+iti,,1,100,7,vn,en
1531,bhavissatīti,.un.,,,,,bhavissati+iti,,1,100,12,vn,en
1532,ekampi,.un.,,,,,ekaṃ+api,,1,100,6,vn,en
1533,khandhañca,.un.,,,,,khandhaṃ+ca,,1,100,10,vn,en
1534,nacirasseva,.un.,,,,,nacirassa+eva,,1,100,11,vn,en
1535,punapi,.un.,,,,,puna+api,,1,100,6,vn,en
1536,etadavocuṃ,.un.,,,,,eta+avocuṃ,,1,100,10,vn,en
1537,saṃkhittena,.ti.,.m.$.sg.$.inst.,saṅkhitta,,,saṃkhitta+[ena],,1,100,11,vn,en
1538,vuttañhi,.un.,,,,,vuttaṃ+hi,,1,100,8,vn,en
1539,tesampi,.un.,,,,,tesaṃ+api,,1,100,7,vn,en
1540,pubbepi,.un.,,,,,pubbe+api,,1,100,7,vn,en
1541,vuttampi,.un.,,,,,vuttaṃ+api,,1,100,8,vn,en
1542,labbhatīti,.un.,,,,,labbhati+iti,,1,100,10,vn,en
1543,purimanayeneva,.un.,,,,,purimanayena+eva,,1,100,14,vn,en
1544,dasannaṃ,.num.,$.pl.$.gen.,dasa,,,dasa+[naṃ],,1,100,8,vn,en
1545,devamanussesu,,,devamanussa,,,deva+manussa+[esu],,1,100,13,vn,en
1546,tassāpi,.un.,,,,,tassa+api,,1,100,7,vn,en
1547,dhammañca,.un.,,,,,dhammaṃ+ca,,1,100,9,vn,en
1548,eka,.num:base.,,,一$单$独,,,,1,100,3,Kosalla_China,zh-hans
1549,eka,.num:base.,,,one$single$alone,,,,1,100,3,Kosalla_China,en
1550,eko,.num.,.m.$.sg.$.nom.,eka,,,,,1,100,3,vn,en
1551,ekaṃ,.num.,.m.$.sg.$.acc.,eka,,,,,1,100,4,vn,en
1552,ekena,.num.,.m.$.sg.$.inst.,eka,,,,,1,100,5,vn,en
1553,ekassa,.num.,.m.$.sg.$.dat.,eka,,,,,1,100,6,vn,en
1554,ekamhā,.num.,.m.$.sg.$.abl.,eka,,,,,1,100,6,vn,en
1555,ekasmā,.num.,.m.$.sg.$.abl.,eka,,,,,1,100,6,vn,en
1556,ekassa,.num.,.m.$.sg.$.gen.,eka,,,,,1,100,6,vn,en
1557,ekamhi,.num.,.m.$.sg.$.loc.,eka,,,,,1,100,6,vn,en
1558,ekasmiṃ,.num.,.m.$.sg.$.acc.,eka,,,,,1,100,7,vn,en
1559,ekā,.num.,.f.$.sg.$.nom.,eka,,,,,1,100,3,vn,en
1560,ekaṃ,.num.,.f.$.sg.$.acc.,eka,,,,,1,100,4,vn,en
1561,ekāya,.num.,.f.$.sg.$.inst.,eka,,,,,1,100,5,vn,en
1562,ekissā,.num.,.f.$.sg.$.dat.,eka,,,,,1,100,6,vn,en
1563,ekassā,.num.,.f.$.sg.$.nom.,eka,,,,,1,100,6,vn,en
1564,ekāya,.num.,.f.$.sg.$.nom.,eka,,,,,1,100,5,vn,en
1565,ekāya,.num.,.f.$.sg.$.abl.,eka,,,,,1,100,5,vn,en
1566,ekissā,.num.,.f.$.sg.$.gen.,eka,,,,,1,100,6,vn,en
1567,ekassā,.num.,.f.$.sg.$.gen.,eka,,,,,1,100,6,vn,en
1568,ekāya,.num.,.f.$.sg.$.gen.,eka,,,,,1,100,5,vn,en
1569,ekissā,.num.,.f.$.sg.$.loc.,eka,,,,,1,100,6,vn,en
1570,ekissāṃ,.num.,.f.$.sg.$.loc.,eka,,,,,1,100,7,vn,en
1571,ekassāṃ,.num.,.f.$.sg.$.loc.,eka,,,,,1,100,7,vn,en
1572,ekāya,.num.,.f.$.sg.$.acc.,eka,,,,,1,100,5,vn,en
1573,ekāyaṃ,.num.,.f.$.sg.$.acc.,eka,,,,,1,100,6,vn,en
1574,ekaṃ,.num.,.nt.$.sg.$.nom.,eka,,,,,1,100,4,vn,en
1575,ekaṃ,.num.,.nt.$.sg.$.acc.,eka,,,,,1,100,4,vn,en
1576,ekena,.num.,.nt.$.sg.$.inst.,eka,,,,,1,100,5,vn,en
1577,ekassa,.num.,.nt.$.sg.$.dat.,eka,,,,,1,100,6,vn,en
1578,ekamhā,.num.,.nt.$.sg.$.abl.,eka,,,,,1,100,6,vn,en
1579,ekasmā,.num.,.nt.$.sg.$.abl.,eka,,,,,1,100,6,vn,en
1580,ekassa,.num.,.nt.$.sg.$.gen.,eka,,,,,1,100,6,vn,en
1581,ekamhi,.num.,.nt.$.sg.$.loc.,eka,,,,,1,100,6,vn,en
1582,ekasmiṃ,.num.,.nt.$.sg.$.loc.,eka,,,,,1,100,7,vn,en
1583,dvi,.num:base.,,,二,,,,1,100,3,vn,zh-hans
1584,dvi,.num:base.,,,two,,,,1,100,3,Kosalla_China,en
1585,dve,.num.,$.pl.$.nom.,dvi,,,,,1,100,3,vn,en
1586,duve,.num.,$.pl.$.nom.,dvi,,,,,1,100,4,vn,en
1587,dve,.num.,$.pl.$.acc.,dvi,,,,,1,100,3,vn,en
1588,duve,.num.,$.pl.$.acc.,dvi,,,,,1,100,4,vn,en
1589,dvīhi,.num.,$.pl.$.inst.,dvi,,,,,1,100,5,vn,en
1590,dvinnaṃ,.num.,$.pl.$.dat.,dvi,,,,,1,100,7,vn,en
1591,duvinnaṃ,.num.,$.pl.$.dat.,dvi,,,,,1,100,8,vn,en
1592,dvīhi,.num.,$.pl.$.abl.,dvi,,,,,1,100,5,vn,en
1593,dvinnaṃ,.num.,$.pl.$.gen.,dvi,,,,,1,100,7,vn,en
1594,duvinnaṃ,.num.,$.pl.$.gen.,dvi,,,,,1,100,8,vn,en
1595,dvīsu,.num.,$.pl.$.loc.,dvi,,,,,1,100,5,vn,en
1596,ti,.num:base.,,,三,,,,1,100,2,vn,zh-hans
1597,tayo,.num:base.,,,三,,,,1,100,4,Kosalla_China,zh-hans
1598,ti,.num:base.,,,three,,,,1,100,2,Kosalla_China,en
1599,tayo,.num:base.,,,three,,,,1,100,4,Kosalla_China,en
1600,tayo,.num.,.m.$.pl.$.acc.,ti,,,,,1,100,4,vn,en
1601,tīhi,.num.,.m.$.pl.$.inst.,ti,,,,,1,100,4,vn,en
1602,tinnaṃ,.num.,.m.$.pl.$.dat.,ti,,,,,1,100,6,vn,en
1603,tinnannaṃ,.num.,.m.$.pl.$.dat.,ti,,,,,1,100,9,vn,en
1604,tīhi,.num.,.m.$.pl.$.abl.,ti,,,,,1,100,4,vn,en
1605,tinnaṃ,.num.,.m.$.pl.$.gen.,ti,,,,,1,100,6,vn,en
1606,tinnannaṃ,.num.,.m.$.pl.$.gen.,ti,,,,,1,100,9,vn,en
1607,tīsu,.num.,.m.$.pl.$.loc.,ti,,,,,1,100,4,vn,en
1608,tisso,.num.,.f.$.pl.$.nom.,ti,,,,,1,100,5,vn,en
1609,tisso,.num.,.f.$.pl.$.acc.,ti,,,,,1,100,5,vn,en
1610,tīhi,.num.,.f.$.pl.$.inst.,ti,,,,,1,100,4,vn,en
1611,tissannaṃ,.num.,.f.$.pl.$.dat.,ti,,,,,1,100,9,vn,en
1612,tīhi,.num.,.f.$.pl.$.abl.,ti,,,,,1,100,4,vn,en
1613,tissannaṃ,.num.,.f.$.pl.$.gen.,ti,,,,,1,100,9,vn,en
1614,tīsu,.num.,.f.$.pl.$.loc.,ti,,,,,1,100,4,vn,en
1615,tīni,.num.,.nt.$.pl.$.nom.,ti,,,,,1,100,4,vn,en
1616,tīni,.num.,.nt.$.pl.$.acc.,ti,,,,,1,100,4,vn,en
1617,tīhi,.num.,.nt.$.pl.$.inst.,ti,,,,,1,100,4,vn,en
1618,tinnaṃ,.num.,.nt.$.pl.$.dat.,ti,,,,,1,100,6,vn,en
1619,tinnannaṃ,.num.,.nt.$.pl.$.dat.,ti,,,,,1,100,9,vn,en
1620,tīhi,.num.,.nt.$.pl.$.abl.,ti,,,,,1,100,4,vn,en
1621,tinnaṃ,.num.,.nt.$.pl.$.gen.,ti,,,,,1,100,6,vn,en
1622,tinnannaṃ,.num.,.nt.$.pl.$.gen.,ti,,,,,1,100,9,vn,en
1623,tīsu,.num.,.nt.$.pl.$.loc.,ti,,,,,1,100,4,vn,en
1624,catu,.num:base.,,,四,,,,1,100,4,vn,zh-hans
1625,catu,.num:base.,,,four,,,,1,100,4,Kosalla_China,en
1626,cattāro,.num.,.m.$.pl.$.nom.,catu,,,,,1,100,7,vn,en
1627,caturo,.num.,.m.$.pl.$.nom.,catu,,,,,1,100,6,vn,en
1628,cattāro,.num.,.m.$.pl.$.acc.,catu,,,,,1,100,7,vn,en
1629,caturo,.num.,.m.$.pl.$.acc.,catu,,,,,1,100,6,vn,en
1630,catūhi,.num.,.m.$.pl.$.inst.,catu,,,,,1,100,6,vn,en
1631,catunnaṃ,.num.,.m.$.pl.$.dat.,catu,,,,,1,100,8,vn,en
1632,catūhi,.num.,.m.$.pl.$.abl.,catu,,,,,1,100,6,vn,en
1633,catunnaṃ,.num.,.m.$.pl.$.gen.,catu,,,,,1,100,8,vn,en
1634,catusu,.num.,.m.$.pl.$.loc.,catu,,,,,1,100,6,vn,en
1635,catasso,.num.,.f.$.pl.$.nom.,catu,,,,,1,100,7,vn,en
1636,catasso,.num.,.f.$.pl.$.acc.,catu,,,,,1,100,7,vn,en
1637,catūhi,.num.,.f.$.pl.$.inst.,catu,,,,,1,100,6,vn,en
1638,catassannaṃ,.num.,.f.$.pl.$.dat.,catu,,,,,1,100,11,vn,en
1639,catūhi,.num.,.f.$.pl.$.dat.,catu,,,,,1,100,6,vn,en
1640,catassannaṃ,.num.,.f.$.pl.$.gen.,catu,,,,,1,100,11,vn,en
1641,catusu,.num.,.f.$.pl.$.loc.,catu,,,,,1,100,6,vn,en
1642,cattāri,.num.,.nt.$.pl.$.nom.,catu,,,,,1,100,7,vn,en
1643,cattāri,.num.,.nt.$.pl.$.acc.,catu,,,,,1,100,7,vn,en
1644,catūhi,.num.,.nt.$.pl.$.inst.,catu,,,,,1,100,6,vn,en
1645,catunnaṃ,.num.,.nt.$.pl.$.dat.,catu,,,,,1,100,8,vn,en
1646,catūhi,.num.,.nt.$.pl.$.abl.,catu,,,,,1,100,6,vn,en
1647,catunnaṃ,.num.,.nt.$.pl.$.gen.,catu,,,,,1,100,8,vn,en
1648,catusu,.num.,.nt.$.pl.$.loc.,catu,,,,,1,100,6,vn,en
1649,pañca,.num:base.,,,五,,,,1,100,5,vn,zh-hans
1650,pañca,.num:base.,,,five,,,,1,100,5,Kosalla_China,en
1651,pañca,.num.,$.pl.$.nom.,pañca,,,,,1,100,5,vn,en
1652,pañca,.num.,$.pl.$.acc.,pañca,,,,,1,100,5,vn,en
1653,pañcahi,.num.,$.pl.$.inst.,pañca,,,,,1,100,7,vn,en
1654,pañcannaṃ,.num.,$.pl.$.dat.,pañca,,,,,1,100,9,vn,en
1655,pañcahi,.num.,$.pl.$.abl.,pañca,,,,,1,100,7,vn,en
1656,pañcannaṃ,.num.,$.pl.$.gen.,pañca,,,,,1,100,9,vn,en
1657,pañcasu,.num.,$.pl.$.loc.,pañca,,,,,1,100,7,vn,en