type,end,end1,end2,grammar,endlen
.f.,a,ābhi,bhi,.f.$.pl.$.abl.,1
.f.,a,āhi,hi,.f.$.pl.$.abl.,1
.f.,a,ā,ā,.f.$.pl.$.acc.,1
.f.,a,āyo,yo,.f.$.pl.$.acc.,1
.f.,a,ānaṃ,naṃ,.f.$.pl.$.dat.,1
.f.,a,ānaṃ,naṃ,.f.$.pl.$.gen.,1
.f.,a,ābhi,bhi,.f.$.pl.$.inst.,1
.f.,a,āhi,hi,.f.$.pl.$.inst.,1
.f.,a,āsu,su,.f.$.pl.$.loc.,1
.f.,a,ā,ā,.f.$.pl.$.nom.,1
.f.,a,āyo,yo,.f.$.pl.$.nom.,1
.f.,a,ā,ā,.f.$.pl.$.voc.,1
.f.,a,āyo,yo,.f.$.pl.$.voc.,1
.f.,a,ato,to,.f.$.sg.$.abl.,1
.f.,a,āya,ya,.f.$.sg.$.abl.,1
.f.,a,aṃ,ṃ,.f.$.sg.$.acc.,1
.f.,a,āya,ya,.f.$.sg.$.dat.,1
.f.,a,āya,ya,.f.$.sg.$.gen.,1
.f.,a,āya,ya,.f.$.sg.$.inst.,1
.f.,a,āya,ya,.f.$.sg.$.loc.,1
.f.,a,āyaṃ,yaṃ,.f.$.sg.$.loc.,1
.f.,a,ā,a,.f.$.sg.$.nom.,1
.f.,a,ā,a,.f.$.sg.$.voc.,1
.f.,a,e,e,.f.$.sg.$.voc.,1
.m.,a,ebhi,ebhi,.m.$.pl.$.abl.,1
.m.,a,ehi,ehi,.m.$.pl.$.abl.,1
.m.,a,e,e,.m.$.pl.$.acc.,1
.m.,a,anaṃ,naṃ,.m.$.pl.$.dat.,1
.m.,a,anaṃ,naṃ,.m.$.pl.$.gen.,1
.m.,a,ebhi,ebhi,.m.$.pl.$.inst.,1
.m.,a,ehi,ehi,.m.$.pl.$.inst.,1
.m.,a,esu,su,.m.$.pl.$.loc.,1
.m.,a,ā,ā,.m.$.pl.$.nom.,1
.m.,a,āse,āse,.m.$.pl.$.nom.,1
.m.,a,ā,ā,.m.$.pl.$.voc.,1
.m.,a,ā,ā,.m.$.sg.$.abl.,1
.m.,a,amhā,mhā,.m.$.sg.$.abl.,1
.m.,a,asmā,smā,.m.$.sg.$.abl.,1
.m.,a,ato,to,.m.$.sg.$.abl.,1
.m.,a,aṃ,ṃ,.m.$.sg.$.acc.,1
.m.,a,assa,ssa,.m.$.sg.$.dat.,1
.m.,a,āya,ya,.m.$.sg.$.dat.,1
.m.,a,assa,ssa,.m.$.sg.$.gen.,1
.m.,a,ena,ina,.m.$.sg.$.inst.,1
.m.,a,amhi,mhi,.m.$.sg.$.loc.,1
.m.,a,asmiṃ,smiṃ,.m.$.sg.$.loc.,1
.m.,a,e,e,.m.$.sg.$.loc.,1
.m.,a,o,o,.m.$.sg.$.nom.,1
.m.,a,a,a,.m.$.sg.$.voc.,1
.m.,a,ā,ā,.m.$.sg.$.voc.,1
.nt.,a,ebhi,ebhi,.nt.$.pl.$.abl.,1
.nt.,a,ehi,ehi,.nt.$.pl.$.abl.,1
.nt.,a,āni,ni,.nt.$.pl.$.acc.,1
.nt.,a,e,e,.nt.$.pl.$.acc.,1
.nt.,a,ānaṃ,naṃ,.nt.$.pl.$.dat.,1
.nt.,a,ānaṃ,naṃ,.nt.$.pl.$.gen.,1
.nt.,a,ebhi,ebhi,.nt.$.pl.$.inst.,1
.nt.,a,ehi,ehi,.nt.$.pl.$.inst.,1
.nt.,a,esu,su,.nt.$.pl.$.loc.,1
.nt.,a,ā,a,.nt.$.pl.$.nom.,1
.nt.,a,āni,ni,.nt.$.pl.$.nom.,1
.nt.,a,ā,ā,.nt.$.pl.$.voc.,1
.nt.,a,āni,ni,.nt.$.pl.$.voc.,1
.nt.,a,ā,ā,.nt.$.sg.$.abl.,1
.nt.,a,amhā,mhā,.nt.$.sg.$.abl.,1
.nt.,a,asmā,smā,.nt.$.sg.$.abl.,1
.nt.,a,ato,to,.nt.$.sg.$.abl.,1
.nt.,a,aṃ,ṃ,.nt.$.sg.$.acc.,1
.nt.,a,assa,ssa,.nt.$.sg.$.dat.,1
.nt.,a,āya,āya,.nt.$.sg.$.dat.,1
.nt.,a,assa,ssa,.nt.$.sg.$.gen.,1
.nt.,a,ena,ina,.nt.$.sg.$.inst.,1
.nt.,a,amhi,mhi,.nt.$.sg.$.loc.,1
.nt.,a,asmiṃ,smiṃ,.nt.$.sg.$.loc.,1
.nt.,a,e,i,.nt.$.sg.$.loc.,1
.nt.,a,aṃ,ṃ,.nt.$.sg.$.nom.,1
.nt.,a,a,a,.nt.$.sg.$.voc.,1
.f.,ant,antībhi,ībhi,.f.$.pl.$.abl.,3
.f.,ant,antīhi,īhi,.f.$.pl.$.abl.,3
.f.,ant,atībhi,ībhi,.f.$.pl.$.abl.,3
.f.,ant,atīhi,īhi,.f.$.pl.$.abl.,3
.f.,ant,antī,ī,.f.$.pl.$.acc.,3
.f.,ant,antiyo,iyo,.f.$.pl.$.acc.,3
.f.,ant,atī,ī,.f.$.pl.$.acc.,3
.f.,ant,atiyo,iyo,.f.$.pl.$.acc.,3
.f.,ant,antīnaṃ,īnaṃ,.f.$.pl.$.dat.,3
.f.,ant,atīnaṃ,īnaṃ,.f.$.pl.$.dat.,3
.f.,ant,antīnaṃ,īnaṃ,.f.$.pl.$.gen.,3
.f.,ant,atīnaṃ,īnaṃ,.f.$.pl.$.gen.,3
.f.,ant,antībhi,ībhi,.f.$.pl.$.inst.,3
.f.,ant,antīhi,īhi,.f.$.pl.$.inst.,3
.f.,ant,atībhi,ībhi,.f.$.pl.$.inst.,3
.f.,ant,atīhi,īhi,.f.$.pl.$.inst.,3
.f.,ant,antīsu,īsu,.f.$.pl.$.loc.,3
.f.,ant,atīsu,īsu,.f.$.pl.$.loc.,3
.f.,ant,antī,ī,.f.$.pl.$.nom.,3
.f.,ant,antiyo,iyo,.f.$.pl.$.nom.,3
.f.,ant,atī,ī,.f.$.pl.$.nom.,3
.f.,ant,atiyo,iyo,.f.$.pl.$.nom.,3
.f.,ant,antī,ī,.f.$.pl.$.voc.,3
.f.,ant,antiyo,iyo,.f.$.pl.$.voc.,3
.f.,ant,atī,ī,.f.$.pl.$.voc.,3
.f.,ant,atiyo,iyo,.f.$.pl.$.voc.,3
.f.,ant,antiyā,iyā,.f.$.sg.$.abl.,3
.f.,ant,atiyā,iyā,.f.$.sg.$.abl.,3
.f.,ant,antiṃ,iṃ,.f.$.sg.$.acc.,3
.f.,ant,atiṃ,iṃ,.f.$.sg.$.acc.,3
.f.,ant,antiyā,iyā,.f.$.sg.$.dat.,3
.f.,ant,atiyā,iyā,.f.$.sg.$.dat.,3
.f.,ant,antiyā,iyā,.f.$.sg.$.gen.,3
.f.,ant,atiyā,iyā,.f.$.sg.$.gen.,3
.f.,ant,antiyā,iyā,.f.$.sg.$.inst.,3
.f.,ant,atiyā,iyā,.f.$.sg.$.inst.,3
.f.,ant,antiyā,iyā,.f.$.sg.$.loc.,3
.f.,ant,antiyaṃ,iyaṃ,.f.$.sg.$.loc.,3
.f.,ant,atiyā,iyā,.f.$.sg.$.loc.,3
.f.,ant,atiyaṃ,iyaṃ,.f.$.sg.$.loc.,3
.f.,ant,antī,ī,.f.$.sg.$.nom.,3
.f.,ant,atī,ī,.f.$.sg.$.nom.,3
.f.,ant,antī,ī,.f.$.sg.$.voc.,3
.f.,ant,atī,ī,.f.$.sg.$.voc.,3
.m.,ant,ebhi,ebhi,.m.$.pl.$.abl.,3
.m.,ant,ehi,ehi,.m.$.pl.$.abl.,3
.m.,ant,e,e,.m.$.pl.$.acc.,3
.m.,ant,ānaṃ,naṃ,.m.$.pl.$.dat.,3
.m.,ant,ānaṃ,naṃ,.m.$.pl.$.gen.,3
.m.,ant,ebhi,ebhi,.m.$.pl.$.inst.,3
.m.,ant,ehi,ehi,.m.$.pl.$.inst.,3
.m.,ant,esu,su,.m.$.pl.$.loc.,3
.m.,ant,ā,ā,.m.$.pl.$.nom.,3
.m.,ant,ā,ā,.m.$.pl.$.voc.,3
.m.,ant,antamhā,mhā,.m.$.sg.$.abl.,3
.m.,ant,antasmā,smā,.m.$.sg.$.abl.,3
.m.,ant,atā,sā,.m.$.sg.$.abl.,3
.m.,ant,antaṃ,o,.m.$.sg.$.acc.,3
.m.,ant,antassa,so,.m.$.sg.$.dat.,3
.m.,ant,ato,ssa,.m.$.sg.$.dat.,3
.m.,ant,antassa,so,.m.$.sg.$.gen.,3
.m.,ant,ato,ssa,.m.$.sg.$.gen.,3
.m.,ant,atā,sā,.m.$.sg.$.inst.,3
.m.,ant,atena,na,.m.$.sg.$.inst.,3
.m.,ant,antamhi,mhi,.m.$.sg.$.loc.,3
.m.,ant,antasmiṃ,smiṃ,.m.$.sg.$.loc.,3
.m.,ant,ante,e,.m.$.sg.$.loc.,3
.m.,ant,ati,si,.m.$.sg.$.loc.,3
.m.,ant,aṃ,ṃ,.m.$.sg.$.nom.,3
.m.,ant,anto,o,.m.$.sg.$.nom.,3
.m.,ant,a,ā,.m.$.sg.$.voc.,3
.m.,ant,ā,ṃ,.m.$.sg.$.voc.,3
.m.,ant,aṃ,o,.m.$.sg.$.voc.,3
.nt.,ant,antebhi,ebhi,.nt.$.pl.$.abl.,3
.nt.,ant,antehi,ehi,.nt.$.pl.$.abl.,3
.nt.,ant,antã,ā,.nt.$.pl.$.acc.,3
.nt.,ant,antãni,āni,.nt.$.pl.$.acc.,3
.nt.,ant,antānaṃ,naṃ,.nt.$.pl.$.dat.,3
.nt.,ant,ataṃ,ṃ,.nt.$.pl.$.dat.,3
.nt.,ant,antānaṃ,naṃ,.nt.$.pl.$.gen.,3
.nt.,ant,ataṃ,ṃ,.nt.$.pl.$.gen.,3
.nt.,ant,antebhi,ebhi,.nt.$.pl.$.inst.,3
.nt.,ant,antehi,ehi,.nt.$.pl.$.inst.,3
.nt.,ant,antesu,su,.nt.$.pl.$.loc.,3
.nt.,ant,antã,ā,.nt.$.pl.$.nom.,3
.nt.,ant,antãni,āni,.nt.$.pl.$.nom.,3
.nt.,ant,antã,ā,.nt.$.pl.$.voc.,3
.nt.,ant,antãni,āni,.nt.$.pl.$.voc.,3
.nt.,ant,antamhā,mhā,.nt.$.sg.$.abl.,3
.nt.,ant,antasmā,smā,.nt.$.sg.$.abl.,3
.nt.,ant,atā,sā,.nt.$.sg.$.abl.,3
.nt.,ant,antaṃ,o,.nt.$.sg.$.acc.,3
.nt.,ant,antassa,so,.nt.$.sg.$.dat.,3
.nt.,ant,ato,ssa,.nt.$.sg.$.dat.,3
.nt.,ant,antassa,so,.nt.$.sg.$.gen.,3
.nt.,ant,ato,ssa,.nt.$.sg.$.gen.,3
.nt.,ant,atā,sā,.nt.$.sg.$.inst.,3
.nt.,ant,atena,na,.nt.$.sg.$.inst.,3
.nt.,ant,antamhi,mhi,.nt.$.sg.$.loc.,3
.nt.,ant,antasmiṃ,smiṃ,.nt.$.sg.$.loc.,3
.nt.,ant,ante,e,.nt.$.sg.$.loc.,3
.nt.,ant,ati,si,.nt.$.sg.$.loc.,3
.nt.,ant,antaṃ,ṃ,.nt.$.sg.$.nom.,3
.nt.,ant,anto,o,.nt.$.sg.$.nom.,3
.nt.,ant,a,ā,.nt.$.sg.$.voc.,3
.nt.,ant,ā,ṃ,.nt.$.sg.$.voc.,3
.nt.,ant,aṃ,o,.nt.$.sg.$.voc.,3
.f.,anta,antībhi,ībhi,.f.$.pl.$.abl.,4
.f.,anta,antīhi,īhi,.f.$.pl.$.abl.,4
.f.,anta,atībhi,ībhi,.f.$.pl.$.abl.,4
.f.,anta,atīhi,īhi,.f.$.pl.$.abl.,4
.f.,anta,antī,ī,.f.$.pl.$.acc.,4
.f.,anta,antiyo,iyo,.f.$.pl.$.acc.,4
.f.,anta,atī,ī,.f.$.pl.$.acc.,4
.f.,anta,atiyo,iyo,.f.$.pl.$.acc.,4
.f.,anta,antīnaṃ,īnaṃ,.f.$.pl.$.dat.,4
.f.,anta,atīnaṃ,īnaṃ,.f.$.pl.$.dat.,4
.f.,anta,antīnaṃ,īnaṃ,.f.$.pl.$.gen.,4
.f.,anta,atīnaṃ,īnaṃ,.f.$.pl.$.gen.,4
.f.,anta,antībhi,ībhi,.f.$.pl.$.inst.,4
.f.,anta,antīhi,īhi,.f.$.pl.$.inst.,4
.f.,anta,atībhi,ībhi,.f.$.pl.$.inst.,4
.f.,anta,atīhi,īhi,.f.$.pl.$.inst.,4
.f.,anta,antīsu,īsu,.f.$.pl.$.loc.,4
.f.,anta,atīsu,īsu,.f.$.pl.$.loc.,4
.f.,anta,antī,ī,.f.$.pl.$.nom.,4
.f.,anta,antiyo,iyo,.f.$.pl.$.nom.,4
.f.,anta,atī,ī,.f.$.pl.$.nom.,4
.f.,anta,atiyo,iyo,.f.$.pl.$.nom.,4
.f.,anta,antī,ī,.f.$.pl.$.voc.,4
.f.,anta,antiyo,iyo,.f.$.pl.$.voc.,4
.f.,anta,atī,ī,.f.$.pl.$.voc.,4
.f.,anta,atiyo,iyo,.f.$.pl.$.voc.,4
.f.,anta,antiyā,iyā,.f.$.sg.$.abl.,4
.f.,anta,atiyā,iyā,.f.$.sg.$.abl.,4
.f.,anta,antiṃ,iṃ,.f.$.sg.$.acc.,4
.f.,anta,atiṃ,iṃ,.f.$.sg.$.acc.,4
.f.,anta,antiyā,iyā,.f.$.sg.$.dat.,4
.f.,anta,atiyā,iyā,.f.$.sg.$.dat.,4
.f.,anta,antiyā,iyā,.f.$.sg.$.gen.,4
.f.,anta,atiyā,iyā,.f.$.sg.$.gen.,4
.f.,anta,antiyā,iyā,.f.$.sg.$.inst.,4
.f.,anta,atiyā,iyā,.f.$.sg.$.inst.,4
.f.,anta,antiyā,iyā,.f.$.sg.$.loc.,4
.f.,anta,antiyaṃ,iyaṃ,.f.$.sg.$.loc.,4
.f.,anta,atiyā,iyā,.f.$.sg.$.loc.,4
.f.,anta,atiyaṃ,iyaṃ,.f.$.sg.$.loc.,4
.f.,anta,antī,ī,.f.$.sg.$.nom.,4
.f.,anta,atī,ī,.f.$.sg.$.nom.,4
.f.,anta,antī,ī,.f.$.sg.$.voc.,4
.f.,anta,atī,ī,.f.$.sg.$.voc.,4
.m.,anta,ebhi,ebhi,.m.$.pl.$.abl.,4
.m.,anta,ehi,ehi,.m.$.pl.$.abl.,4
.m.,anta,e,e,.m.$.pl.$.acc.,4
.m.,anta,ānaṃ,naṃ,.m.$.pl.$.dat.,4
.m.,anta,ānaṃ,naṃ,.m.$.pl.$.gen.,4
.m.,anta,ebhi,ebhi,.m.$.pl.$.inst.,4
.m.,anta,ehi,ehi,.m.$.pl.$.inst.,4
.m.,anta,esu,su,.m.$.pl.$.loc.,4
.m.,anta,ā,ā,.m.$.pl.$.nom.,4
.m.,anta,ā,ā,.m.$.pl.$.voc.,4
.m.,anta,antamhā,mhā,.m.$.sg.$.abl.,4
.m.,anta,antasmā,smā,.m.$.sg.$.abl.,4
.m.,anta,atā,sā,.m.$.sg.$.abl.,4
.m.,anta,antaṃ,o,.m.$.sg.$.acc.,4
.m.,anta,antassa,so,.m.$.sg.$.dat.,4
.m.,anta,ato,ssa,.m.$.sg.$.dat.,4
.m.,anta,antassa,so,.m.$.sg.$.gen.,4
.m.,anta,ato,ssa,.m.$.sg.$.gen.,4
.m.,anta,atā,sā,.m.$.sg.$.inst.,4
.m.,anta,atena,na,.m.$.sg.$.inst.,4
.m.,anta,antamhi,mhi,.m.$.sg.$.loc.,4
.m.,anta,antasmiṃ,smiṃ,.m.$.sg.$.loc.,4
.m.,anta,ante,e,.m.$.sg.$.loc.,4
.m.,anta,ati,si,.m.$.sg.$.loc.,4
.m.,anta,aṃ,ṃ,.m.$.sg.$.nom.,4
.m.,anta,anto,o,.m.$.sg.$.nom.,4
.m.,anta,a,ā,.m.$.sg.$.voc.,4
.m.,anta,ā,ṃ,.m.$.sg.$.voc.,4
.m.,anta,aṃ,o,.m.$.sg.$.voc.,4
.nt.,anta,antebhi,ebhi,.nt.$.pl.$.abl.,4
.nt.,anta,antehi,ehi,.nt.$.pl.$.abl.,4
.nt.,anta,antã,ā,.nt.$.pl.$.acc.,4
.nt.,anta,antãni,āni,.nt.$.pl.$.acc.,4
.nt.,anta,antānaṃ,naṃ,.nt.$.pl.$.dat.,4
.nt.,anta,ataṃ,ṃ,.nt.$.pl.$.dat.,4
.nt.,anta,antānaṃ,naṃ,.nt.$.pl.$.gen.,4
.nt.,anta,ataṃ,ṃ,.nt.$.pl.$.gen.,4
.nt.,anta,antebhi,ebhi,.nt.$.pl.$.inst.,4
.nt.,anta,antehi,ehi,.nt.$.pl.$.inst.,4
.nt.,anta,antesu,su,.nt.$.pl.$.loc.,4
.nt.,anta,antã,ā,.nt.$.pl.$.nom.,4
.nt.,anta,antãni,āni,.nt.$.pl.$.nom.,4
.nt.,anta,antã,ā,.nt.$.pl.$.voc.,4
.nt.,anta,antãni,āni,.nt.$.pl.$.voc.,4
.nt.,anta,antamhā,mhā,.nt.$.sg.$.abl.,4
.nt.,anta,antasmā,smā,.nt.$.sg.$.abl.,4
.nt.,anta,atā,sā,.nt.$.sg.$.abl.,4
.nt.,anta,antaṃ,o,.nt.$.sg.$.acc.,4
.nt.,anta,antassa,so,.nt.$.sg.$.dat.,4
.nt.,anta,ato,ssa,.nt.$.sg.$.dat.,4
.nt.,anta,antassa,so,.nt.$.sg.$.gen.,4
.nt.,anta,ato,ssa,.nt.$.sg.$.gen.,4
.nt.,anta,atā,sā,.nt.$.sg.$.inst.,4
.nt.,anta,atena,na,.nt.$.sg.$.inst.,4
.nt.,anta,antamhi,mhi,.nt.$.sg.$.loc.,4
.nt.,anta,antasmiṃ,smiṃ,.nt.$.sg.$.loc.,4
.nt.,anta,ante,e,.nt.$.sg.$.loc.,4
.nt.,anta,ati,si,.nt.$.sg.$.loc.,4
.nt.,anta,antaṃ,ṃ,.nt.$.sg.$.nom.,4
.nt.,anta,anto,o,.nt.$.sg.$.nom.,4
.nt.,anta,a,ā,.nt.$.sg.$.voc.,4
.nt.,anta,ā,ṃ,.nt.$.sg.$.voc.,4
.nt.,anta,aṃ,o,.nt.$.sg.$.voc.,4
.f.,at,antībhi,ībhi,.f.$.pl.$.abl.,2
.f.,at,antīhi,īhi,.f.$.pl.$.abl.,2
.f.,at,atībhi,ībhi,.f.$.pl.$.abl.,2
.f.,at,atīhi,īhi,.f.$.pl.$.abl.,2
.f.,at,antī,ī,.f.$.pl.$.acc.,2
.f.,at,antiyo,iyo,.f.$.pl.$.acc.,2
.f.,at,atī,ī,.f.$.pl.$.acc.,2
.f.,at,atiyo,iyo,.f.$.pl.$.acc.,2
.f.,at,antīnaṃ,īnaṃ,.f.$.pl.$.dat.,2
.f.,at,atīnaṃ,īnaṃ,.f.$.pl.$.dat.,2
.f.,at,antīnaṃ,īnaṃ,.f.$.pl.$.gen.,2
.f.,at,atīnaṃ,īnaṃ,.f.$.pl.$.gen.,2
.f.,at,antībhi,ībhi,.f.$.pl.$.inst.,2
.f.,at,antīhi,īhi,.f.$.pl.$.inst.,2
.f.,at,atībhi,ībhi,.f.$.pl.$.inst.,2
.f.,at,atīhi,īhi,.f.$.pl.$.inst.,2
.f.,at,antīsu,īsu,.f.$.pl.$.loc.,2
.f.,at,atīsu,īsu,.f.$.pl.$.loc.,2
.f.,at,antī,ī,.f.$.pl.$.nom.,2
.f.,at,antiyo,iyo,.f.$.pl.$.nom.,2
.f.,at,atī,ī,.f.$.pl.$.nom.,2
.f.,at,atiyo,iyo,.f.$.pl.$.nom.,2
.f.,at,antī,ī,.f.$.pl.$.voc.,2
.f.,at,antiyo,iyo,.f.$.pl.$.voc.,2
.f.,at,atī,ī,.f.$.pl.$.voc.,2
.f.,at,atiyo,iyo,.f.$.pl.$.voc.,2
.f.,at,antiyā,iyā,.f.$.sg.$.abl.,2
.f.,at,atiyā,iyā,.f.$.sg.$.abl.,2
.f.,at,antiṃ,iṃ,.f.$.sg.$.acc.,2
.f.,at,atiṃ,iṃ,.f.$.sg.$.acc.,2
.f.,at,antiyā,iyā,.f.$.sg.$.dat.,2
.f.,at,atiyā,iyā,.f.$.sg.$.dat.,2
.f.,at,antiyā,iyā,.f.$.sg.$.gen.,2
.f.,at,atiyā,iyā,.f.$.sg.$.gen.,2
.f.,at,antiyā,iyā,.f.$.sg.$.inst.,2
.f.,at,atiyā,iyā,.f.$.sg.$.inst.,2
.f.,at,antiyā,iyā,.f.$.sg.$.loc.,2
.f.,at,antiyaṃ,iyaṃ,.f.$.sg.$.loc.,2
.f.,at,atiyā,iyā,.f.$.sg.$.loc.,2
.f.,at,atiyaṃ,iyaṃ,.f.$.sg.$.loc.,2
.f.,at,antī,ī,.f.$.sg.$.nom.,2
.f.,at,atī,ī,.f.$.sg.$.nom.,2
.f.,at,antī,ī,.f.$.sg.$.voc.,2
.f.,at,atī,ī,.f.$.sg.$.voc.,2
.m.,at,ebhi,ebhi,.m.$.pl.$.abl.,2
.m.,at,ehi,ehi,.m.$.pl.$.abl.,2
.m.,at,e,e,.m.$.pl.$.acc.,2
.m.,at,ānaṃ,naṃ,.m.$.pl.$.dat.,2
.m.,at,ānaṃ,naṃ,.m.$.pl.$.gen.,2
.m.,at,ebhi,ebhi,.m.$.pl.$.inst.,2
.m.,at,ehi,ehi,.m.$.pl.$.inst.,2
.m.,at,esu,su,.m.$.pl.$.loc.,2
.m.,at,ā,ā,.m.$.pl.$.nom.,2
.m.,at,ā,ā,.m.$.pl.$.voc.,2
.m.,at,antamhā,mhā,.m.$.sg.$.abl.,2
.m.,at,antasmā,smā,.m.$.sg.$.abl.,2
.m.,at,atā,sā,.m.$.sg.$.abl.,2
.m.,at,antaṃ,o,.m.$.sg.$.acc.,2
.m.,at,antassa,so,.m.$.sg.$.dat.,2
.m.,at,ato,ssa,.m.$.sg.$.dat.,2
.m.,at,antassa,so,.m.$.sg.$.gen.,2
.m.,at,ato,ssa,.m.$.sg.$.gen.,2
.m.,at,atā,sā,.m.$.sg.$.inst.,2
.m.,at,atena,na,.m.$.sg.$.inst.,2
.m.,at,antamhi,mhi,.m.$.sg.$.loc.,2
.m.,at,antasmiṃ,smiṃ,.m.$.sg.$.loc.,2
.m.,at,ante,e,.m.$.sg.$.loc.,2
.m.,at,ati,si,.m.$.sg.$.loc.,2
.m.,at,aṃ,ṃ,.m.$.sg.$.nom.,2
.m.,at,anto,o,.m.$.sg.$.nom.,2
.m.,at,a,ā,.m.$.sg.$.voc.,2
.m.,at,ā,ṃ,.m.$.sg.$.voc.,2
.m.,at,aṃ,o,.m.$.sg.$.voc.,2
.nt.,at,antebhi,ebhi,.nt.$.pl.$.abl.,2
.nt.,at,antehi,ehi,.nt.$.pl.$.abl.,2
.nt.,at,antã,ā,.nt.$.pl.$.acc.,2
.nt.,at,antãni,āni,.nt.$.pl.$.acc.,2
.nt.,at,antānaṃ,naṃ,.nt.$.pl.$.dat.,2
.nt.,at,ataṃ,ṃ,.nt.$.pl.$.dat.,2
.nt.,at,antānaṃ,naṃ,.nt.$.pl.$.gen.,2
.nt.,at,ataṃ,ṃ,.nt.$.pl.$.gen.,2
.nt.,at,antebhi,ebhi,.nt.$.pl.$.inst.,2
.nt.,at,antehi,ehi,.nt.$.pl.$.inst.,2
.nt.,at,antesu,su,.nt.$.pl.$.loc.,2
.nt.,at,antã,ā,.nt.$.pl.$.nom.,2
.nt.,at,antãni,āni,.nt.$.pl.$.nom.,2
.nt.,at,antã,ā,.nt.$.pl.$.voc.,2
.nt.,at,antãni,āni,.nt.$.pl.$.voc.,2
.nt.,at,antamhā,mhā,.nt.$.sg.$.abl.,2
.nt.,at,antasmā,smā,.nt.$.sg.$.abl.,2
.nt.,at,atā,sā,.nt.$.sg.$.abl.,2
.nt.,at,antaṃ,o,.nt.$.sg.$.acc.,2
.nt.,at,antassa,so,.nt.$.sg.$.dat.,2
.nt.,at,ato,ssa,.nt.$.sg.$.dat.,2
.nt.,at,antassa,so,.nt.$.sg.$.gen.,2
.nt.,at,ato,ssa,.nt.$.sg.$.gen.,2
.nt.,at,atā,sā,.nt.$.sg.$.inst.,2
.nt.,at,atena,na,.nt.$.sg.$.inst.,2
.nt.,at,antamhi,mhi,.nt.$.sg.$.loc.,2
.nt.,at,antasmiṃ,smiṃ,.nt.$.sg.$.loc.,2
.nt.,at,ante,e,.nt.$.sg.$.loc.,2
.nt.,at,ati,si,.nt.$.sg.$.loc.,2
.nt.,at,antaṃ,ṃ,.nt.$.sg.$.nom.,2
.nt.,at,anto,o,.nt.$.sg.$.nom.,2
.nt.,at,a,ā,.nt.$.sg.$.voc.,2
.nt.,at,ā,ṃ,.nt.$.sg.$.voc.,2
.nt.,at,aṃ,o,.nt.$.sg.$.voc.,2
.f.,ata,antībhi,ībhi,.f.$.pl.$.abl.,3
.f.,ata,antīhi,īhi,.f.$.pl.$.abl.,3
.f.,ata,atībhi,ībhi,.f.$.pl.$.abl.,3
.f.,ata,atīhi,īhi,.f.$.pl.$.abl.,3
.f.,ata,antī,ī,.f.$.pl.$.acc.,3
.f.,ata,antiyo,iyo,.f.$.pl.$.acc.,3
.f.,ata,atī,ī,.f.$.pl.$.acc.,3
.f.,ata,atiyo,iyo,.f.$.pl.$.acc.,3
.f.,ata,antīnaṃ,īnaṃ,.f.$.pl.$.dat.,3
.f.,ata,atīnaṃ,īnaṃ,.f.$.pl.$.dat.,3
.f.,ata,antīnaṃ,īnaṃ,.f.$.pl.$.gen.,3
.f.,ata,atīnaṃ,īnaṃ,.f.$.pl.$.gen.,3
.f.,ata,antībhi,ībhi,.f.$.pl.$.inst.,3
.f.,ata,antīhi,īhi,.f.$.pl.$.inst.,3
.f.,ata,atībhi,ībhi,.f.$.pl.$.inst.,3
.f.,ata,atīhi,īhi,.f.$.pl.$.inst.,3
.f.,ata,antīsu,īsu,.f.$.pl.$.loc.,3
.f.,ata,atīsu,īsu,.f.$.pl.$.loc.,3
.f.,ata,antī,ī,.f.$.pl.$.nom.,3
.f.,ata,antiyo,iyo,.f.$.pl.$.nom.,3
.f.,ata,atī,ī,.f.$.pl.$.nom.,3
.f.,ata,atiyo,iyo,.f.$.pl.$.nom.,3
.f.,ata,antī,ī,.f.$.pl.$.voc.,3
.f.,ata,antiyo,iyo,.f.$.pl.$.voc.,3
.f.,ata,atī,ī,.f.$.pl.$.voc.,3
.f.,ata,atiyo,iyo,.f.$.pl.$.voc.,3
.f.,ata,antiyā,iyā,.f.$.sg.$.abl.,3
.f.,ata,atiyā,iyā,.f.$.sg.$.abl.,3
.f.,ata,antiṃ,iṃ,.f.$.sg.$.acc.,3
.f.,ata,atiṃ,iṃ,.f.$.sg.$.acc.,3
.f.,ata,antiyā,iyā,.f.$.sg.$.dat.,3
.f.,ata,atiyā,iyā,.f.$.sg.$.dat.,3
.f.,ata,antiyā,iyā,.f.$.sg.$.gen.,3
.f.,ata,atiyā,iyā,.f.$.sg.$.gen.,3
.f.,ata,antiyā,iyā,.f.$.sg.$.inst.,3
.f.,ata,atiyā,iyā,.f.$.sg.$.inst.,3
.f.,ata,antiyā,iyā,.f.$.sg.$.loc.,3
.f.,ata,antiyaṃ,iyaṃ,.f.$.sg.$.loc.,3
.f.,ata,atiyā,iyā,.f.$.sg.$.loc.,3
.f.,ata,atiyaṃ,iyaṃ,.f.$.sg.$.loc.,3
.f.,ata,antī,ī,.f.$.sg.$.nom.,3
.f.,ata,atī,ī,.f.$.sg.$.nom.,3
.f.,ata,antī,ī,.f.$.sg.$.voc.,3
.f.,ata,atī,ī,.f.$.sg.$.voc.,3
.m.,ata,ebhi,ebhi,.m.$.pl.$.abl.,3
.m.,ata,ehi,ehi,.m.$.pl.$.abl.,3
.m.,ata,e,e,.m.$.pl.$.acc.,3
.m.,ata,ānaṃ,naṃ,.m.$.pl.$.dat.,3
.m.,ata,ānaṃ,naṃ,.m.$.pl.$.gen.,3
.m.,ata,ebhi,ebhi,.m.$.pl.$.inst.,3
.m.,ata,ehi,ehi,.m.$.pl.$.inst.,3
.m.,ata,esu,su,.m.$.pl.$.loc.,3
.m.,ata,ā,ā,.m.$.pl.$.nom.,3
.m.,ata,ā,ā,.m.$.pl.$.voc.,3
.m.,ata,antamhā,mhā,.m.$.sg.$.abl.,3
.m.,ata,antasmā,smā,.m.$.sg.$.abl.,3
.m.,ata,atā,sā,.m.$.sg.$.abl.,3
.m.,ata,antaṃ,o,.m.$.sg.$.acc.,3
.m.,ata,antassa,so,.m.$.sg.$.dat.,3
.m.,ata,ato,ssa,.m.$.sg.$.dat.,3
.m.,ata,antassa,so,.m.$.sg.$.gen.,3
.m.,ata,ato,ssa,.m.$.sg.$.gen.,3
.m.,ata,atā,sā,.m.$.sg.$.inst.,3
.m.,ata,atena,na,.m.$.sg.$.inst.,3
.m.,ata,antamhi,mhi,.m.$.sg.$.loc.,3
.m.,ata,antasmiṃ,smiṃ,.m.$.sg.$.loc.,3
.m.,ata,ante,e,.m.$.sg.$.loc.,3
.m.,ata,ati,si,.m.$.sg.$.loc.,3
.m.,ata,aṃ,ṃ,.m.$.sg.$.nom.,3
.m.,ata,anto,o,.m.$.sg.$.nom.,3
.m.,ata,a,ā,.m.$.sg.$.voc.,3
.m.,ata,ā,ṃ,.m.$.sg.$.voc.,3
.m.,ata,aṃ,o,.m.$.sg.$.voc.,3
.nt.,ata,antebhi,ebhi,.nt.$.pl.$.abl.,3
.nt.,ata,antehi,ehi,.nt.$.pl.$.abl.,3
.nt.,ata,antã,ā,.nt.$.pl.$.acc.,3
.nt.,ata,antãni,āni,.nt.$.pl.$.acc.,3
.nt.,ata,antānaṃ,naṃ,.nt.$.pl.$.dat.,3
.nt.,ata,ataṃ,ṃ,.nt.$.pl.$.dat.,3
.nt.,ata,antānaṃ,naṃ,.nt.$.pl.$.gen.,3
.nt.,ata,ataṃ,ṃ,.nt.$.pl.$.gen.,3
.nt.,ata,antebhi,ebhi,.nt.$.pl.$.inst.,3
.nt.,ata,antehi,ehi,.nt.$.pl.$.inst.,3
.nt.,ata,antesu,su,.nt.$.pl.$.loc.,3
.nt.,ata,antã,ā,.nt.$.pl.$.nom.,3
.nt.,ata,antãni,āni,.nt.$.pl.$.nom.,3
.nt.,ata,antã,ā,.nt.$.pl.$.voc.,3
.nt.,ata,antãni,āni,.nt.$.pl.$.voc.,3
.nt.,ata,antamhā,mhā,.nt.$.sg.$.abl.,3
.nt.,ata,antasmā,smā,.nt.$.sg.$.abl.,3
.nt.,ata,atā,sā,.nt.$.sg.$.abl.,3
.nt.,ata,antaṃ,o,.nt.$.sg.$.acc.,3
.nt.,ata,antassa,so,.nt.$.sg.$.dat.,3
.nt.,ata,ato,ssa,.nt.$.sg.$.dat.,3
.nt.,ata,antassa,so,.nt.$.sg.$.gen.,3
.nt.,ata,ato,ssa,.nt.$.sg.$.gen.,3
.nt.,ata,atā,sā,.nt.$.sg.$.inst.,3
.nt.,ata,atena,na,.nt.$.sg.$.inst.,3
.nt.,ata,antamhi,mhi,.nt.$.sg.$.loc.,3
.nt.,ata,antasmiṃ,smiṃ,.nt.$.sg.$.loc.,3
.nt.,ata,ante,e,.nt.$.sg.$.loc.,3
.nt.,ata,ati,si,.nt.$.sg.$.loc.,3
.nt.,ata,antaṃ,ṃ,.nt.$.sg.$.nom.,3
.nt.,ata,anto,o,.nt.$.sg.$.nom.,3
.nt.,ata,a,ā,.nt.$.sg.$.voc.,3
.nt.,ata,ā,ṃ,.nt.$.sg.$.voc.,3
.nt.,ata,aṃ,o,.nt.$.sg.$.voc.,3
.f.,i,ībhi,bhi,.f.$.pl.$.abl.,1
.f.,i,īhi,hi,.f.$.pl.$.abl.,1
.f.,i,ī,ī,.f.$.pl.$.acc.,1
.f.,i,iyo,yo,.f.$.pl.$.acc.,1
.f.,i,yo,o,.f.$.pl.$.acc.,1
.f.,i,īnaṃ,naṃ,.f.$.pl.$.dat.,1
.f.,i,īnaṃ,naṃ,.f.$.pl.$.gen.,1
.f.,i,ībhi,bhi,.f.$.pl.$.inst.,1
.f.,i,īhi,hi,.f.$.pl.$.inst.,1
.f.,i,īsu,su,.f.$.pl.$.loc.,1
.f.,i,inī,ī,.f.$.pl.$.nom.,1
.f.,i,iniyo,niyo,.f.$.pl.$.nom.,1
.f.,i,inyo,nyo,.f.$.pl.$.nom.,1
.f.,i,ī,ī,.f.$.pl.$.voc.,1
.f.,i,iyo,yo,.f.$.pl.$.voc.,1
.f.,i,yo,o,.f.$.pl.$.voc.,1
.f.,i,iniyā,niyā,.f.$.sg.$.abl.,1
.f.,i,inyā,nyā,.f.$.sg.$.abl.,1
.f.,i,iniṃ,niṃ,.f.$.sg.$.acc.,1
.f.,i,iniyā,niyā,.f.$.sg.$.dat.,1
.f.,i,inyā,nyā,.f.$.sg.$.dat.,1
.f.,i,iniyā,niyā,.f.$.sg.$.gen.,1
.f.,i,inyā,nyā,.f.$.sg.$.gen.,1
.f.,i,iniyā,niyā,.f.$.sg.$.inst.,1
.f.,i,inyā,nyā,.f.$.sg.$.inst.,1
.f.,i,iniyā,niyā,.f.$.sg.$.loc.,1
.f.,i,iniyaṃ,niyaṃ,.f.$.sg.$.loc.,1
.f.,i,inyā,nyā,.f.$.sg.$.loc.,1
.f.,i,inyaṃ,nyaṃ,.f.$.sg.$.loc.,1
.f.,i,inī,nī,.f.$.sg.$.nom.,1
.f.,i,inī,nī,.f.$.sg.$.voc.,1
.m.,i,ībhi,bhi,.m.$.pl.$.abl.,1
.m.,i,īhi,hi,.m.$.pl.$.abl.,1
.m.,i,āyo,yo,.m.$.pl.$.acc.,1
.m.,i,ī,ī,.m.$.pl.$.acc.,1
.m.,i,īnaṃ,naṃ,.m.$.pl.$.dat.,1
.m.,i,īnaṃ,naṃ,.m.$.pl.$.gen.,1
.m.,i,ībhi,bhi,.m.$.pl.$.inst.,1
.m.,i,īhi,hi,.m.$.pl.$.inst.,1
.m.,i,īsu,su,.m.$.pl.$.loc.,1
.m.,i,āyo,yo,.m.$.pl.$.nom.,1
.m.,i,ī,ī,.m.$.pl.$.nom.,1
.m.,i,āyo,yo,.m.$.pl.$.voc.,1
.m.,i,ī,ī,.m.$.pl.$.voc.,1
.m.,i,imhā,mhā,.m.$.sg.$.abl.,1
.m.,i,inā,nā,.m.$.sg.$.abl.,1
.m.,i,ismā,smā,.m.$.sg.$.abl.,1
.m.,i,iṃ,ṃ,.m.$.sg.$.acc.,1
.m.,i,ino,no,.m.$.sg.$.dat.,1
.m.,i,issa,ssa,.m.$.sg.$.dat.,1
.m.,i,ino,no,.m.$.sg.$.gen.,1
.m.,i,issa,ssa,.m.$.sg.$.gen.,1
.m.,i,inā,nā,.m.$.sg.$.inst.,1
.m.,i,imhi,mhi,.m.$.sg.$.loc.,1
.m.,i,ismiṃ,smiṃ,.m.$.sg.$.loc.,1
.m.,i,i,i,.m.$.sg.$.nom.,1
.m.,i,i,i,.m.$.sg.$.voc.,1
.nt.,i,ībhi,bhi,.nt.$.pl.$.abl.,1
.nt.,i,īhi,hi,.nt.$.pl.$.abl.,1
.nt.,i,ī,ī,.nt.$.pl.$.acc.,1
.nt.,i,īni,ni,.nt.$.pl.$.acc.,1
.nt.,i,īnaṃ,naṃ,.nt.$.pl.$.dat.,1
.nt.,i,īnaṃ,naṃ,.nt.$.pl.$.gen.,1
.nt.,i,ībhi,bhi,.nt.$.pl.$.inst.,1
.nt.,i,īhi,hi,.nt.$.pl.$.inst.,1
.nt.,i,īsu,su,.nt.$.pl.$.loc.,1
.nt.,i,ī,ī,.nt.$.pl.$.nom.,1
.nt.,i,īni,ni,.nt.$.pl.$.nom.,1
.nt.,i,ī,ī,.nt.$.pl.$.voc.,1
.nt.,i,īni,ni,.nt.$.pl.$.voc.,1
.nt.,i,imhā,mhā,.nt.$.sg.$.abl.,1
.nt.,i,inā,nā,.nt.$.sg.$.abl.,1
.nt.,i,ismā,smā,.nt.$.sg.$.abl.,1
.nt.,i,iṃ,ṃ,.nt.$.sg.$.acc.,1
.nt.,i,assa,ssa,.nt.$.sg.$.dat.,1
.nt.,i,ino,no,.nt.$.sg.$.dat.,1
.nt.,i,assa,ssa,.nt.$.sg.$.gen.,1
.nt.,i,ino,no,.nt.$.sg.$.gen.,1
.nt.,i,inā,nā,.nt.$.sg.$.inst.,1
.nt.,i,imhi,mhi,.nt.$.sg.$.loc.,1
.nt.,i,ismiṃ,smiṃ,.nt.$.sg.$.loc.,1
.nt.,i,i,i,.nt.$.sg.$.nom.,1
.nt.,i,i,i,.nt.$.sg.$.voc.,1
.f.,ī,inībhi,nībhi,.f.$.pl.$.abl.,1
.f.,ī,inīhi,nīhi,.f.$.pl.$.abl.,1
.f.,ī,inī,ni,.f.$.pl.$.acc.,1
.f.,ī,iniyo,niyo,.f.$.pl.$.acc.,1
.f.,ī,inīnaṃ,nīnaṃ,.f.$.pl.$.dat.,1
.f.,ī,inīnaṃ,nīnaṃ,.f.$.pl.$.gen.,1
.f.,ī,inībhi,nībhi,.f.$.pl.$.inst.,1
.f.,ī,inīhi,nīhi,.f.$.pl.$.inst.,1
.f.,ī,inīsu,nīsu,.f.$.pl.$.loc.,1
.f.,ī,inī,nī,.f.$.pl.$.nom.,1
.f.,ī,iniyo,niyo,.f.$.pl.$.nom.,1
.f.,ī,inī,ni,.f.$.pl.$.voc.,1
.f.,ī,iniyā,niyā,.f.$.sg.$.abl.,1
.f.,ī,inyā,niyā,.f.$.sg.$.abl.,1
.f.,ī,iniṃ,ṃ,.f.$.sg.$.acc.,1
.f.,ī,iniyā,niyā,.f.$.sg.$.dat.,1
.f.,ī,inyā,niyā,.f.$.sg.$.dat.,1
.f.,ī,iniyā,niyā,.f.$.sg.$.gen.,1
.f.,ī,inyā,niyā,.f.$.sg.$.gen.,1
.f.,ī,iniyā,niyā,.f.$.sg.$.inst.,1
.f.,ī,inyā,niyā,.f.$.sg.$.inst.,1
.f.,ī,iniyā,niyā,.f.$.sg.$.loc.,1
.f.,ī,iniyaṃ,niyaṃ,.f.$.sg.$.loc.,1
.f.,ī,inyā,nyā,.f.$.sg.$.loc.,1
.f.,ī,inyaṃ,nyaṃ,.f.$.sg.$.loc.,1
.f.,ī,inī,nī,.f.$.sg.$.nom.,1
.f.,ī,iniyo,niyo,.f.$.sg.$.nom.,1
.f.,ī,inyo,nyo,.f.$.sg.$.nom.,1
.f.,ī,inī,ī,.f.$.sg.$.voc.,1
.m.,ī,ībhi,bhi,.m.$.pl.$.abl.,1
.m.,ī,īhi,hi,.m.$.pl.$.abl.,1
.m.,ī,ī,ī,.m.$.pl.$.acc.,1
.m.,ī,ino,o,.m.$.pl.$.acc.,1
.m.,ī,inaṃ,naṃ,.m.$.pl.$.dat.,1
.m.,ī,inaṃ,naṃ,.m.$.pl.$.gen.,1
.m.,ī,ībhi,bhi,.m.$.pl.$.inst.,1
.m.,ī,īhi,hi,.m.$.pl.$.inst.,1
.m.,ī,īsu,su,.m.$.pl.$.loc.,1
.m.,ī,ī,ī,.m.$.pl.$.nom.,1
.m.,ī,ino,o,.m.$.pl.$.nom.,1
.m.,ī,ī,ī,.m.$.pl.$.voc.,1
.m.,ī,ino,o,.m.$.pl.$.voc.,1
.m.,ī,imhā,mhā,.m.$.sg.$.abl.,1
.m.,ī,inā,nā,.m.$.sg.$.abl.,1
.m.,ī,ismā,smā,.m.$.sg.$.abl.,1
.m.,ī,iṃ,ṃ,.m.$.sg.$.acc.,1
.m.,ī,inaṃ,naṃ,.m.$.sg.$.acc.,1
.m.,ī,ino,o,.m.$.sg.$.dat.,1
.m.,ī,issa,ssa,.m.$.sg.$.dat.,1
.m.,ī,ino,o,.m.$.sg.$.gen.,1
.m.,ī,issa,ssa,.m.$.sg.$.gen.,1
.m.,ī,inā,nā,.m.$.sg.$.inst.,1
.m.,ī,imhi,mhi,.m.$.sg.$.loc.,1
.m.,ī,ini,ni,.m.$.sg.$.loc.,1
.m.,ī,ismiṃ,smiṃ,.m.$.sg.$.loc.,1
.m.,ī,ī,ī,.m.$.sg.$.nom.,1
.m.,ī,i,ī,.m.$.sg.$.voc.,1
.nt.,ī,ībhi,bhi,.nt.$.pl.$.abl.,1
.nt.,ī,īhi,hi,.nt.$.pl.$.abl.,1
.nt.,ī,i,ī,.nt.$.pl.$.acc.,1
.nt.,ī,īni,ni,.nt.$.pl.$.acc.,1
.nt.,ī,īnaṃ,naṃ,.nt.$.pl.$.dat.,1
.nt.,ī,īnaṃ,naṃ,.nt.$.pl.$.gen.,1
.nt.,ī,ībhi,bhi,.nt.$.pl.$.inst.,1
.nt.,ī,īhi,hi,.nt.$.pl.$.inst.,1
.nt.,ī,īsu,su,.nt.$.pl.$.loc.,1
.nt.,ī,ī,ī,.nt.$.pl.$.nom.,1
.nt.,ī,īni,ni,.nt.$.pl.$.nom.,1
.nt.,ī,ī,ī,.nt.$.pl.$.voc.,1
.nt.,ī,imhā,mhā,.nt.$.sg.$.abl.,1
.nt.,ī,inā,nā,.nt.$.sg.$.abl.,1
.nt.,ī,ismā,smā,.nt.$.sg.$.abl.,1
.nt.,ī,iṃ,ṃ,.nt.$.sg.$.acc.,1
.nt.,ī,inaṃ,naṃ,.nt.$.sg.$.acc.,1
.nt.,ī,ino,no,.nt.$.sg.$.dat.,1
.nt.,ī,issa,ssa,.nt.$.sg.$.dat.,1
.nt.,ī,ino,no,.nt.$.sg.$.gen.,1
.nt.,ī,issa,ssa,.nt.$.sg.$.gen.,1
.nt.,ī,inā,nā,.nt.$.sg.$.inst.,1
.nt.,ī,imhi,mhi,.nt.$.sg.$.loc.,1
.nt.,ī,ismiṃ,smiṃ,.nt.$.sg.$.loc.,1
.nt.,ī,i,i,.nt.$.sg.$.nom.,1
.nt.,ī,i,i,.nt.$.sg.$.voc.,1
.f.,in,inībhi,nībhi,.f.$.pl.$.abl.,2
.f.,in,inīhi,nīhi,.f.$.pl.$.abl.,2
.f.,in,inī,ni,.f.$.pl.$.acc.,2
.f.,in,iniyo,niyo,.f.$.pl.$.acc.,2
.f.,in,inīnaṃ,nīnaṃ,.f.$.pl.$.dat.,2
.f.,in,inīnaṃ,nīnaṃ,.f.$.pl.$.gen.,2
.f.,in,inībhi,nībhi,.f.$.pl.$.inst.,2
.f.,in,inīhi,nīhi,.f.$.pl.$.inst.,2
.f.,in,inīsu,nīsu,.f.$.pl.$.loc.,2
.f.,in,inī,nī,.f.$.pl.$.nom.,2
.f.,in,iniyo,niyo,.f.$.pl.$.nom.,2
.f.,in,inī,ni,.f.$.pl.$.voc.,2
.f.,in,iniyā,niyā,.f.$.sg.$.abl.,2
.f.,in,inyā,niyā,.f.$.sg.$.abl.,2
.f.,in,iniṃ,ṃ,.f.$.sg.$.acc.,2
.f.,in,iniyā,niyā,.f.$.sg.$.dat.,2
.f.,in,inyā,niyā,.f.$.sg.$.dat.,2
.f.,in,iniyā,niyā,.f.$.sg.$.gen.,2
.f.,in,inyā,niyā,.f.$.sg.$.gen.,2
.f.,in,iniyā,niyā,.f.$.sg.$.inst.,2
.f.,in,inyā,niyā,.f.$.sg.$.inst.,2
.f.,in,iniyā,niyā,.f.$.sg.$.loc.,2
.f.,in,iniyaṃ,niyaṃ,.f.$.sg.$.loc.,2
.f.,in,inyā,nyā,.f.$.sg.$.loc.,2
.f.,in,inyaṃ,nyaṃ,.f.$.sg.$.loc.,2
.f.,in,inī,nī,.f.$.sg.$.nom.,2
.f.,in,iniyo,niyo,.f.$.sg.$.nom.,2
.f.,in,inyo,nyo,.f.$.sg.$.nom.,2
.f.,in,inī,ī,.f.$.sg.$.voc.,2
.m.,in,ībhi,bhi,.m.$.pl.$.abl.,2
.m.,in,īhi,hi,.m.$.pl.$.abl.,2
.m.,in,ī,ī,.m.$.pl.$.acc.,2
.m.,in,ino,o,.m.$.pl.$.acc.,2
.m.,in,inaṃ,naṃ,.m.$.pl.$.dat.,2
.m.,in,inaṃ,naṃ,.m.$.pl.$.gen.,2
.m.,in,ībhi,bhi,.m.$.pl.$.inst.,2
.m.,in,īhi,hi,.m.$.pl.$.inst.,2
.m.,in,īsu,su,.m.$.pl.$.loc.,2
.m.,in,ī,ī,.m.$.pl.$.nom.,2
.m.,in,ino,o,.m.$.pl.$.nom.,2
.m.,in,ī,ī,.m.$.pl.$.voc.,2
.m.,in,ino,o,.m.$.pl.$.voc.,2
.m.,in,imhā,mhā,.m.$.sg.$.abl.,2
.m.,in,inā,nā,.m.$.sg.$.abl.,2
.m.,in,ismā,smā,.m.$.sg.$.abl.,2
.m.,in,iṃ,ṃ,.m.$.sg.$.acc.,2
.m.,in,inaṃ,naṃ,.m.$.sg.$.acc.,2
.m.,in,ino,o,.m.$.sg.$.dat.,2
.m.,in,issa,ssa,.m.$.sg.$.dat.,2
.m.,in,ino,o,.m.$.sg.$.gen.,2
.m.,in,issa,ssa,.m.$.sg.$.gen.,2
.m.,in,inā,nā,.m.$.sg.$.inst.,2
.m.,in,imhi,mhi,.m.$.sg.$.loc.,2
.m.,in,ini,ni,.m.$.sg.$.loc.,2
.m.,in,ismiṃ,smiṃ,.m.$.sg.$.loc.,2
.m.,in,ī,ī,.m.$.sg.$.nom.,2
.m.,in,i,ī,.m.$.sg.$.voc.,2
.nt.,in,ībhi,bhi,.nt.$.pl.$.abl.,2
.nt.,in,īhi,hi,.nt.$.pl.$.abl.,2
.nt.,in,i,ī,.nt.$.pl.$.acc.,2
.nt.,in,īni,ni,.nt.$.pl.$.acc.,2
.nt.,in,īnaṃ,naṃ,.nt.$.pl.$.dat.,2
.nt.,in,īnaṃ,naṃ,.nt.$.pl.$.gen.,2
.nt.,in,ībhi,bhi,.nt.$.pl.$.inst.,2
.nt.,in,īhi,hi,.nt.$.pl.$.inst.,2
.nt.,in,īsu,su,.nt.$.pl.$.loc.,2
.nt.,in,ī,ī,.nt.$.pl.$.nom.,2
.nt.,in,īni,ni,.nt.$.pl.$.nom.,2
.nt.,in,ī,ī,.nt.$.pl.$.voc.,2
.nt.,in,imhā,mhā,.nt.$.sg.$.abl.,2
.nt.,in,inā,nā,.nt.$.sg.$.abl.,2
.nt.,in,ismā,smā,.nt.$.sg.$.abl.,2
.nt.,in,iṃ,ṃ,.nt.$.sg.$.acc.,2
.nt.,in,inaṃ,naṃ,.nt.$.sg.$.acc.,2
.nt.,in,ino,no,.nt.$.sg.$.dat.,2
.nt.,in,issa,ssa,.nt.$.sg.$.dat.,2
.nt.,in,ino,no,.nt.$.sg.$.gen.,2
.nt.,in,issa,ssa,.nt.$.sg.$.gen.,2
.nt.,in,inā,nā,.nt.$.sg.$.inst.,2
.nt.,in,imhi,mhi,.nt.$.sg.$.loc.,2
.nt.,in,ismiṃ,smiṃ,.nt.$.sg.$.loc.,2
.nt.,in,i,i,.nt.$.sg.$.nom.,2
.nt.,in,i,i,.nt.$.sg.$.voc.,2
.f.,mā,mantībhi,ībhi,.f.$.pl.$.abl.,2
.f.,mā,mantīhi,īhi,.f.$.pl.$.abl.,2
.f.,mā,matībhi,ībhi,.f.$.pl.$.abl.,2
.f.,mā,matīhi,īhi,.f.$.pl.$.abl.,2
.f.,mā,mantī,ī,.f.$.pl.$.acc.,2
.f.,mā,mantiyo,iyo,.f.$.pl.$.acc.,2
.f.,mā,matī,ī,.f.$.pl.$.acc.,2
.f.,mā,matiyo,iyo,.f.$.pl.$.acc.,2
.f.,mā,mantīnaṃ,īnaṃ,.f.$.pl.$.dat.,2
.f.,mā,matīnaṃ,īnaṃ,.f.$.pl.$.dat.,2
.f.,mā,mantīnaṃ,īnaṃ,.f.$.pl.$.gen.,2
.f.,mā,matīnaṃ,īnaṃ,.f.$.pl.$.gen.,2
.f.,mā,mantībhi,ībhi,.f.$.pl.$.inst.,2
.f.,mā,mantīhi,īhi,.f.$.pl.$.inst.,2
.f.,mā,matībhi,ībhi,.f.$.pl.$.inst.,2
.f.,mā,matīhi,īhi,.f.$.pl.$.inst.,2
.f.,mā,mantīsu,īsu,.f.$.pl.$.loc.,2
.f.,mā,matīsu,īsu,.f.$.pl.$.loc.,2
.f.,mā,mantī,ī,.f.$.pl.$.nom.,2
.f.,mā,mantiyo,iyo,.f.$.pl.$.nom.,2
.f.,mā,matī,ī,.f.$.pl.$.nom.,2
.f.,mā,matiyo,iyo,.f.$.pl.$.nom.,2
.f.,mā,mantī,ī,.f.$.pl.$.voc.,2
.f.,mā,mantiyo,iyo,.f.$.pl.$.voc.,2
.f.,mā,matī,ī,.f.$.pl.$.voc.,2
.f.,mā,matiyo,iyo,.f.$.pl.$.voc.,2
.f.,mā,mantiyā,iyā,.f.$.sg.$.abl.,2
.f.,mā,matiyā,iyā,.f.$.sg.$.abl.,2
.f.,mā,mantiṃ,iṃ,.f.$.sg.$.acc.,2
.f.,mā,matiṃ,iṃ,.f.$.sg.$.acc.,2
.f.,mā,mantiyā,iyā,.f.$.sg.$.dat.,2
.f.,mā,matiyā,iyā,.f.$.sg.$.dat.,2
.f.,mā,mantiyā,iyā,.f.$.sg.$.gen.,2
.f.,mā,matiyā,iyā,.f.$.sg.$.gen.,2
.f.,mā,mantiyā,iyā,.f.$.sg.$.inst.,2
.f.,mā,matiyā,iyā,.f.$.sg.$.inst.,2
.f.,mā,mantiyā,iyā,.f.$.sg.$.loc.,2
.f.,mā,mantiyaṃ,iyaṃ,.f.$.sg.$.loc.,2
.f.,mā,matiyā,iyā,.f.$.sg.$.loc.,2
.f.,mā,matiyaṃ,iyaṃ,.f.$.sg.$.loc.,2
.f.,mā,mantī,ī,.f.$.sg.$.nom.,2
.f.,mā,matī,ī,.f.$.sg.$.nom.,2
.f.,mā,mantī,ī,.f.$.sg.$.voc.,2
.f.,mā,matī,ī,.f.$.sg.$.voc.,2
.m.,mā,mantebhi,ebhi,.m.$.pl.$.abl.,2
.m.,mā,mantehi,ehi,.m.$.pl.$.abl.,2
.m.,mā,mante,e,.m.$.pl.$.acc.,2
.m.,mā,mantānaṃ,ānaṃ,.m.$.pl.$.dat.,2
.m.,mā,mataṃ,aṃ,.m.$.pl.$.dat.,2
.m.,mā,mantānaṃ,ānaṃ,.m.$.pl.$.gen.,2
.m.,mā,mataṃ,aṃ,.m.$.pl.$.gen.,2
.m.,mā,mantebhi,ebhi,.m.$.pl.$.inst.,2
.m.,mā,mantehi,ehi,.m.$.pl.$.inst.,2
.m.,mā,mantesu,esu,.m.$.pl.$.loc.,2
.m.,mā,mā,mā,.m.$.pl.$.nom.,2
.m.,mā,mantā,ā,.m.$.pl.$.nom.,2
.m.,mā,manto,o,.m.$.pl.$.nom.,2
.m.,mā,mā,mā,.m.$.pl.$.voc.,2
.m.,mā,mantā,ā,.m.$.pl.$.voc.,2
.m.,mā,manto,o,.m.$.pl.$.voc.,2
.m.,mā,mantā,ā,.m.$.sg.$.abl.,2
.m.,mā,mantamhā,amhā,.m.$.sg.$.abl.,2
.m.,mā,mantasmā,asmā,.m.$.sg.$.abl.,2
.m.,mā,matā,ā,.m.$.sg.$.abl.,2
.m.,mā,maṃ,maṃ,.m.$.sg.$.acc.,2
.m.,mā,mantaṃ,aṃ,.m.$.sg.$.acc.,2
.m.,mā,mantassa,assa,.m.$.sg.$.dat.,2
.m.,mā,mato,o,.m.$.sg.$.dat.,2
.m.,mā,mantassa,assa,.m.$.sg.$.gen.,2
.m.,mā,mato,o,.m.$.sg.$.gen.,2
.m.,mā,matā,ā,.m.$.sg.$.inst.,2
.m.,mā,matena,ena,.m.$.sg.$.inst.,2
.m.,mā,mantamhi,amhi,.m.$.sg.$.loc.,2
.m.,mā,mantasmiṃ,asmiṃ,.m.$.sg.$.loc.,2
.m.,mā,mante,e,.m.$.sg.$.loc.,2
.m.,mā,mati,i,.m.$.sg.$.loc.,2
.m.,mā,mā,mā,.m.$.sg.$.nom.,2
.m.,mā,manto,o,.m.$.sg.$.nom.,2
.m.,mā,ma,a,.m.$.sg.$.voc.,2
.m.,mā,mā,ā,.m.$.sg.$.voc.,2
.m.,mā,maṃ,ṃ,.m.$.sg.$.voc.,2
.m.,mā,manta,a,.m.$.sg.$.voc.,2
.m.,mā,mantā,ā,.m.$.sg.$.voc.,2
.nt.,mā,mantebhi,ebhi,.nt.$.pl.$.abl.,2
.nt.,mā,mantehi,ehi,.nt.$.pl.$.abl.,2
.nt.,mā,mante,e,.nt.$.pl.$.acc.,2
.nt.,mā,mantānaṃ,ānaṃ,.nt.$.pl.$.dat.,2
.nt.,mā,mataṃ,aṃ,.nt.$.pl.$.dat.,2
.nt.,mā,mantānaṃ,ānaṃ,.nt.$.pl.$.gen.,2
.nt.,mā,mataṃ,aṃ,.nt.$.pl.$.gen.,2
.nt.,mā,mantebhi,ebhi,.nt.$.pl.$.inst.,2
.nt.,mā,mantehi,ehi,.nt.$.pl.$.inst.,2
.nt.,mā,mantesu,esu,.nt.$.pl.$.loc.,2
.nt.,mā,mā,mā,.nt.$.pl.$.nom.,2
.nt.,mā,mantā,ā,.nt.$.pl.$.nom.,2
.nt.,mā,manto,o,.nt.$.pl.$.nom.,2
.nt.,mā,mā,mā,.nt.$.pl.$.voc.,2
.nt.,mā,mantā,ā,.nt.$.pl.$.voc.,2
.nt.,mā,manto,o,.nt.$.pl.$.voc.,2
.nt.,mā,mantā,ā,.nt.$.sg.$.abl.,2
.nt.,mā,mantamhā,amhā,.nt.$.sg.$.abl.,2
.nt.,mā,mantasmā,asmā,.nt.$.sg.$.abl.,2
.nt.,mā,matā,ā,.nt.$.sg.$.abl.,2
.nt.,mā,maṃ,maṃ,.nt.$.sg.$.acc.,2
.nt.,mā,mantaṃ,aṃ,.nt.$.sg.$.acc.,2
.nt.,mā,mantassa,assa,.nt.$.sg.$.dat.,2
.nt.,mā,mato,o,.nt.$.sg.$.dat.,2
.nt.,mā,mantassa,assa,.nt.$.sg.$.gen.,2
.nt.,mā,mato,o,.nt.$.sg.$.gen.,2
.nt.,mā,matā,ā,.nt.$.sg.$.inst.,2
.nt.,mā,matena,ena,.nt.$.sg.$.inst.,2
.nt.,mā,mantamhi,amhi,.nt.$.sg.$.loc.,2
.nt.,mā,mantasmiṃ,asmiṃ,.nt.$.sg.$.loc.,2
.nt.,mā,mante,e,.nt.$.sg.$.loc.,2
.nt.,mā,mati,i,.nt.$.sg.$.loc.,2
.nt.,mā,maṃ,maṃ,.nt.$.sg.$.nom.,2
.nt.,mā,mantaṃ,aṃ,.nt.$.sg.$.nom.,2
.nt.,mā,ma,a,.nt.$.sg.$.voc.,2
.nt.,mā,mā,ā,.nt.$.sg.$.voc.,2
.nt.,mā,maṃ,ṃ,.nt.$.sg.$.voc.,2
.nt.,mā,manta,a,.nt.$.sg.$.voc.,2
.nt.,mā,mantā,ā,.nt.$.sg.$.voc.,2
.f.,mant,mantībhi,ībhi,.f.$.pl.$.abl.,4
.f.,mant,mantīhi,īhi,.f.$.pl.$.abl.,4
.f.,mant,matībhi,ībhi,.f.$.pl.$.abl.,4
.f.,mant,matīhi,īhi,.f.$.pl.$.abl.,4
.f.,mant,mantī,ī,.f.$.pl.$.acc.,4
.f.,mant,mantiyo,iyo,.f.$.pl.$.acc.,4
.f.,mant,matī,ī,.f.$.pl.$.acc.,4
.f.,mant,matiyo,iyo,.f.$.pl.$.acc.,4
.f.,mant,mantīnaṃ,īnaṃ,.f.$.pl.$.dat.,4
.f.,mant,matīnaṃ,īnaṃ,.f.$.pl.$.dat.,4
.f.,mant,mantīnaṃ,īnaṃ,.f.$.pl.$.gen.,4
.f.,mant,matīnaṃ,īnaṃ,.f.$.pl.$.gen.,4
.f.,mant,mantībhi,ībhi,.f.$.pl.$.inst.,4
.f.,mant,mantīhi,īhi,.f.$.pl.$.inst.,4
.f.,mant,matībhi,ībhi,.f.$.pl.$.inst.,4
.f.,mant,matīhi,īhi,.f.$.pl.$.inst.,4
.f.,mant,mantīsu,īsu,.f.$.pl.$.loc.,4
.f.,mant,matīsu,īsu,.f.$.pl.$.loc.,4
.f.,mant,mantī,ī,.f.$.pl.$.nom.,4
.f.,mant,mantiyo,iyo,.f.$.pl.$.nom.,4
.f.,mant,matī,ī,.f.$.pl.$.nom.,4
.f.,mant,matiyo,iyo,.f.$.pl.$.nom.,4
.f.,mant,mantī,ī,.f.$.pl.$.voc.,4
.f.,mant,mantiyo,iyo,.f.$.pl.$.voc.,4
.f.,mant,matī,ī,.f.$.pl.$.voc.,4
.f.,mant,matiyo,iyo,.f.$.pl.$.voc.,4
.f.,mant,mantiyā,iyā,.f.$.sg.$.abl.,4
.f.,mant,matiyā,iyā,.f.$.sg.$.abl.,4
.f.,mant,mantiṃ,iṃ,.f.$.sg.$.acc.,4
.f.,mant,matiṃ,iṃ,.f.$.sg.$.acc.,4
.f.,mant,mantiyā,iyā,.f.$.sg.$.dat.,4
.f.,mant,matiyā,iyā,.f.$.sg.$.dat.,4
.f.,mant,mantiyā,iyā,.f.$.sg.$.gen.,4
.f.,mant,matiyā,iyā,.f.$.sg.$.gen.,4
.f.,mant,mantiyā,iyā,.f.$.sg.$.inst.,4
.f.,mant,matiyā,iyā,.f.$.sg.$.inst.,4
.f.,mant,mantiyā,iyā,.f.$.sg.$.loc.,4
.f.,mant,mantiyaṃ,iyaṃ,.f.$.sg.$.loc.,4
.f.,mant,matiyā,iyā,.f.$.sg.$.loc.,4
.f.,mant,matiyaṃ,iyaṃ,.f.$.sg.$.loc.,4
.f.,mant,mantī,ī,.f.$.sg.$.nom.,4
.f.,mant,matī,ī,.f.$.sg.$.nom.,4
.f.,mant,mantī,ī,.f.$.sg.$.voc.,4
.f.,mant,matī,ī,.f.$.sg.$.voc.,4
.m.,mant,mantebhi,ebhi,.m.$.pl.$.abl.,4
.m.,mant,mantehi,ehi,.m.$.pl.$.abl.,4
.m.,mant,mante,e,.m.$.pl.$.acc.,4
.m.,mant,mantānaṃ,ānaṃ,.m.$.pl.$.dat.,4
.m.,mant,mataṃ,aṃ,.m.$.pl.$.dat.,4
.m.,mant,mantānaṃ,ānaṃ,.m.$.pl.$.gen.,4
.m.,mant,mataṃ,aṃ,.m.$.pl.$.gen.,4
.m.,mant,mantebhi,ebhi,.m.$.pl.$.inst.,4
.m.,mant,mantehi,ehi,.m.$.pl.$.inst.,4
.m.,mant,mantesu,esu,.m.$.pl.$.loc.,4
.m.,mant,mā,mā,.m.$.pl.$.nom.,4
.m.,mant,mantā,ā,.m.$.pl.$.nom.,4
.m.,mant,manto,o,.m.$.pl.$.nom.,4
.m.,mant,mā,mā,.m.$.pl.$.voc.,4
.m.,mant,mantā,ā,.m.$.pl.$.voc.,4
.m.,mant,manto,o,.m.$.pl.$.voc.,4
.m.,mant,mantā,ā,.m.$.sg.$.abl.,4
.m.,mant,mantamhā,amhā,.m.$.sg.$.abl.,4
.m.,mant,mantasmā,asmā,.m.$.sg.$.abl.,4
.m.,mant,matā,ā,.m.$.sg.$.abl.,4
.m.,mant,maṃ,maṃ,.m.$.sg.$.acc.,4
.m.,mant,mantaṃ,aṃ,.m.$.sg.$.acc.,4
.m.,mant,mantassa,assa,.m.$.sg.$.dat.,4
.m.,mant,mato,o,.m.$.sg.$.dat.,4
.m.,mant,mantassa,assa,.m.$.sg.$.gen.,4
.m.,mant,mato,o,.m.$.sg.$.gen.,4
.m.,mant,matā,ā,.m.$.sg.$.inst.,4
.m.,mant,matena,ena,.m.$.sg.$.inst.,4
.m.,mant,mantamhi,amhi,.m.$.sg.$.loc.,4
.m.,mant,mantasmiṃ,asmiṃ,.m.$.sg.$.loc.,4
.m.,mant,mante,e,.m.$.sg.$.loc.,4
.m.,mant,mati,i,.m.$.sg.$.loc.,4
.m.,mant,mā,mā,.m.$.sg.$.nom.,4
.m.,mant,manto,o,.m.$.sg.$.nom.,4
.m.,mant,ma,a,.m.$.sg.$.voc.,4
.m.,mant,mā,ā,.m.$.sg.$.voc.,4
.m.,mant,maṃ,ṃ,.m.$.sg.$.voc.,4
.m.,mant,manta,a,.m.$.sg.$.voc.,4
.m.,mant,mantā,ā,.m.$.sg.$.voc.,4
.nt.,mant,mantebhi,ebhi,.nt.$.pl.$.abl.,4
.nt.,mant,mantehi,ehi,.nt.$.pl.$.abl.,4
.nt.,mant,mante,e,.nt.$.pl.$.acc.,4
.nt.,mant,mantānaṃ,ānaṃ,.nt.$.pl.$.dat.,4
.nt.,mant,mataṃ,aṃ,.nt.$.pl.$.dat.,4
.nt.,mant,mantānaṃ,ānaṃ,.nt.$.pl.$.gen.,4
.nt.,mant,mataṃ,aṃ,.nt.$.pl.$.gen.,4
.nt.,mant,mantebhi,ebhi,.nt.$.pl.$.inst.,4
.nt.,mant,mantehi,ehi,.nt.$.pl.$.inst.,4
.nt.,mant,mantesu,esu,.nt.$.pl.$.loc.,4
.nt.,mant,mā,mā,.nt.$.pl.$.nom.,4
.nt.,mant,mantā,ā,.nt.$.pl.$.nom.,4
.nt.,mant,manto,o,.nt.$.pl.$.nom.,4
.nt.,mant,mā,mā,.nt.$.pl.$.voc.,4
.nt.,mant,mantā,ā,.nt.$.pl.$.voc.,4
.nt.,mant,manto,o,.nt.$.pl.$.voc.,4
.nt.,mant,mantā,ā,.nt.$.sg.$.abl.,4
.nt.,mant,mantamhā,amhā,.nt.$.sg.$.abl.,4
.nt.,mant,mantasmā,asmā,.nt.$.sg.$.abl.,4
.nt.,mant,matā,ā,.nt.$.sg.$.abl.,4
.nt.,mant,maṃ,maṃ,.nt.$.sg.$.acc.,4
.nt.,mant,mantaṃ,aṃ,.nt.$.sg.$.acc.,4
.nt.,mant,mantassa,assa,.nt.$.sg.$.dat.,4
.nt.,mant,mato,o,.nt.$.sg.$.dat.,4
.nt.,mant,mantassa,assa,.nt.$.sg.$.gen.,4
.nt.,mant,mato,o,.nt.$.sg.$.gen.,4
.nt.,mant,matā,ā,.nt.$.sg.$.inst.,4
.nt.,mant,matena,ena,.nt.$.sg.$.inst.,4
.nt.,mant,mantamhi,amhi,.nt.$.sg.$.loc.,4
.nt.,mant,mantasmiṃ,asmiṃ,.nt.$.sg.$.loc.,4
.nt.,mant,mante,e,.nt.$.sg.$.loc.,4
.nt.,mant,mati,i,.nt.$.sg.$.loc.,4
.nt.,mant,maṃ,maṃ,.nt.$.sg.$.nom.,4
.nt.,mant,mantaṃ,aṃ,.nt.$.sg.$.nom.,4
.nt.,mant,ma,a,.nt.$.sg.$.voc.,4
.nt.,mant,mā,ā,.nt.$.sg.$.voc.,4
.nt.,mant,maṃ,ṃ,.nt.$.sg.$.voc.,4
.nt.,mant,manta,a,.nt.$.sg.$.voc.,4
.nt.,mant,mantā,ā,.nt.$.sg.$.voc.,4
.f.,manta,mantībhi,ībhi,.f.$.pl.$.abl.,5
.f.,manta,mantīhi,īhi,.f.$.pl.$.abl.,5
.f.,manta,matībhi,ībhi,.f.$.pl.$.abl.,5
.f.,manta,matīhi,īhi,.f.$.pl.$.abl.,5
.f.,manta,mantī,ī,.f.$.pl.$.acc.,5
.f.,manta,mantiyo,iyo,.f.$.pl.$.acc.,5
.f.,manta,matī,ī,.f.$.pl.$.acc.,5
.f.,manta,matiyo,iyo,.f.$.pl.$.acc.,5
.f.,manta,mantīnaṃ,īnaṃ,.f.$.pl.$.dat.,5
.f.,manta,matīnaṃ,īnaṃ,.f.$.pl.$.dat.,5
.f.,manta,mantīnaṃ,īnaṃ,.f.$.pl.$.gen.,5
.f.,manta,matīnaṃ,īnaṃ,.f.$.pl.$.gen.,5
.f.,manta,mantībhi,ībhi,.f.$.pl.$.inst.,5
.f.,manta,mantīhi,īhi,.f.$.pl.$.inst.,5
.f.,manta,matībhi,ībhi,.f.$.pl.$.inst.,5
.f.,manta,matīhi,īhi,.f.$.pl.$.inst.,5
.f.,manta,mantīsu,īsu,.f.$.pl.$.loc.,5
.f.,manta,matīsu,īsu,.f.$.pl.$.loc.,5
.f.,manta,mantī,ī,.f.$.pl.$.nom.,5
.f.,manta,mantiyo,iyo,.f.$.pl.$.nom.,5
.f.,manta,matī,ī,.f.$.pl.$.nom.,5
.f.,manta,matiyo,iyo,.f.$.pl.$.nom.,5
.f.,manta,mantī,ī,.f.$.pl.$.voc.,5
.f.,manta,mantiyo,iyo,.f.$.pl.$.voc.,5
.f.,manta,matī,ī,.f.$.pl.$.voc.,5
.f.,manta,matiyo,iyo,.f.$.pl.$.voc.,5
.f.,manta,mantiyā,iyā,.f.$.sg.$.abl.,5
.f.,manta,matiyā,iyā,.f.$.sg.$.abl.,5
.f.,manta,mantiṃ,iṃ,.f.$.sg.$.acc.,5
.f.,manta,matiṃ,iṃ,.f.$.sg.$.acc.,5
.f.,manta,mantiyā,iyā,.f.$.sg.$.dat.,5
.f.,manta,matiyā,iyā,.f.$.sg.$.dat.,5
.f.,manta,mantiyā,iyā,.f.$.sg.$.gen.,5
.f.,manta,matiyā,iyā,.f.$.sg.$.gen.,5
.f.,manta,mantiyā,iyā,.f.$.sg.$.inst.,5
.f.,manta,matiyā,iyā,.f.$.sg.$.inst.,5
.f.,manta,mantiyā,iyā,.f.$.sg.$.loc.,5
.f.,manta,mantiyaṃ,iyaṃ,.f.$.sg.$.loc.,5
.f.,manta,matiyā,iyā,.f.$.sg.$.loc.,5
.f.,manta,matiyaṃ,iyaṃ,.f.$.sg.$.loc.,5
.f.,manta,mantī,ī,.f.$.sg.$.nom.,5
.f.,manta,matī,ī,.f.$.sg.$.nom.,5
.f.,manta,mantī,ī,.f.$.sg.$.voc.,5
.f.,manta,matī,ī,.f.$.sg.$.voc.,5
.m.,manta,mantebhi,ebhi,.m.$.pl.$.abl.,5
.m.,manta,mantehi,ehi,.m.$.pl.$.abl.,5
.m.,manta,mante,e,.m.$.pl.$.acc.,5
.m.,manta,mantānaṃ,ānaṃ,.m.$.pl.$.dat.,5
.m.,manta,mataṃ,aṃ,.m.$.pl.$.dat.,5
.m.,manta,mantānaṃ,ānaṃ,.m.$.pl.$.gen.,5
.m.,manta,mataṃ,aṃ,.m.$.pl.$.gen.,5
.m.,manta,mantebhi,ebhi,.m.$.pl.$.inst.,5
.m.,manta,mantehi,ehi,.m.$.pl.$.inst.,5
.m.,manta,mantesu,esu,.m.$.pl.$.loc.,5
.m.,manta,mā,mā,.m.$.pl.$.nom.,5
.m.,manta,mantā,ā,.m.$.pl.$.nom.,5
.m.,manta,manto,o,.m.$.pl.$.nom.,5
.m.,manta,mā,mā,.m.$.pl.$.voc.,5
.m.,manta,mantā,ā,.m.$.pl.$.voc.,5
.m.,manta,manto,o,.m.$.pl.$.voc.,5
.m.,manta,mantā,ā,.m.$.sg.$.abl.,5
.m.,manta,mantamhā,amhā,.m.$.sg.$.abl.,5
.m.,manta,mantasmā,asmā,.m.$.sg.$.abl.,5
.m.,manta,matā,ā,.m.$.sg.$.abl.,5
.m.,manta,maṃ,maṃ,.m.$.sg.$.acc.,5
.m.,manta,mantaṃ,aṃ,.m.$.sg.$.acc.,5
.m.,manta,mantassa,assa,.m.$.sg.$.dat.,5
.m.,manta,mato,o,.m.$.sg.$.dat.,5
.m.,manta,mantassa,assa,.m.$.sg.$.gen.,5
.m.,manta,mato,o,.m.$.sg.$.gen.,5
.m.,manta,matā,ā,.m.$.sg.$.inst.,5
.m.,manta,matena,ena,.m.$.sg.$.inst.,5
.m.,manta,mantamhi,amhi,.m.$.sg.$.loc.,5
.m.,manta,mantasmiṃ,asmiṃ,.m.$.sg.$.loc.,5
.m.,manta,mante,e,.m.$.sg.$.loc.,5
.m.,manta,mati,i,.m.$.sg.$.loc.,5
.m.,manta,mā,mā,.m.$.sg.$.nom.,5
.m.,manta,manto,o,.m.$.sg.$.nom.,5
.m.,manta,ma,a,.m.$.sg.$.voc.,5
.m.,manta,mā,ā,.m.$.sg.$.voc.,5
.m.,manta,maṃ,ṃ,.m.$.sg.$.voc.,5
.m.,manta,manta,a,.m.$.sg.$.voc.,5
.m.,manta,mantā,ā,.m.$.sg.$.voc.,5
.nt.,manta,mantebhi,ebhi,.nt.$.pl.$.abl.,5
.nt.,manta,mantehi,ehi,.nt.$.pl.$.abl.,5
.nt.,manta,mante,e,.nt.$.pl.$.acc.,5
.nt.,manta,mantānaṃ,ānaṃ,.nt.$.pl.$.dat.,5
.nt.,manta,mataṃ,aṃ,.nt.$.pl.$.dat.,5
.nt.,manta,mantānaṃ,ānaṃ,.nt.$.pl.$.gen.,5
.nt.,manta,mataṃ,aṃ,.nt.$.pl.$.gen.,5
.nt.,manta,mantebhi,ebhi,.nt.$.pl.$.inst.,5
.nt.,manta,mantehi,ehi,.nt.$.pl.$.inst.,5
.nt.,manta,mantesu,esu,.nt.$.pl.$.loc.,5
.nt.,manta,mā,mā,.nt.$.pl.$.nom.,5
.nt.,manta,mantā,ā,.nt.$.pl.$.nom.,5
.nt.,manta,manto,o,.nt.$.pl.$.nom.,5
.nt.,manta,mā,mā,.nt.$.pl.$.voc.,5
.nt.,manta,mantā,ā,.nt.$.pl.$.voc.,5
.nt.,manta,manto,o,.nt.$.pl.$.voc.,5
.nt.,manta,mantā,ā,.nt.$.sg.$.abl.,5
.nt.,manta,mantamhā,amhā,.nt.$.sg.$.abl.,5
.nt.,manta,mantasmā,asmā,.nt.$.sg.$.abl.,5
.nt.,manta,matā,ā,.nt.$.sg.$.abl.,5
.nt.,manta,maṃ,maṃ,.nt.$.sg.$.acc.,5
.nt.,manta,mantaṃ,aṃ,.nt.$.sg.$.acc.,5
.nt.,manta,mantassa,assa,.nt.$.sg.$.dat.,5
.nt.,manta,mato,o,.nt.$.sg.$.dat.,5
.nt.,manta,mantassa,assa,.nt.$.sg.$.gen.,5
.nt.,manta,mato,o,.nt.$.sg.$.gen.,5
.nt.,manta,matā,ā,.nt.$.sg.$.inst.,5
.nt.,manta,matena,ena,.nt.$.sg.$.inst.,5
.nt.,manta,mantamhi,amhi,.nt.$.sg.$.loc.,5
.nt.,manta,mantasmiṃ,asmiṃ,.nt.$.sg.$.loc.,5
.nt.,manta,mante,e,.nt.$.sg.$.loc.,5
.nt.,manta,mati,i,.nt.$.sg.$.loc.,5
.nt.,manta,maṃ,maṃ,.nt.$.sg.$.nom.,5
.nt.,manta,mantaṃ,aṃ,.nt.$.sg.$.nom.,5
.nt.,manta,ma,a,.nt.$.sg.$.voc.,5
.nt.,manta,mā,ā,.nt.$.sg.$.voc.,5
.nt.,manta,maṃ,ṃ,.nt.$.sg.$.voc.,5
.nt.,manta,manta,a,.nt.$.sg.$.voc.,5
.nt.,manta,mantā,ā,.nt.$.sg.$.voc.,5
.f.,mat,mantībhi,ībhi,.f.$.pl.$.abl.,3
.f.,mat,mantīhi,īhi,.f.$.pl.$.abl.,3
.f.,mat,matībhi,ībhi,.f.$.pl.$.abl.,3
.f.,mat,matīhi,īhi,.f.$.pl.$.abl.,3
.f.,mat,mantī,ī,.f.$.pl.$.acc.,3
.f.,mat,mantiyo,iyo,.f.$.pl.$.acc.,3
.f.,mat,matī,ī,.f.$.pl.$.acc.,3
.f.,mat,matiyo,iyo,.f.$.pl.$.acc.,3
.f.,mat,mantīnaṃ,īnaṃ,.f.$.pl.$.dat.,3
.f.,mat,matīnaṃ,īnaṃ,.f.$.pl.$.dat.,3
.f.,mat,mantīnaṃ,īnaṃ,.f.$.pl.$.gen.,3
.f.,mat,matīnaṃ,īnaṃ,.f.$.pl.$.gen.,3
.f.,mat,mantībhi,ībhi,.f.$.pl.$.inst.,3
.f.,mat,mantīhi,īhi,.f.$.pl.$.inst.,3
.f.,mat,matībhi,ībhi,.f.$.pl.$.inst.,3
.f.,mat,matīhi,īhi,.f.$.pl.$.inst.,3
.f.,mat,mantīsu,īsu,.f.$.pl.$.loc.,3
.f.,mat,matīsu,īsu,.f.$.pl.$.loc.,3
.f.,mat,mantī,ī,.f.$.pl.$.nom.,3
.f.,mat,mantiyo,iyo,.f.$.pl.$.nom.,3
.f.,mat,matī,ī,.f.$.pl.$.nom.,3
.f.,mat,matiyo,iyo,.f.$.pl.$.nom.,3
.f.,mat,mantī,ī,.f.$.pl.$.voc.,3
.f.,mat,mantiyo,iyo,.f.$.pl.$.voc.,3
.f.,mat,matī,ī,.f.$.pl.$.voc.,3
.f.,mat,matiyo,iyo,.f.$.pl.$.voc.,3
.f.,mat,mantiyā,iyā,.f.$.sg.$.abl.,3
.f.,mat,matiyā,iyā,.f.$.sg.$.abl.,3
.f.,mat,mantiṃ,iṃ,.f.$.sg.$.acc.,3
.f.,mat,matiṃ,iṃ,.f.$.sg.$.acc.,3
.f.,mat,mantiyā,iyā,.f.$.sg.$.dat.,3
.f.,mat,matiyā,iyā,.f.$.sg.$.dat.,3
.f.,mat,mantiyā,iyā,.f.$.sg.$.gen.,3
.f.,mat,matiyā,iyā,.f.$.sg.$.gen.,3
.f.,mat,mantiyā,iyā,.f.$.sg.$.inst.,3
.f.,mat,matiyā,iyā,.f.$.sg.$.inst.,3
.f.,mat,mantiyā,iyā,.f.$.sg.$.loc.,3
.f.,mat,mantiyaṃ,iyaṃ,.f.$.sg.$.loc.,3
.f.,mat,matiyā,iyā,.f.$.sg.$.loc.,3
.f.,mat,matiyaṃ,iyaṃ,.f.$.sg.$.loc.,3
.f.,mat,mantī,ī,.f.$.sg.$.nom.,3
.f.,mat,matī,ī,.f.$.sg.$.nom.,3
.f.,mat,mantī,ī,.f.$.sg.$.voc.,3
.f.,mat,matī,ī,.f.$.sg.$.voc.,3
.m.,mat,mantebhi,ebhi,.m.$.pl.$.abl.,3
.m.,mat,mantehi,ehi,.m.$.pl.$.abl.,3
.m.,mat,mante,e,.m.$.pl.$.acc.,3
.m.,mat,mantānaṃ,ānaṃ,.m.$.pl.$.dat.,3
.m.,mat,mataṃ,aṃ,.m.$.pl.$.dat.,3
.m.,mat,mantānaṃ,ānaṃ,.m.$.pl.$.gen.,3
.m.,mat,mataṃ,aṃ,.m.$.pl.$.gen.,3
.m.,mat,mantebhi,ebhi,.m.$.pl.$.inst.,3
.m.,mat,mantehi,ehi,.m.$.pl.$.inst.,3
.m.,mat,mantesu,esu,.m.$.pl.$.loc.,3
.m.,mat,mā,mā,.m.$.pl.$.nom.,3
.m.,mat,mantā,ā,.m.$.pl.$.nom.,3
.m.,mat,manto,o,.m.$.pl.$.nom.,3
.m.,mat,mā,mā,.m.$.pl.$.voc.,3
.m.,mat,mantā,ā,.m.$.pl.$.voc.,3
.m.,mat,manto,o,.m.$.pl.$.voc.,3
.m.,mat,mantā,ā,.m.$.sg.$.abl.,3
.m.,mat,mantamhā,amhā,.m.$.sg.$.abl.,3
.m.,mat,mantasmā,asmā,.m.$.sg.$.abl.,3
.m.,mat,matā,ā,.m.$.sg.$.abl.,3
.m.,mat,maṃ,maṃ,.m.$.sg.$.acc.,3
.m.,mat,mantaṃ,aṃ,.m.$.sg.$.acc.,3
.m.,mat,mantassa,assa,.m.$.sg.$.dat.,3
.m.,mat,mato,o,.m.$.sg.$.dat.,3
.m.,mat,mantassa,assa,.m.$.sg.$.gen.,3
.m.,mat,mato,o,.m.$.sg.$.gen.,3
.m.,mat,matā,ā,.m.$.sg.$.inst.,3
.m.,mat,matena,ena,.m.$.sg.$.inst.,3
.m.,mat,mantamhi,amhi,.m.$.sg.$.loc.,3
.m.,mat,mantasmiṃ,asmiṃ,.m.$.sg.$.loc.,3
.m.,mat,mante,e,.m.$.sg.$.loc.,3
.m.,mat,mati,i,.m.$.sg.$.loc.,3
.m.,mat,mā,mā,.m.$.sg.$.nom.,3
.m.,mat,manto,o,.m.$.sg.$.nom.,3
.m.,mat,ma,a,.m.$.sg.$.voc.,3
.m.,mat,mā,ā,.m.$.sg.$.voc.,3
.m.,mat,maṃ,ṃ,.m.$.sg.$.voc.,3
.m.,mat,manta,a,.m.$.sg.$.voc.,3
.m.,mat,mantā,ā,.m.$.sg.$.voc.,3
.nt.,mat,mantebhi,ebhi,.nt.$.pl.$.abl.,3
.nt.,mat,mantehi,ehi,.nt.$.pl.$.abl.,3
.nt.,mat,mante,e,.nt.$.pl.$.acc.,3
.nt.,mat,mantānaṃ,ānaṃ,.nt.$.pl.$.dat.,3
.nt.,mat,mataṃ,aṃ,.nt.$.pl.$.dat.,3
.nt.,mat,mantānaṃ,ānaṃ,.nt.$.pl.$.gen.,3
.nt.,mat,mataṃ,aṃ,.nt.$.pl.$.gen.,3
.nt.,mat,mantebhi,ebhi,.nt.$.pl.$.inst.,3
.nt.,mat,mantehi,ehi,.nt.$.pl.$.inst.,3
.nt.,mat,mantesu,esu,.nt.$.pl.$.loc.,3
.nt.,mat,mā,mā,.nt.$.pl.$.nom.,3
.nt.,mat,mantā,ā,.nt.$.pl.$.nom.,3
.nt.,mat,manto,o,.nt.$.pl.$.nom.,3
.nt.,mat,mā,mā,.nt.$.pl.$.voc.,3
.nt.,mat,mantā,ā,.nt.$.pl.$.voc.,3
.nt.,mat,manto,o,.nt.$.pl.$.voc.,3
.nt.,mat,mantā,ā,.nt.$.sg.$.abl.,3
.nt.,mat,mantamhā,amhā,.nt.$.sg.$.abl.,3
.nt.,mat,mantasmā,asmā,.nt.$.sg.$.abl.,3
.nt.,mat,matā,ā,.nt.$.sg.$.abl.,3
.nt.,mat,maṃ,maṃ,.nt.$.sg.$.acc.,3
.nt.,mat,mantaṃ,aṃ,.nt.$.sg.$.acc.,3
.nt.,mat,mantassa,assa,.nt.$.sg.$.dat.,3
.nt.,mat,mato,o,.nt.$.sg.$.dat.,3
.nt.,mat,mantassa,assa,.nt.$.sg.$.gen.,3
.nt.,mat,mato,o,.nt.$.sg.$.gen.,3
.nt.,mat,matā,ā,.nt.$.sg.$.inst.,3
.nt.,mat,matena,ena,.nt.$.sg.$.inst.,3
.nt.,mat,mantamhi,amhi,.nt.$.sg.$.loc.,3
.nt.,mat,mantasmiṃ,asmiṃ,.nt.$.sg.$.loc.,3
.nt.,mat,mante,e,.nt.$.sg.$.loc.,3
.nt.,mat,mati,i,.nt.$.sg.$.loc.,3
.nt.,mat,maṃ,maṃ,.nt.$.sg.$.nom.,3
.nt.,mat,mantaṃ,aṃ,.nt.$.sg.$.nom.,3
.nt.,mat,ma,a,.nt.$.sg.$.voc.,3
.nt.,mat,mā,ā,.nt.$.sg.$.voc.,3
.nt.,mat,maṃ,ṃ,.nt.$.sg.$.voc.,3
.nt.,mat,manta,a,.nt.$.sg.$.voc.,3
.nt.,mat,mantā,ā,.nt.$.sg.$.voc.,3
.f.,mata,mantībhi,ībhi,.f.$.pl.$.abl.,4
.f.,mata,mantīhi,īhi,.f.$.pl.$.abl.,4
.f.,mata,matībhi,ībhi,.f.$.pl.$.abl.,4
.f.,mata,matīhi,īhi,.f.$.pl.$.abl.,4
.f.,mata,mantī,ī,.f.$.pl.$.acc.,4
.f.,mata,mantiyo,iyo,.f.$.pl.$.acc.,4
.f.,mata,matī,ī,.f.$.pl.$.acc.,4
.f.,mata,matiyo,iyo,.f.$.pl.$.acc.,4
.f.,mata,mantīnaṃ,īnaṃ,.f.$.pl.$.dat.,4
.f.,mata,matīnaṃ,īnaṃ,.f.$.pl.$.dat.,4
.f.,mata,mantīnaṃ,īnaṃ,.f.$.pl.$.gen.,4
.f.,mata,matīnaṃ,īnaṃ,.f.$.pl.$.gen.,4
.f.,mata,mantībhi,ībhi,.f.$.pl.$.inst.,4
.f.,mata,mantīhi,īhi,.f.$.pl.$.inst.,4
.f.,mata,matībhi,ībhi,.f.$.pl.$.inst.,4
.f.,mata,matīhi,īhi,.f.$.pl.$.inst.,4
.f.,mata,mantīsu,īsu,.f.$.pl.$.loc.,4
.f.,mata,matīsu,īsu,.f.$.pl.$.loc.,4
.f.,mata,mantī,ī,.f.$.pl.$.nom.,4
.f.,mata,mantiyo,iyo,.f.$.pl.$.nom.,4
.f.,mata,matī,ī,.f.$.pl.$.nom.,4
.f.,mata,matiyo,iyo,.f.$.pl.$.nom.,4
.f.,mata,mantī,ī,.f.$.pl.$.voc.,4
.f.,mata,mantiyo,iyo,.f.$.pl.$.voc.,4
.f.,mata,matī,ī,.f.$.pl.$.voc.,4
.f.,mata,matiyo,iyo,.f.$.pl.$.voc.,4
.f.,mata,mantiyā,iyā,.f.$.sg.$.abl.,4
.f.,mata,matiyā,iyā,.f.$.sg.$.abl.,4
.f.,mata,mantiṃ,iṃ,.f.$.sg.$.acc.,4
.f.,mata,matiṃ,iṃ,.f.$.sg.$.acc.,4
.f.,mata,mantiyā,iyā,.f.$.sg.$.dat.,4
.f.,mata,matiyā,iyā,.f.$.sg.$.dat.,4
.f.,mata,mantiyā,iyā,.f.$.sg.$.gen.,4
.f.,mata,matiyā,iyā,.f.$.sg.$.gen.,4
.f.,mata,mantiyā,iyā,.f.$.sg.$.inst.,4
.f.,mata,matiyā,iyā,.f.$.sg.$.inst.,4
.f.,mata,mantiyā,iyā,.f.$.sg.$.loc.,4
.f.,mata,mantiyaṃ,iyaṃ,.f.$.sg.$.loc.,4
.f.,mata,matiyā,iyā,.f.$.sg.$.loc.,4
.f.,mata,matiyaṃ,iyaṃ,.f.$.sg.$.loc.,4
.f.,mata,mantī,ī,.f.$.sg.$.nom.,4
.f.,mata,matī,ī,.f.$.sg.$.nom.,4
.f.,mata,mantī,ī,.f.$.sg.$.voc.,4
.f.,mata,matī,ī,.f.$.sg.$.voc.,4
.m.,mata,mantebhi,ebhi,.m.$.pl.$.abl.,4
.m.,mata,mantehi,ehi,.m.$.pl.$.abl.,4
.m.,mata,mante,e,.m.$.pl.$.acc.,4
.m.,mata,mantānaṃ,ānaṃ,.m.$.pl.$.dat.,4
.m.,mata,mataṃ,aṃ,.m.$.pl.$.dat.,4
.m.,mata,mantānaṃ,ānaṃ,.m.$.pl.$.gen.,4
.m.,mata,mataṃ,aṃ,.m.$.pl.$.gen.,4
.m.,mata,mantebhi,ebhi,.m.$.pl.$.inst.,4
.m.,mata,mantehi,ehi,.m.$.pl.$.inst.,4
.m.,mata,mantesu,esu,.m.$.pl.$.loc.,4
.m.,mata,mā,mā,.m.$.pl.$.nom.,4
.m.,mata,mantā,ā,.m.$.pl.$.nom.,4
.m.,mata,manto,o,.m.$.pl.$.nom.,4
.m.,mata,mā,mā,.m.$.pl.$.voc.,4
.m.,mata,mantā,ā,.m.$.pl.$.voc.,4
.m.,mata,manto,o,.m.$.pl.$.voc.,4
.m.,mata,mantā,ā,.m.$.sg.$.abl.,4
.m.,mata,mantamhā,amhā,.m.$.sg.$.abl.,4
.m.,mata,mantasmā,asmā,.m.$.sg.$.abl.,4
.m.,mata,matā,ā,.m.$.sg.$.abl.,4
.m.,mata,maṃ,maṃ,.m.$.sg.$.acc.,4
.m.,mata,mantaṃ,aṃ,.m.$.sg.$.acc.,4
.m.,mata,mantassa,assa,.m.$.sg.$.dat.,4
.m.,mata,mato,o,.m.$.sg.$.dat.,4
.m.,mata,mantassa,assa,.m.$.sg.$.gen.,4
.m.,mata,mato,o,.m.$.sg.$.gen.,4
.m.,mata,matā,ā,.m.$.sg.$.inst.,4
.m.,mata,matena,ena,.m.$.sg.$.inst.,4
.m.,mata,mantamhi,amhi,.m.$.sg.$.loc.,4
.m.,mata,mantasmiṃ,asmiṃ,.m.$.sg.$.loc.,4
.m.,mata,mante,e,.m.$.sg.$.loc.,4
.m.,mata,mati,i,.m.$.sg.$.loc.,4
.m.,mata,mā,mā,.m.$.sg.$.nom.,4
.m.,mata,manto,o,.m.$.sg.$.nom.,4
.m.,mata,ma,a,.m.$.sg.$.voc.,4
.m.,mata,mā,ā,.m.$.sg.$.voc.,4
.m.,mata,maṃ,ṃ,.m.$.sg.$.voc.,4
.m.,mata,manta,a,.m.$.sg.$.voc.,4
.m.,mata,mantā,ā,.m.$.sg.$.voc.,4
.nt.,mata,mantebhi,ebhi,.nt.$.pl.$.abl.,4
.nt.,mata,mantehi,ehi,.nt.$.pl.$.abl.,4
.nt.,mata,mante,e,.nt.$.pl.$.acc.,4
.nt.,mata,mantānaṃ,ānaṃ,.nt.$.pl.$.dat.,4
.nt.,mata,mataṃ,aṃ,.nt.$.pl.$.dat.,4
.nt.,mata,mantānaṃ,ānaṃ,.nt.$.pl.$.gen.,4
.nt.,mata,mataṃ,aṃ,.nt.$.pl.$.gen.,4
.nt.,mata,mantebhi,ebhi,.nt.$.pl.$.inst.,4
.nt.,mata,mantehi,ehi,.nt.$.pl.$.inst.,4
.nt.,mata,mantesu,esu,.nt.$.pl.$.loc.,4
.nt.,mata,mā,mā,.nt.$.pl.$.nom.,4
.nt.,mata,mantā,ā,.nt.$.pl.$.nom.,4
.nt.,mata,manto,o,.nt.$.pl.$.nom.,4
.nt.,mata,mā,mā,.nt.$.pl.$.voc.,4
.nt.,mata,mantā,ā,.nt.$.pl.$.voc.,4
.nt.,mata,manto,o,.nt.$.pl.$.voc.,4
.nt.,mata,mantā,ā,.nt.$.sg.$.abl.,4
.nt.,mata,mantamhā,amhā,.nt.$.sg.$.abl.,4
.nt.,mata,mantasmā,asmā,.nt.$.sg.$.abl.,4
.nt.,mata,matā,ā,.nt.$.sg.$.abl.,4
.nt.,mata,maṃ,maṃ,.nt.$.sg.$.acc.,4
.nt.,mata,mantaṃ,aṃ,.nt.$.sg.$.acc.,4
.nt.,mata,mantassa,assa,.nt.$.sg.$.dat.,4
.nt.,mata,mato,o,.nt.$.sg.$.dat.,4
.nt.,mata,mantassa,assa,.nt.$.sg.$.gen.,4
.nt.,mata,mato,o,.nt.$.sg.$.gen.,4
.nt.,mata,matā,ā,.nt.$.sg.$.inst.,4
.nt.,mata,matena,ena,.nt.$.sg.$.inst.,4
.nt.,mata,mantamhi,amhi,.nt.$.sg.$.loc.,4
.nt.,mata,mantasmiṃ,asmiṃ,.nt.$.sg.$.loc.,4
.nt.,mata,mante,e,.nt.$.sg.$.loc.,4
.nt.,mata,mati,i,.nt.$.sg.$.loc.,4
.nt.,mata,maṃ,maṃ,.nt.$.sg.$.nom.,4
.nt.,mata,mantaṃ,aṃ,.nt.$.sg.$.nom.,4
.nt.,mata,ma,a,.nt.$.sg.$.voc.,4
.nt.,mata,mā,ā,.nt.$.sg.$.voc.,4
.nt.,mata,maṃ,ṃ,.nt.$.sg.$.voc.,4
.nt.,mata,manta,a,.nt.$.sg.$.voc.,4
.nt.,mata,mantā,ā,.nt.$.sg.$.voc.,4
.f.,u,unībhi,nībhi,.f.$.pl.$.abl.,1
.f.,u,unīhi,nīhi,.f.$.pl.$.abl.,1
.f.,u,unī,ni,.f.$.pl.$.acc.,1
.f.,u,univo,nivo,.f.$.pl.$.acc.,1
.f.,u,uniyo,niyo,.f.$.pl.$.acc.,1
.f.,u,unīnaṃ,nīnaṃ,.f.$.pl.$.dat.,1
.f.,u,unīnaṃ,nīnaṃ,.f.$.pl.$.gen.,1
.f.,u,unībhi,nībhi,.f.$.pl.$.inst.,1
.f.,u,unīhi,nīhi,.f.$.pl.$.inst.,1
.f.,u,unīsu,nīsu,.f.$.pl.$.loc.,1
.f.,u,unī,ni,.f.$.pl.$.nom.,1
.f.,u,univo,nivo,.f.$.pl.$.nom.,1
.f.,u,uniyo,niyo,.f.$.pl.$.nom.,1
.f.,u,unī,ni,.f.$.pl.$.voc.,1
.f.,u,univo,nivo,.f.$.pl.$.voc.,1
.f.,u,uniyo,niyo,.f.$.pl.$.voc.,1
.f.,u,unito,nito,.f.$.sg.$.abl.,1
.f.,u,uniyā,niyā,.f.$.sg.$.abl.,1
.f.,u,uniṃ,niṃ,.f.$.sg.$.acc.,1
.f.,u,uniyā,niyā,.f.$.sg.$.dat.,1
.f.,u,uniyā,niyā,.f.$.sg.$.gen.,1
.f.,u,uniyā,niyā,.f.$.sg.$.inst.,1
.f.,u,uniyā,niyā,.f.$.sg.$.loc.,1
.f.,u,uniyaṃ,niyaṃ,.f.$.sg.$.loc.,1
.f.,u,unī,nī,.f.$.sg.$.nom.,1
.f.,u,unī,nī,.f.$.sg.$.voc.,1
.m.,u,ūbhi,bhi,.m.$.pl.$.abl.,1
.m.,u,ūhi,hi,.m.$.pl.$.abl.,1
.m.,u,avo,o,.m.$.pl.$.acc.,1
.m.,u,ū,ū,.m.$.pl.$.acc.,1
.m.,u,ūnaṃ,naṃ,.m.$.pl.$.dat.,1
.m.,u,ūnaṃ,naṃ,.m.$.pl.$.gen.,1
.m.,u,ūbhi,bhi,.m.$.pl.$.inst.,1
.m.,u,ūhi,hi,.m.$.pl.$.inst.,1
.m.,u,ūsu,su,.m.$.pl.$.loc.,1
.m.,u,avo,o,.m.$.pl.$.nom.,1
.m.,u,ū,ū,.m.$.pl.$.nom.,1
.m.,u,ave,e,.m.$.pl.$.voc.,1
.m.,u,avo,o,.m.$.pl.$.voc.,1
.m.,u,ū,ū,.m.$.pl.$.voc.,1
.m.,u,umhā,mhā,.m.$.sg.$.abl.,1
.m.,u,unā,nā,.m.$.sg.$.abl.,1
.m.,u,usmā,smā,.m.$.sg.$.abl.,1
.m.,u,uṃ,ṃ,.m.$.sg.$.acc.,1
.m.,u,uno,no,.m.$.sg.$.dat.,1
.m.,u,ussa,ssa,.m.$.sg.$.dat.,1
.m.,u,uno,no,.m.$.sg.$.gen.,1
.m.,u,ussa,ssa,.m.$.sg.$.gen.,1
.m.,u,unā,nā,.m.$.sg.$.inst.,1
.m.,u,umhi,mhi,.m.$.sg.$.loc.,1
.m.,u,usmiṃ,smiṃ,.m.$.sg.$.loc.,1
.m.,u,u,u,.m.$.sg.$.nom.,1
.m.,u,u,u,.m.$.sg.$.voc.,1
.nt.,u,ūbhi,bhi,.nt.$.pl.$.abl.,1
.nt.,u,ūhi,hi,.nt.$.pl.$.abl.,1
.nt.,u,ū,ū,.nt.$.pl.$.acc.,1
.nt.,u,ūni,ni,.nt.$.pl.$.acc.,1
.nt.,u,ūnaṃ,naṃ,.nt.$.pl.$.dat.,1
.nt.,u,ūnaṃ,naṃ,.nt.$.pl.$.gen.,1
.nt.,u,ūbhi,bhi,.nt.$.pl.$.inst.,1
.nt.,u,ūhi,hi,.nt.$.pl.$.inst.,1
.nt.,u,ūsu,su,.nt.$.pl.$.loc.,1
.nt.,u,ū,ū,.nt.$.pl.$.nom.,1
.nt.,u,ūni,ni,.nt.$.pl.$.nom.,1
.nt.,u,ū,ū,.nt.$.pl.$.voc.,1
.nt.,u,ūni,ni,.nt.$.pl.$.voc.,1
.nt.,u,umhā,mhā,.nt.$.sg.$.abl.,1
.nt.,u,unā,nā,.nt.$.sg.$.abl.,1
.nt.,u,usmā,smā,.nt.$.sg.$.abl.,1
.nt.,u,uṃ,ṃ,.nt.$.sg.$.acc.,1
.nt.,u,uno,no,.nt.$.sg.$.dat.,1
.nt.,u,ussa,ssa,.nt.$.sg.$.dat.,1
.nt.,u,uno,no,.nt.$.sg.$.gen.,1
.nt.,u,ussa,ssa,.nt.$.sg.$.gen.,1
.nt.,u,unā,nā,.nt.$.sg.$.inst.,1
.nt.,u,umhi,mhi,.nt.$.sg.$.loc.,1
.nt.,u,usmiṃ,smiṃ,.nt.$.sg.$.loc.,1
.nt.,u,u,u,.nt.$.sg.$.nom.,1
.nt.,u,u,u,.nt.$.sg.$.voc.,1
.f.,ū,ūnībhi,nībhi,.f.$.pl.$.abl.,1
.f.,ū,ūnīhi,nīhi,.f.$.pl.$.abl.,1
.f.,ū,ūnī,ni,.f.$.pl.$.acc.,1
.f.,ū,ūniyo,niyo,.f.$.pl.$.acc.,1
.f.,ū,ūnīnaṃ,nīnaṃ,.f.$.pl.$.dat.,1
.f.,ū,ūnīnaṃ,nīnaṃ,.f.$.pl.$.gen.,1
.f.,ū,ūnībhi,nībhi,.f.$.pl.$.inst.,1
.f.,ū,ūnīhi,nīhi,.f.$.pl.$.inst.,1
.f.,ū,ūnīsu,nīsu,.f.$.pl.$.loc.,1
.f.,ū,ūnī,ni,.f.$.pl.$.nom.,1
.f.,ū,ūniyo,niyo,.f.$.pl.$.nom.,1
.f.,ū,ūnī,ni,.f.$.pl.$.voc.,1
.f.,ū,ūniyo,niyo,.f.$.pl.$.voc.,1
.f.,ū,uto,to,.f.$.sg.$.abl.,1
.f.,ū,uyā,yā,.f.$.sg.$.abl.,1
.f.,ū,uṃ,ṃ,.f.$.sg.$.acc.,1
.f.,ū,uyā,yā,.f.$.sg.$.dat.,1
.f.,ū,uyā,yā,.f.$.sg.$.gen.,1
.f.,ū,uyā,yā,.f.$.sg.$.inst.,1
.f.,ū,uyā,yā,.f.$.sg.$.loc.,1
.f.,ū,uyaṃ,yaṃ,.f.$.sg.$.loc.,1
.f.,ū,ū,ū,.f.$.sg.$.nom.,1
.f.,ū,ū,ū,.f.$.sg.$.voc.,1
.m.,ū,ūbhi,bhi,.m.$.pl.$.abl.,1
.m.,ū,ūhi,hi,.m.$.pl.$.abl.,1
.m.,ū,avo,o,.m.$.pl.$.acc.,1
.m.,ū,ū,ū,.m.$.pl.$.acc.,1
.m.,ū,ūnaṃ,naṃ,.m.$.pl.$.dat.,1
.m.,ū,ūnaṃ,naṃ,.m.$.pl.$.gen.,1
.m.,ū,ūbhi,bhi,.m.$.pl.$.inst.,1
.m.,ū,ūhi,hi,.m.$.pl.$.inst.,1
.m.,ū,ūsu,su,.m.$.pl.$.loc.,1
.m.,ū,avo,o,.m.$.pl.$.nom.,1
.m.,ū,ū,ū,.m.$.pl.$.nom.,1
.m.,ū,ave,e,.m.$.pl.$.voc.,1
.m.,ū,avo,o,.m.$.pl.$.voc.,1
.m.,ū,ū,ū,.m.$.pl.$.voc.,1
.m.,ū,umhā,mhā,.m.$.sg.$.abl.,1
.m.,ū,unā,nā,.m.$.sg.$.abl.,1
.m.,ū,usmā,smā,.m.$.sg.$.abl.,1
.m.,ū,uṃ,ṃ,.m.$.sg.$.acc.,1
.m.,ū,uno,no,.m.$.sg.$.dat.,1
.m.,ū,ussa,ssa,.m.$.sg.$.dat.,1
.m.,ū,uno,no,.m.$.sg.$.gen.,1
.m.,ū,ussa,ssa,.m.$.sg.$.gen.,1
.m.,ū,unā,nā,.m.$.sg.$.inst.,1
.m.,ū,umhi,mhi,.m.$.sg.$.loc.,1
.m.,ū,usmiṃ,smiṃ,.m.$.sg.$.loc.,1
.m.,ū,ū,ū,.m.$.sg.$.nom.,1
.m.,ū,ū,ū,.m.$.sg.$.voc.,1
.f.,vā,vantībhi,ībhi,.f.$.pl.$.abl.,2
.f.,vā,vantīhi,īhi,.f.$.pl.$.abl.,2
.f.,vā,vatībhi,ībhi,.f.$.pl.$.abl.,2
.f.,vā,vatīhi,īhi,.f.$.pl.$.abl.,2
.f.,vā,vantī,ī,.f.$.pl.$.acc.,2
.f.,vā,vantiyo,iyo,.f.$.pl.$.acc.,2
.f.,vā,vatī,ī,.f.$.pl.$.acc.,2
.f.,vā,vatiyo,iyo,.f.$.pl.$.acc.,2
.f.,vā,vantīnaṃ,īnaṃ,.f.$.pl.$.dat.,2
.f.,vā,vatīnaṃ,īnaṃ,.f.$.pl.$.dat.,2
.f.,vā,vantīnaṃ,īnaṃ,.f.$.pl.$.gen.,2
.f.,vā,vatīnaṃ,īnaṃ,.f.$.pl.$.gen.,2
.f.,vā,vantībhi,ībhi,.f.$.pl.$.inst.,2
.f.,vā,vantīhi,īhi,.f.$.pl.$.inst.,2
.f.,vā,vatībhi,ībhi,.f.$.pl.$.inst.,2
.f.,vā,vatīhi,īhi,.f.$.pl.$.inst.,2
.f.,vā,vantīsu,īsu,.f.$.pl.$.loc.,2
.f.,vā,vatīsu,īsu,.f.$.pl.$.loc.,2
.f.,vā,vantī,ī,.f.$.pl.$.nom.,2
.f.,vā,vantiyo,iyo,.f.$.pl.$.nom.,2
.f.,vā,vatī,ī,.f.$.pl.$.nom.,2
.f.,vā,vatiyo,iyo,.f.$.pl.$.nom.,2
.f.,vā,vantī,ī,.f.$.pl.$.voc.,2
.f.,vā,vantiyo,iyo,.f.$.pl.$.voc.,2
.f.,vā,vatī,ī,.f.$.pl.$.voc.,2
.f.,vā,vatiyo,iyo,.f.$.pl.$.voc.,2
.f.,vā,vantiyā,iyā,.f.$.sg.$.abl.,2
.f.,vā,vatiyā,iyā,.f.$.sg.$.abl.,2
.f.,vā,vantiṃ,iṃ,.f.$.sg.$.acc.,2
.f.,vā,vatiṃ,iṃ,.f.$.sg.$.acc.,2
.f.,vā,vantiyā,iyā,.f.$.sg.$.dat.,2
.f.,vā,vatiyā,iyā,.f.$.sg.$.dat.,2
.f.,vā,vantiyā,iyā,.f.$.sg.$.gen.,2
.f.,vā,vatiyā,iyā,.f.$.sg.$.gen.,2
.f.,vā,vantiyā,iyā,.f.$.sg.$.inst.,2
.f.,vā,vatiyā,iyā,.f.$.sg.$.inst.,2
.f.,vā,vantiyā,iyā,.f.$.sg.$.loc.,2
.f.,vā,vantiyaṃ,iyaṃ,.f.$.sg.$.loc.,2
.f.,vā,vatiyā,iyā,.f.$.sg.$.loc.,2
.f.,vā,vatiyaṃ,iyaṃ,.f.$.sg.$.loc.,2
.f.,vā,vantī,ī,.f.$.sg.$.nom.,2
.f.,vā,vatī,ī,.f.$.sg.$.nom.,2
.f.,vā,vantī,ī,.f.$.sg.$.voc.,2
.f.,vā,vatī,ī,.f.$.sg.$.voc.,2
.m.,vā,vantebhi,ebhi,.m.$.pl.$.abl.,2
.m.,vā,vantehi,ehi,.m.$.pl.$.abl.,2
.m.,vā,vante,e,.m.$.pl.$.acc.,2
.m.,vā,vantānaṃ,naṃ,.m.$.pl.$.dat.,2
.m.,vā,vataṃ,ṃ,.m.$.pl.$.dat.,2
.m.,vā,vantānaṃ,naṃ,.m.$.pl.$.gen.,2
.m.,vā,vataṃ,ṃ,.m.$.pl.$.gen.,2
.m.,vā,vantebhi,ebhi,.m.$.pl.$.inst.,2
.m.,vā,vantehi,ehi,.m.$.pl.$.inst.,2
.m.,vā,vantesu,esu,.m.$.pl.$.loc.,2
.m.,vā,vā,ā,.m.$.pl.$.nom.,2
.m.,vā,vantā,ā,.m.$.pl.$.nom.,2
.m.,vā,vanto,o,.m.$.pl.$.nom.,2
.m.,vā,vā,ā,.m.$.pl.$.voc.,2
.m.,vā,vantā,ā,.m.$.pl.$.voc.,2
.m.,vā,vanto,o,.m.$.pl.$.voc.,2
.m.,vā,vantā,ā,.m.$.sg.$.abl.,2
.m.,vā,vantamhā,mhā,.m.$.sg.$.abl.,2
.m.,vā,vantasmā,smā,.m.$.sg.$.abl.,2
.m.,vā,vatā,ā,.m.$.sg.$.abl.,2
.m.,vā,vaṃ,ṃ,.m.$.sg.$.acc.,2
.m.,vā,vantaṃ,ṃ,.m.$.sg.$.acc.,2
.m.,vā,vantassa,ssa,.m.$.sg.$.dat.,2
.m.,vā,vato,o,.m.$.sg.$.dat.,2
.m.,vā,vantassa,ssa,.m.$.sg.$.gen.,2
.m.,vā,vato,o,.m.$.sg.$.gen.,2
.m.,vā,vatā,ā,.m.$.sg.$.inst.,2
.m.,vā,vatena,ena,.m.$.sg.$.inst.,2
.m.,vā,vantamhi,mhi,.m.$.sg.$.loc.,2
.m.,vā,vantasmiṃ,smiṃ,.m.$.sg.$.loc.,2
.m.,vā,vante,e,.m.$.sg.$.loc.,2
.m.,vā,vati,i,.m.$.sg.$.loc.,2
.m.,vā,vā,ā,.m.$.sg.$.nom.,2
.m.,vā,vanto,o,.m.$.sg.$.nom.,2
.m.,vā,va,a,.m.$.sg.$.voc.,2
.m.,vā,vā,ā,.m.$.sg.$.voc.,2
.m.,vā,vaṃ,ṃ,.m.$.sg.$.voc.,2
.m.,vā,vanta,a,.m.$.sg.$.voc.,2
.m.,vā,vantā,ā,.m.$.sg.$.voc.,2
.nt.,vā,vantebhi,ebhi,.nt.$.pl.$.abl.,2
.nt.,vā,vantehi,ehi,.nt.$.pl.$.abl.,2
.nt.,vā,vante,e,.nt.$.pl.$.acc.,2
.nt.,vā,vantānaṃ,ānaṃ,.nt.$.pl.$.dat.,2
.nt.,vā,vataṃ,aṃ,.nt.$.pl.$.dat.,2
.nt.,vā,vantānaṃ,ānaṃ,.nt.$.pl.$.gen.,2
.nt.,vā,vataṃ,aṃ,.nt.$.pl.$.gen.,2
.nt.,vā,vantebhi,ebhi,.nt.$.pl.$.inst.,2
.nt.,vā,vantehi,ehi,.nt.$.pl.$.inst.,2
.nt.,vā,vantesu,esu,.nt.$.pl.$.loc.,2
.nt.,vā,vā,vā,.nt.$.pl.$.nom.,2
.nt.,vā,vantā,ā,.nt.$.pl.$.nom.,2
.nt.,vā,vanto,o,.nt.$.pl.$.nom.,2
.nt.,vā,vā,vā,.nt.$.pl.$.voc.,2
.nt.,vā,vantā,ā,.nt.$.pl.$.voc.,2
.nt.,vā,vanto,o,.nt.$.pl.$.voc.,2
.nt.,vā,vantā,ā,.nt.$.sg.$.abl.,2
.nt.,vā,vantamhā,amhā,.nt.$.sg.$.abl.,2
.nt.,vā,vantasmā,asmā,.nt.$.sg.$.abl.,2
.nt.,vā,vatā,ā,.nt.$.sg.$.abl.,2
.nt.,vā,vaṃ,vaṃ,.nt.$.sg.$.acc.,2
.nt.,vā,vantaṃ,aṃ,.nt.$.sg.$.acc.,2
.nt.,vā,vantassa,assa,.nt.$.sg.$.dat.,2
.nt.,vā,vato,o,.nt.$.sg.$.dat.,2
.nt.,vā,vantassa,assa,.nt.$.sg.$.gen.,2
.nt.,vā,vato,o,.nt.$.sg.$.gen.,2
.nt.,vā,vatā,ā,.nt.$.sg.$.inst.,2
.nt.,vā,vatena,ena,.nt.$.sg.$.inst.,2
.nt.,vā,vantamhi,amhi,.nt.$.sg.$.loc.,2
.nt.,vā,vantasmiṃ,asmiṃ,.nt.$.sg.$.loc.,2
.nt.,vā,vante,e,.nt.$.sg.$.loc.,2
.nt.,vā,vati,i,.nt.$.sg.$.loc.,2
.nt.,vā,vaṃ,vaṃ,.nt.$.sg.$.nom.,2
.nt.,vā,vantaṃ,aṃ,.nt.$.sg.$.nom.,2
.nt.,vā,va,a,.nt.$.sg.$.voc.,2
.nt.,vā,vā,ā,.nt.$.sg.$.voc.,2
.nt.,vā,vaṃ,ṃ,.nt.$.sg.$.voc.,2
.nt.,vā,vanta,a,.nt.$.sg.$.voc.,2
.nt.,vā,vantā,ā,.nt.$.sg.$.voc.,2
.f.,vant,vantībhi,ībhi,.f.$.pl.$.abl.,4
.f.,vant,vantīhi,īhi,.f.$.pl.$.abl.,4
.f.,vant,vatībhi,ībhi,.f.$.pl.$.abl.,4
.f.,vant,vatīhi,īhi,.f.$.pl.$.abl.,4
.f.,vant,vantī,ī,.f.$.pl.$.acc.,4
.f.,vant,vantiyo,iyo,.f.$.pl.$.acc.,4
.f.,vant,vatī,ī,.f.$.pl.$.acc.,4
.f.,vant,vatiyo,iyo,.f.$.pl.$.acc.,4
.f.,vant,vantīnaṃ,īnaṃ,.f.$.pl.$.dat.,4
.f.,vant,vatīnaṃ,īnaṃ,.f.$.pl.$.dat.,4
.f.,vant,vantīnaṃ,īnaṃ,.f.$.pl.$.gen.,4
.f.,vant,vatīnaṃ,īnaṃ,.f.$.pl.$.gen.,4
.f.,vant,vantībhi,ībhi,.f.$.pl.$.inst.,4
.f.,vant,vantīhi,īhi,.f.$.pl.$.inst.,4
.f.,vant,vatībhi,ībhi,.f.$.pl.$.inst.,4
.f.,vant,vatīhi,īhi,.f.$.pl.$.inst.,4
.f.,vant,vantīsu,īsu,.f.$.pl.$.loc.,4
.f.,vant,vatīsu,īsu,.f.$.pl.$.loc.,4
.f.,vant,vantī,ī,.f.$.pl.$.nom.,4
.f.,vant,vantiyo,iyo,.f.$.pl.$.nom.,4
.f.,vant,vatī,ī,.f.$.pl.$.nom.,4
.f.,vant,vatiyo,iyo,.f.$.pl.$.nom.,4
.f.,vant,vantī,ī,.f.$.pl.$.voc.,4
.f.,vant,vantiyo,iyo,.f.$.pl.$.voc.,4
.f.,vant,vatī,ī,.f.$.pl.$.voc.,4
.f.,vant,vatiyo,iyo,.f.$.pl.$.voc.,4
.f.,vant,vantiyā,iyā,.f.$.sg.$.abl.,4
.f.,vant,vatiyā,iyā,.f.$.sg.$.abl.,4
.f.,vant,vantiṃ,iṃ,.f.$.sg.$.acc.,4
.f.,vant,vatiṃ,iṃ,.f.$.sg.$.acc.,4
.f.,vant,vantiyā,iyā,.f.$.sg.$.dat.,4
.f.,vant,vatiyā,iyā,.f.$.sg.$.dat.,4
.f.,vant,vantiyā,iyā,.f.$.sg.$.gen.,4
.f.,vant,vatiyā,iyā,.f.$.sg.$.gen.,4
.f.,vant,vantiyā,iyā,.f.$.sg.$.inst.,4
.f.,vant,vatiyā,iyā,.f.$.sg.$.inst.,4
.f.,vant,vantiyā,iyā,.f.$.sg.$.loc.,4
.f.,vant,vantiyaṃ,iyaṃ,.f.$.sg.$.loc.,4
.f.,vant,vatiyā,iyā,.f.$.sg.$.loc.,4
.f.,vant,vatiyaṃ,iyaṃ,.f.$.sg.$.loc.,4
.f.,vant,vantī,ī,.f.$.sg.$.nom.,4
.f.,vant,vatī,ī,.f.$.sg.$.nom.,4
.f.,vant,vantī,ī,.f.$.sg.$.voc.,4
.f.,vant,vatī,ī,.f.$.sg.$.voc.,4
.m.,vant,vantebhi,ebhi,.m.$.pl.$.abl.,4
.m.,vant,vantehi,ehi,.m.$.pl.$.abl.,4
.m.,vant,vante,e,.m.$.pl.$.acc.,4
.m.,vant,vantānaṃ,naṃ,.m.$.pl.$.dat.,4
.m.,vant,vataṃ,ṃ,.m.$.pl.$.dat.,4
.m.,vant,vantānaṃ,naṃ,.m.$.pl.$.gen.,4
.m.,vant,vataṃ,ṃ,.m.$.pl.$.gen.,4
.m.,vant,vantebhi,ebhi,.m.$.pl.$.inst.,4
.m.,vant,vantehi,ehi,.m.$.pl.$.inst.,4
.m.,vant,vantesu,esu,.m.$.pl.$.loc.,4
.m.,vant,vā,ā,.m.$.pl.$.nom.,4
.m.,vant,vantā,ā,.m.$.pl.$.nom.,4
.m.,vant,vanto,o,.m.$.pl.$.nom.,4
.m.,vant,vā,ā,.m.$.pl.$.voc.,4
.m.,vant,vantā,ā,.m.$.pl.$.voc.,4
.m.,vant,vanto,o,.m.$.pl.$.voc.,4
.m.,vant,vantā,ā,.m.$.sg.$.abl.,4
.m.,vant,vantamhā,mhā,.m.$.sg.$.abl.,4
.m.,vant,vantasmā,smā,.m.$.sg.$.abl.,4
.m.,vant,vatā,ā,.m.$.sg.$.abl.,4
.m.,vant,vaṃ,ṃ,.m.$.sg.$.acc.,4
.m.,vant,vantaṃ,ṃ,.m.$.sg.$.acc.,4
.m.,vant,vantassa,ssa,.m.$.sg.$.dat.,4
.m.,vant,vato,o,.m.$.sg.$.dat.,4
.m.,vant,vantassa,ssa,.m.$.sg.$.gen.,4
.m.,vant,vato,o,.m.$.sg.$.gen.,4
.m.,vant,vatā,ā,.m.$.sg.$.inst.,4
.m.,vant,vatena,ena,.m.$.sg.$.inst.,4
.m.,vant,vantamhi,mhi,.m.$.sg.$.loc.,4
.m.,vant,vantasmiṃ,smiṃ,.m.$.sg.$.loc.,4
.m.,vant,vante,e,.m.$.sg.$.loc.,4
.m.,vant,vati,i,.m.$.sg.$.loc.,4
.m.,vant,vā,ā,.m.$.sg.$.nom.,4
.m.,vant,vanto,o,.m.$.sg.$.nom.,4
.m.,vant,va,a,.m.$.sg.$.voc.,4
.m.,vant,vā,ā,.m.$.sg.$.voc.,4
.m.,vant,vaṃ,ṃ,.m.$.sg.$.voc.,4
.m.,vant,vanta,a,.m.$.sg.$.voc.,4
.m.,vant,vantā,ā,.m.$.sg.$.voc.,4
.nt.,vant,vantebhi,ebhi,.nt.$.pl.$.abl.,4
.nt.,vant,vantehi,ehi,.nt.$.pl.$.abl.,4
.nt.,vant,vante,e,.nt.$.pl.$.acc.,4
.nt.,vant,vantānaṃ,ānaṃ,.nt.$.pl.$.dat.,4
.nt.,vant,vataṃ,aṃ,.nt.$.pl.$.dat.,4
.nt.,vant,vantānaṃ,ānaṃ,.nt.$.pl.$.gen.,4
.nt.,vant,vataṃ,aṃ,.nt.$.pl.$.gen.,4
.nt.,vant,vantebhi,ebhi,.nt.$.pl.$.inst.,4
.nt.,vant,vantehi,ehi,.nt.$.pl.$.inst.,4
.nt.,vant,vantesu,esu,.nt.$.pl.$.loc.,4
.nt.,vant,vā,vā,.nt.$.pl.$.nom.,4
.nt.,vant,vantā,ā,.nt.$.pl.$.nom.,4
.nt.,vant,vanto,o,.nt.$.pl.$.nom.,4
.nt.,vant,vā,vā,.nt.$.pl.$.voc.,4
.nt.,vant,vantā,ā,.nt.$.pl.$.voc.,4
.nt.,vant,vanto,o,.nt.$.pl.$.voc.,4
.nt.,vant,vantā,ā,.nt.$.sg.$.abl.,4
.nt.,vant,vantamhā,amhā,.nt.$.sg.$.abl.,4
.nt.,vant,vantasmā,asmā,.nt.$.sg.$.abl.,4
.nt.,vant,vatā,ā,.nt.$.sg.$.abl.,4
.nt.,vant,vaṃ,vaṃ,.nt.$.sg.$.acc.,4
.nt.,vant,vantaṃ,aṃ,.nt.$.sg.$.acc.,4
.nt.,vant,vantassa,assa,.nt.$.sg.$.dat.,4
.nt.,vant,vato,o,.nt.$.sg.$.dat.,4
.nt.,vant,vantassa,assa,.nt.$.sg.$.gen.,4
.nt.,vant,vato,o,.nt.$.sg.$.gen.,4
.nt.,vant,vatā,ā,.nt.$.sg.$.inst.,4
.nt.,vant,vatena,ena,.nt.$.sg.$.inst.,4
.nt.,vant,vantamhi,amhi,.nt.$.sg.$.loc.,4
.nt.,vant,vantasmiṃ,asmiṃ,.nt.$.sg.$.loc.,4
.nt.,vant,vante,e,.nt.$.sg.$.loc.,4
.nt.,vant,vati,i,.nt.$.sg.$.loc.,4
.nt.,vant,vaṃ,vaṃ,.nt.$.sg.$.nom.,4
.nt.,vant,vantaṃ,aṃ,.nt.$.sg.$.nom.,4
.nt.,vant,va,a,.nt.$.sg.$.voc.,4
.nt.,vant,vā,ā,.nt.$.sg.$.voc.,4
.nt.,vant,vaṃ,ṃ,.nt.$.sg.$.voc.,4
.nt.,vant,vanta,a,.nt.$.sg.$.voc.,4
.nt.,vant,vantā,ā,.nt.$.sg.$.voc.,4
.f.,vanta,vantībhi,ībhi,.f.$.pl.$.abl.,5
.f.,vanta,vantīhi,īhi,.f.$.pl.$.abl.,5
.f.,vanta,vatībhi,ībhi,.f.$.pl.$.abl.,5
.f.,vanta,vatīhi,īhi,.f.$.pl.$.abl.,5
.f.,vanta,vantī,ī,.f.$.pl.$.acc.,5
.f.,vanta,vantiyo,iyo,.f.$.pl.$.acc.,5
.f.,vanta,vatī,ī,.f.$.pl.$.acc.,5
.f.,vanta,vatiyo,iyo,.f.$.pl.$.acc.,5
.f.,vanta,vantīnaṃ,īnaṃ,.f.$.pl.$.dat.,5
.f.,vanta,vatīnaṃ,īnaṃ,.f.$.pl.$.dat.,5
.f.,vanta,vantīnaṃ,īnaṃ,.f.$.pl.$.gen.,5
.f.,vanta,vatīnaṃ,īnaṃ,.f.$.pl.$.gen.,5
.f.,vanta,vantībhi,ībhi,.f.$.pl.$.inst.,5
.f.,vanta,vantīhi,īhi,.f.$.pl.$.inst.,5
.f.,vanta,vatībhi,ībhi,.f.$.pl.$.inst.,5
.f.,vanta,vatīhi,īhi,.f.$.pl.$.inst.,5
.f.,vanta,vantīsu,īsu,.f.$.pl.$.loc.,5
.f.,vanta,vatīsu,īsu,.f.$.pl.$.loc.,5
.f.,vanta,vantī,ī,.f.$.pl.$.nom.,5
.f.,vanta,vantiyo,iyo,.f.$.pl.$.nom.,5
.f.,vanta,vatī,ī,.f.$.pl.$.nom.,5
.f.,vanta,vatiyo,iyo,.f.$.pl.$.nom.,5
.f.,vanta,vantī,ī,.f.$.pl.$.voc.,5
.f.,vanta,vantiyo,iyo,.f.$.pl.$.voc.,5
.f.,vanta,vatī,ī,.f.$.pl.$.voc.,5
.f.,vanta,vatiyo,iyo,.f.$.pl.$.voc.,5
.f.,vanta,vantiyā,iyā,.f.$.sg.$.abl.,5
.f.,vanta,vatiyā,iyā,.f.$.sg.$.abl.,5
.f.,vanta,vantiṃ,iṃ,.f.$.sg.$.acc.,5
.f.,vanta,vatiṃ,iṃ,.f.$.sg.$.acc.,5
.f.,vanta,vantiyā,iyā,.f.$.sg.$.dat.,5
.f.,vanta,vatiyā,iyā,.f.$.sg.$.dat.,5
.f.,vanta,vantiyā,iyā,.f.$.sg.$.gen.,5
.f.,vanta,vatiyā,iyā,.f.$.sg.$.gen.,5
.f.,vanta,vantiyā,iyā,.f.$.sg.$.inst.,5
.f.,vanta,vatiyā,iyā,.f.$.sg.$.inst.,5
.f.,vanta,vantiyā,iyā,.f.$.sg.$.loc.,5
.f.,vanta,vantiyaṃ,iyaṃ,.f.$.sg.$.loc.,5
.f.,vanta,vatiyā,iyā,.f.$.sg.$.loc.,5
.f.,vanta,vatiyaṃ,iyaṃ,.f.$.sg.$.loc.,5
.f.,vanta,vantī,ī,.f.$.sg.$.nom.,5
.f.,vanta,vatī,ī,.f.$.sg.$.nom.,5
.f.,vanta,vantī,ī,.f.$.sg.$.voc.,5
.f.,vanta,vatī,ī,.f.$.sg.$.voc.,5
.m.,vanta,vantebhi,ebhi,.m.$.pl.$.abl.,5
.m.,vanta,vantehi,ehi,.m.$.pl.$.abl.,5
.m.,vanta,vante,e,.m.$.pl.$.acc.,5
.m.,vanta,vantānaṃ,naṃ,.m.$.pl.$.dat.,5
.m.,vanta,vataṃ,ṃ,.m.$.pl.$.dat.,5
.m.,vanta,vantānaṃ,naṃ,.m.$.pl.$.gen.,5
.m.,vanta,vataṃ,ṃ,.m.$.pl.$.gen.,5
.m.,vanta,vantebhi,ebhi,.m.$.pl.$.inst.,5
.m.,vanta,vantehi,ehi,.m.$.pl.$.inst.,5
.m.,vanta,vantesu,esu,.m.$.pl.$.loc.,5
.m.,vanta,vā,ā,.m.$.pl.$.nom.,5
.m.,vanta,vantā,ā,.m.$.pl.$.nom.,5
.m.,vanta,vanto,o,.m.$.pl.$.nom.,5
.m.,vanta,vā,ā,.m.$.pl.$.voc.,5
.m.,vanta,vantā,ā,.m.$.pl.$.voc.,5
.m.,vanta,vanto,o,.m.$.pl.$.voc.,5
.m.,vanta,vantā,ā,.m.$.sg.$.abl.,5
.m.,vanta,vantamhā,mhā,.m.$.sg.$.abl.,5
.m.,vanta,vantasmā,smā,.m.$.sg.$.abl.,5
.m.,vanta,vatā,ā,.m.$.sg.$.abl.,5
.m.,vanta,vaṃ,ṃ,.m.$.sg.$.acc.,5
.m.,vanta,vantaṃ,ṃ,.m.$.sg.$.acc.,5
.m.,vanta,vantassa,ssa,.m.$.sg.$.dat.,5
.m.,vanta,vato,o,.m.$.sg.$.dat.,5
.m.,vanta,vantassa,ssa,.m.$.sg.$.gen.,5
.m.,vanta,vato,o,.m.$.sg.$.gen.,5
.m.,vanta,vatā,ā,.m.$.sg.$.inst.,5
.m.,vanta,vatena,ena,.m.$.sg.$.inst.,5
.m.,vanta,vantamhi,mhi,.m.$.sg.$.loc.,5
.m.,vanta,vantasmiṃ,smiṃ,.m.$.sg.$.loc.,5
.m.,vanta,vante,e,.m.$.sg.$.loc.,5
.m.,vanta,vati,i,.m.$.sg.$.loc.,5
.m.,vanta,vā,ā,.m.$.sg.$.nom.,5
.m.,vanta,vanto,o,.m.$.sg.$.nom.,5
.m.,vanta,va,a,.m.$.sg.$.voc.,5
.m.,vanta,vā,ā,.m.$.sg.$.voc.,5
.m.,vanta,vaṃ,ṃ,.m.$.sg.$.voc.,5
.m.,vanta,vanta,a,.m.$.sg.$.voc.,5
.m.,vanta,vantā,ā,.m.$.sg.$.voc.,5
.nt.,vanta,vantebhi,ebhi,.nt.$.pl.$.abl.,5
.nt.,vanta,vantehi,ehi,.nt.$.pl.$.abl.,5
.nt.,vanta,vante,e,.nt.$.pl.$.acc.,5
.nt.,vanta,vantānaṃ,ānaṃ,.nt.$.pl.$.dat.,5
.nt.,vanta,vataṃ,aṃ,.nt.$.pl.$.dat.,5
.nt.,vanta,vantānaṃ,ānaṃ,.nt.$.pl.$.gen.,5
.nt.,vanta,vataṃ,aṃ,.nt.$.pl.$.gen.,5
.nt.,vanta,vantebhi,ebhi,.nt.$.pl.$.inst.,5
.nt.,vanta,vantehi,ehi,.nt.$.pl.$.inst.,5
.nt.,vanta,vantesu,esu,.nt.$.pl.$.loc.,5
.nt.,vanta,vā,vā,.nt.$.pl.$.nom.,5
.nt.,vanta,vantā,ā,.nt.$.pl.$.nom.,5
.nt.,vanta,vanto,o,.nt.$.pl.$.nom.,5
.nt.,vanta,vā,vā,.nt.$.pl.$.voc.,5
.nt.,vanta,vantā,ā,.nt.$.pl.$.voc.,5
.nt.,vanta,vanto,o,.nt.$.pl.$.voc.,5
.nt.,vanta,vantā,ā,.nt.$.sg.$.abl.,5
.nt.,vanta,vantamhā,amhā,.nt.$.sg.$.abl.,5
.nt.,vanta,vantasmā,asmā,.nt.$.sg.$.abl.,5
.nt.,vanta,vatā,ā,.nt.$.sg.$.abl.,5
.nt.,vanta,vaṃ,vaṃ,.nt.$.sg.$.acc.,5
.nt.,vanta,vantaṃ,aṃ,.nt.$.sg.$.acc.,5
.nt.,vanta,vantassa,assa,.nt.$.sg.$.dat.,5
.nt.,vanta,vato,o,.nt.$.sg.$.dat.,5
.nt.,vanta,vantassa,assa,.nt.$.sg.$.gen.,5
.nt.,vanta,vato,o,.nt.$.sg.$.gen.,5
.nt.,vanta,vatā,ā,.nt.$.sg.$.inst.,5
.nt.,vanta,vatena,ena,.nt.$.sg.$.inst.,5
.nt.,vanta,vantamhi,amhi,.nt.$.sg.$.loc.,5
.nt.,vanta,vantasmiṃ,asmiṃ,.nt.$.sg.$.loc.,5
.nt.,vanta,vante,e,.nt.$.sg.$.loc.,5
.nt.,vanta,vati,i,.nt.$.sg.$.loc.,5
.nt.,vanta,vaṃ,vaṃ,.nt.$.sg.$.nom.,5
.nt.,vanta,vantaṃ,aṃ,.nt.$.sg.$.nom.,5
.nt.,vanta,va,a,.nt.$.sg.$.voc.,5
.nt.,vanta,vā,ā,.nt.$.sg.$.voc.,5
.nt.,vanta,vaṃ,ṃ,.nt.$.sg.$.voc.,5
.nt.,vanta,vanta,a,.nt.$.sg.$.voc.,5
.nt.,vanta,vantā,ā,.nt.$.sg.$.voc.,5
.f.,vat,vantībhi,ībhi,.f.$.pl.$.abl.,3
.f.,vat,vantīhi,īhi,.f.$.pl.$.abl.,3
.f.,vat,vatībhi,ībhi,.f.$.pl.$.abl.,3
.f.,vat,vatīhi,īhi,.f.$.pl.$.abl.,3
.f.,vat,vantī,ī,.f.$.pl.$.acc.,3
.f.,vat,vantiyo,iyo,.f.$.pl.$.acc.,3
.f.,vat,vatī,ī,.f.$.pl.$.acc.,3
.f.,vat,vatiyo,iyo,.f.$.pl.$.acc.,3
.f.,vat,vantīnaṃ,īnaṃ,.f.$.pl.$.dat.,3
.f.,vat,vatīnaṃ,īnaṃ,.f.$.pl.$.dat.,3
.f.,vat,vantīnaṃ,īnaṃ,.f.$.pl.$.gen.,3
.f.,vat,vatīnaṃ,īnaṃ,.f.$.pl.$.gen.,3
.f.,vat,vantībhi,ībhi,.f.$.pl.$.inst.,3
.f.,vat,vantīhi,īhi,.f.$.pl.$.inst.,3
.f.,vat,vatībhi,ībhi,.f.$.pl.$.inst.,3
.f.,vat,vatīhi,īhi,.f.$.pl.$.inst.,3
.f.,vat,vantīsu,īsu,.f.$.pl.$.loc.,3
.f.,vat,vatīsu,īsu,.f.$.pl.$.loc.,3
.f.,vat,vantī,ī,.f.$.pl.$.nom.,3
.f.,vat,vantiyo,iyo,.f.$.pl.$.nom.,3
.f.,vat,vatī,ī,.f.$.pl.$.nom.,3
.f.,vat,vatiyo,iyo,.f.$.pl.$.nom.,3
.f.,vat,vantī,ī,.f.$.pl.$.voc.,3
.f.,vat,vantiyo,iyo,.f.$.pl.$.voc.,3
.f.,vat,vatī,ī,.f.$.pl.$.voc.,3
.f.,vat,vatiyo,iyo,.f.$.pl.$.voc.,3
.f.,vat,vantiyā,iyā,.f.$.sg.$.abl.,3
.f.,vat,vatiyā,iyā,.f.$.sg.$.abl.,3
.f.,vat,vantiṃ,iṃ,.f.$.sg.$.acc.,3
.f.,vat,vatiṃ,iṃ,.f.$.sg.$.acc.,3
.f.,vat,vantiyā,iyā,.f.$.sg.$.dat.,3
.f.,vat,vatiyā,iyā,.f.$.sg.$.dat.,3
.f.,vat,vantiyā,iyā,.f.$.sg.$.gen.,3
.f.,vat,vatiyā,iyā,.f.$.sg.$.gen.,3
.f.,vat,vantiyā,iyā,.f.$.sg.$.inst.,3
.f.,vat,vatiyā,iyā,.f.$.sg.$.inst.,3
.f.,vat,vantiyā,iyā,.f.$.sg.$.loc.,3
.f.,vat,vantiyaṃ,iyaṃ,.f.$.sg.$.loc.,3
.f.,vat,vatiyā,iyā,.f.$.sg.$.loc.,3
.f.,vat,vatiyaṃ,iyaṃ,.f.$.sg.$.loc.,3
.f.,vat,vantī,ī,.f.$.sg.$.nom.,3
.f.,vat,vatī,ī,.f.$.sg.$.nom.,3
.f.,vat,vantī,ī,.f.$.sg.$.voc.,3
.f.,vat,vatī,ī,.f.$.sg.$.voc.,3
.m.,vat,vantebhi,ebhi,.m.$.pl.$.abl.,3
.m.,vat,vantehi,ehi,.m.$.pl.$.abl.,3
.m.,vat,vante,e,.m.$.pl.$.acc.,3
.m.,vat,vantānaṃ,naṃ,.m.$.pl.$.dat.,3
.m.,vat,vataṃ,ṃ,.m.$.pl.$.dat.,3
.m.,vat,vantānaṃ,naṃ,.m.$.pl.$.gen.,3
.m.,vat,vataṃ,ṃ,.m.$.pl.$.gen.,3
.m.,vat,vantebhi,ebhi,.m.$.pl.$.inst.,3
.m.,vat,vantehi,ehi,.m.$.pl.$.inst.,3
.m.,vat,vantesu,esu,.m.$.pl.$.loc.,3
.m.,vat,vā,ā,.m.$.pl.$.nom.,3
.m.,vat,vantā,ā,.m.$.pl.$.nom.,3
.m.,vat,vanto,o,.m.$.pl.$.nom.,3
.m.,vat,vā,ā,.m.$.pl.$.voc.,3
.m.,vat,vantā,ā,.m.$.pl.$.voc.,3
.m.,vat,vanto,o,.m.$.pl.$.voc.,3
.m.,vat,vantā,ā,.m.$.sg.$.abl.,3
.m.,vat,vantamhā,mhā,.m.$.sg.$.abl.,3
.m.,vat,vantasmā,smā,.m.$.sg.$.abl.,3
.m.,vat,vatā,ā,.m.$.sg.$.abl.,3
.m.,vat,vaṃ,ṃ,.m.$.sg.$.acc.,3
.m.,vat,vantaṃ,ṃ,.m.$.sg.$.acc.,3
.m.,vat,vantassa,ssa,.m.$.sg.$.dat.,3
.m.,vat,vato,o,.m.$.sg.$.dat.,3
.m.,vat,vantassa,ssa,.m.$.sg.$.gen.,3
.m.,vat,vato,o,.m.$.sg.$.gen.,3
.m.,vat,vatā,ā,.m.$.sg.$.inst.,3
.m.,vat,vatena,ena,.m.$.sg.$.inst.,3
.m.,vat,vantamhi,mhi,.m.$.sg.$.loc.,3
.m.,vat,vantasmiṃ,smiṃ,.m.$.sg.$.loc.,3
.m.,vat,vante,e,.m.$.sg.$.loc.,3
.m.,vat,vati,i,.m.$.sg.$.loc.,3
.m.,vat,vā,ā,.m.$.sg.$.nom.,3
.m.,vat,vanto,o,.m.$.sg.$.nom.,3
.m.,vat,va,a,.m.$.sg.$.voc.,3
.m.,vat,vā,ā,.m.$.sg.$.voc.,3
.m.,vat,vaṃ,ṃ,.m.$.sg.$.voc.,3
.m.,vat,vanta,a,.m.$.sg.$.voc.,3
.m.,vat,vantā,ā,.m.$.sg.$.voc.,3
.nt.,vat,vantebhi,ebhi,.nt.$.pl.$.abl.,3
.nt.,vat,vantehi,ehi,.nt.$.pl.$.abl.,3
.nt.,vat,vante,e,.nt.$.pl.$.acc.,3
.nt.,vat,vantānaṃ,ānaṃ,.nt.$.pl.$.dat.,3
.nt.,vat,vataṃ,aṃ,.nt.$.pl.$.dat.,3
.nt.,vat,vantānaṃ,ānaṃ,.nt.$.pl.$.gen.,3
.nt.,vat,vataṃ,aṃ,.nt.$.pl.$.gen.,3
.nt.,vat,vantebhi,ebhi,.nt.$.pl.$.inst.,3
.nt.,vat,vantehi,ehi,.nt.$.pl.$.inst.,3
.nt.,vat,vantesu,esu,.nt.$.pl.$.loc.,3
.nt.,vat,vā,vā,.nt.$.pl.$.nom.,3
.nt.,vat,vantā,ā,.nt.$.pl.$.nom.,3
.nt.,vat,vanto,o,.nt.$.pl.$.nom.,3
.nt.,vat,vā,vā,.nt.$.pl.$.voc.,3
.nt.,vat,vantā,ā,.nt.$.pl.$.voc.,3
.nt.,vat,vanto,o,.nt.$.pl.$.voc.,3
.nt.,vat,vantā,ā,.nt.$.sg.$.abl.,3
.nt.,vat,vantamhā,amhā,.nt.$.sg.$.abl.,3
.nt.,vat,vantasmā,asmā,.nt.$.sg.$.abl.,3
.nt.,vat,vatā,ā,.nt.$.sg.$.abl.,3
.nt.,vat,vaṃ,vaṃ,.nt.$.sg.$.acc.,3
.nt.,vat,vantaṃ,aṃ,.nt.$.sg.$.acc.,3
.nt.,vat,vantassa,assa,.nt.$.sg.$.dat.,3
.nt.,vat,vato,o,.nt.$.sg.$.dat.,3
.nt.,vat,vantassa,assa,.nt.$.sg.$.gen.,3
.nt.,vat,vato,o,.nt.$.sg.$.gen.,3
.nt.,vat,vatā,ā,.nt.$.sg.$.inst.,3
.nt.,vat,vatena,ena,.nt.$.sg.$.inst.,3
.nt.,vat,vantamhi,amhi,.nt.$.sg.$.loc.,3
.nt.,vat,vantasmiṃ,asmiṃ,.nt.$.sg.$.loc.,3
.nt.,vat,vante,e,.nt.$.sg.$.loc.,3
.nt.,vat,vati,i,.nt.$.sg.$.loc.,3
.nt.,vat,vaṃ,vaṃ,.nt.$.sg.$.nom.,3
.nt.,vat,vantaṃ,aṃ,.nt.$.sg.$.nom.,3
.nt.,vat,va,a,.nt.$.sg.$.voc.,3
.nt.,vat,vā,ā,.nt.$.sg.$.voc.,3
.nt.,vat,vaṃ,ṃ,.nt.$.sg.$.voc.,3
.nt.,vat,vanta,a,.nt.$.sg.$.voc.,3
.nt.,vat,vantā,ā,.nt.$.sg.$.voc.,3
.f.,vata,vantībhi,ībhi,.f.$.pl.$.abl.,4
.f.,vata,vantīhi,īhi,.f.$.pl.$.abl.,4
.f.,vata,vatībhi,ībhi,.f.$.pl.$.abl.,4
.f.,vata,vatīhi,īhi,.f.$.pl.$.abl.,4
.f.,vata,vantī,ī,.f.$.pl.$.acc.,4
.f.,vata,vantiyo,iyo,.f.$.pl.$.acc.,4
.f.,vata,vatī,ī,.f.$.pl.$.acc.,4
.f.,vata,vatiyo,iyo,.f.$.pl.$.acc.,4
.f.,vata,vantīnaṃ,īnaṃ,.f.$.pl.$.dat.,4
.f.,vata,vatīnaṃ,īnaṃ,.f.$.pl.$.dat.,4
.f.,vata,vantīnaṃ,īnaṃ,.f.$.pl.$.gen.,4
.f.,vata,vatīnaṃ,īnaṃ,.f.$.pl.$.gen.,4
.f.,vata,vantībhi,ībhi,.f.$.pl.$.inst.,4
.f.,vata,vantīhi,īhi,.f.$.pl.$.inst.,4
.f.,vata,vatībhi,ībhi,.f.$.pl.$.inst.,4
.f.,vata,vatīhi,īhi,.f.$.pl.$.inst.,4
.f.,vata,vantīsu,īsu,.f.$.pl.$.loc.,4
.f.,vata,vatīsu,īsu,.f.$.pl.$.loc.,4
.f.,vata,vantī,ī,.f.$.pl.$.nom.,4
.f.,vata,vantiyo,iyo,.f.$.pl.$.nom.,4
.f.,vata,vatī,ī,.f.$.pl.$.nom.,4
.f.,vata,vatiyo,iyo,.f.$.pl.$.nom.,4
.f.,vata,vantī,ī,.f.$.pl.$.voc.,4
.f.,vata,vantiyo,iyo,.f.$.pl.$.voc.,4
.f.,vata,vatī,ī,.f.$.pl.$.voc.,4
.f.,vata,vatiyo,iyo,.f.$.pl.$.voc.,4
.f.,vata,vantiyā,iyā,.f.$.sg.$.abl.,4
.f.,vata,vatiyā,iyā,.f.$.sg.$.abl.,4
.f.,vata,vantiṃ,iṃ,.f.$.sg.$.acc.,4
.f.,vata,vatiṃ,iṃ,.f.$.sg.$.acc.,4
.f.,vata,vantiyā,iyā,.f.$.sg.$.dat.,4
.f.,vata,vatiyā,iyā,.f.$.sg.$.dat.,4
.f.,vata,vantiyā,iyā,.f.$.sg.$.gen.,4
.f.,vata,vatiyā,iyā,.f.$.sg.$.gen.,4
.f.,vata,vantiyā,iyā,.f.$.sg.$.inst.,4
.f.,vata,vatiyā,iyā,.f.$.sg.$.inst.,4
.f.,vata,vantiyā,iyā,.f.$.sg.$.loc.,4
.f.,vata,vantiyaṃ,iyaṃ,.f.$.sg.$.loc.,4
.f.,vata,vatiyā,iyā,.f.$.sg.$.loc.,4
.f.,vata,vatiyaṃ,iyaṃ,.f.$.sg.$.loc.,4
.f.,vata,vantī,ī,.f.$.sg.$.nom.,4
.f.,vata,vatī,ī,.f.$.sg.$.nom.,4
.f.,vata,vantī,ī,.f.$.sg.$.voc.,4
.f.,vata,vatī,ī,.f.$.sg.$.voc.,4
.m.,vata,vantebhi,ebhi,.m.$.pl.$.abl.,4
.m.,vata,vantehi,ehi,.m.$.pl.$.abl.,4
.m.,vata,vante,e,.m.$.pl.$.acc.,4
.m.,vata,vantānaṃ,naṃ,.m.$.pl.$.dat.,4
.m.,vata,vataṃ,ṃ,.m.$.pl.$.dat.,4
.m.,vata,vantānaṃ,naṃ,.m.$.pl.$.gen.,4
.m.,vata,vataṃ,ṃ,.m.$.pl.$.gen.,4
.m.,vata,vantebhi,ebhi,.m.$.pl.$.inst.,4
.m.,vata,vantehi,ehi,.m.$.pl.$.inst.,4
.m.,vata,vantesu,esu,.m.$.pl.$.loc.,4
.m.,vata,vā,ā,.m.$.pl.$.nom.,4
.m.,vata,vantā,ā,.m.$.pl.$.nom.,4
.m.,vata,vanto,o,.m.$.pl.$.nom.,4
.m.,vata,vā,ā,.m.$.pl.$.voc.,4
.m.,vata,vantā,ā,.m.$.pl.$.voc.,4
.m.,vata,vanto,o,.m.$.pl.$.voc.,4
.m.,vata,vantā,ā,.m.$.sg.$.abl.,4
.m.,vata,vantamhā,mhā,.m.$.sg.$.abl.,4
.m.,vata,vantasmā,smā,.m.$.sg.$.abl.,4
.m.,vata,vatā,ā,.m.$.sg.$.abl.,4
.m.,vata,vaṃ,ṃ,.m.$.sg.$.acc.,4
.m.,vata,vantaṃ,ṃ,.m.$.sg.$.acc.,4
.m.,vata,vantassa,ssa,.m.$.sg.$.dat.,4
.m.,vata,vato,o,.m.$.sg.$.dat.,4
.m.,vata,vantassa,ssa,.m.$.sg.$.gen.,4
.m.,vata,vato,o,.m.$.sg.$.gen.,4
.m.,vata,vatā,ā,.m.$.sg.$.inst.,4
.m.,vata,vatena,ena,.m.$.sg.$.inst.,4
.m.,vata,vantamhi,mhi,.m.$.sg.$.loc.,4
.m.,vata,vantasmiṃ,smiṃ,.m.$.sg.$.loc.,4
.m.,vata,vante,e,.m.$.sg.$.loc.,4
.m.,vata,vati,i,.m.$.sg.$.loc.,4
.m.,vata,vā,ā,.m.$.sg.$.nom.,4
.m.,vata,vanto,o,.m.$.sg.$.nom.,4
.m.,vata,va,a,.m.$.sg.$.voc.,4
.m.,vata,vā,ā,.m.$.sg.$.voc.,4
.m.,vata,vaṃ,ṃ,.m.$.sg.$.voc.,4
.m.,vata,vanta,a,.m.$.sg.$.voc.,4
.m.,vata,vantā,ā,.m.$.sg.$.voc.,4
.nt.,vata,vantebhi,ebhi,.nt.$.pl.$.abl.,4
.nt.,vata,vantehi,ehi,.nt.$.pl.$.abl.,4
.nt.,vata,vante,e,.nt.$.pl.$.acc.,4
.nt.,vata,vantānaṃ,ānaṃ,.nt.$.pl.$.dat.,4
.nt.,vata,vataṃ,aṃ,.nt.$.pl.$.dat.,4
.nt.,vata,vantānaṃ,ānaṃ,.nt.$.pl.$.gen.,4
.nt.,vata,vataṃ,aṃ,.nt.$.pl.$.gen.,4
.nt.,vata,vantebhi,ebhi,.nt.$.pl.$.inst.,4
.nt.,vata,vantehi,ehi,.nt.$.pl.$.inst.,4
.nt.,vata,vantesu,esu,.nt.$.pl.$.loc.,4
.nt.,vata,vā,vā,.nt.$.pl.$.nom.,4
.nt.,vata,vantā,ā,.nt.$.pl.$.nom.,4
.nt.,vata,vanto,o,.nt.$.pl.$.nom.,4
.nt.,vata,vā,vā,.nt.$.pl.$.voc.,4
.nt.,vata,vantā,ā,.nt.$.pl.$.voc.,4
.nt.,vata,vanto,o,.nt.$.pl.$.voc.,4
.nt.,vata,vantā,ā,.nt.$.sg.$.abl.,4
.nt.,vata,vantamhā,amhā,.nt.$.sg.$.abl.,4
.nt.,vata,vantasmā,asmā,.nt.$.sg.$.abl.,4
.nt.,vata,vatā,ā,.nt.$.sg.$.abl.,4
.nt.,vata,vaṃ,vaṃ,.nt.$.sg.$.acc.,4
.nt.,vata,vantaṃ,aṃ,.nt.$.sg.$.acc.,4
.nt.,vata,vantassa,assa,.nt.$.sg.$.dat.,4
.nt.,vata,vato,o,.nt.$.sg.$.dat.,4
.nt.,vata,vantassa,assa,.nt.$.sg.$.gen.,4
.nt.,vata,vato,o,.nt.$.sg.$.gen.,4
.nt.,vata,vatā,ā,.nt.$.sg.$.inst.,4
.nt.,vata,vatena,ena,.nt.$.sg.$.inst.,4
.nt.,vata,vantamhi,amhi,.nt.$.sg.$.loc.,4
.nt.,vata,vantasmiṃ,asmiṃ,.nt.$.sg.$.loc.,4
.nt.,vata,vante,e,.nt.$.sg.$.loc.,4
.nt.,vata,vati,i,.nt.$.sg.$.loc.,4
.nt.,vata,vaṃ,vaṃ,.nt.$.sg.$.nom.,4
.nt.,vata,vantaṃ,aṃ,.nt.$.sg.$.nom.,4
.nt.,vata,va,a,.nt.$.sg.$.voc.,4
.nt.,vata,vā,ā,.nt.$.sg.$.voc.,4
.nt.,vata,vaṃ,ṃ,.nt.$.sg.$.voc.,4
.nt.,vata,vanta,a,.nt.$.sg.$.voc.,4
.nt.,vata,vantā,ā,.nt.$.sg.$.voc.,4
